customer_id,total_spend,total_visits,atv,total_item_count,cancellation_rate,unique_products,time_of_day,day_of_week,discount_rate,loyalty_member
12346,258.679999999993,17,15.216470588234884,66,0.29411764705882354,30,13,0,0.15384615384615385,1
12347,4921.53,8,615.19125,2967,0.0,126,14,1,0.12162162162162163,0
12348,1817.8,5,363.56,2234,0.0,25,14,0,0.0851063829787234,0
12349,4404.54,5,880.908,1619,0.2,139,9,3,0.10555555555555556,0
12350,334.4,1,334.4,197,0.0,17,16,2,0.11764705882352941,0
12351,300.93,1,300.93,261,0.0,21,15,0,0.14285714285714285,1
12352,1609.16,13,123.78153846153847,657,0.23076923076923078,70,14,1,0.11818181818181818,1
12353,406.76,2,203.38,212,0.0,23,12,2,0.08333333333333333,0
12354,1079.4,1,1079.4,530,0.0,58,13,3,0.20689655172413793,0
12355,947.61,2,473.805,543,0.0,35,11,4,0.11428571428571428,1
12356,6369.18,6,1061.53,3415,0.0,104,9,0,0.07801418439716312,1
12357,18287.66,3,6095.886666666666,6587,0.0,261,10,1,0.11486486486486487,0
12358,3878.82,5,775.764,1074,0.0,56,10,0,0.15789473684210525,1
12359,8537.59,14,609.8278571428572,2504,0.2857142857142857,305,12,0,0.14324324324324325,0
12360,4212.89,9,468.09888888888895,2458,0.1111111111111111,160,9,1,0.11467889908256881,0
12361,511.25,4,127.8125,235,0.0,18,15,4,0.06896551724137931,0
12362,5284.58,14,377.46999999999997,2213,0.21428571428571427,201,15,3,0.14909090909090908,0
12363,552.0,2,276.0,408,0.0,23,13,0,0.17391304347826086,1
12364,1313.1,4,328.275,1506,0.0,70,15,4,0.15294117647058825,0
12365,320.69,3,106.89666666666666,173,0.3333333333333333,22,13,0,0.08695652173913043,1
12366,500.24,1,500.24,296,0.0,3,10,1,0.0,0
12367,168.9,1,168.9,173,0.0,11,16,0,0.18181818181818182,0
12368,917.6999999999999,1,917.6999999999999,330,0.0,18,15,6,0.05555555555555555,1
12369,1791.15,3,597.0500000000001,1241,0.0,90,14,3,0.13978494623655913,1
12370,4316.56,7,616.6514285714286,2604,0.0,168,12,1,0.13432835820895522,1
12371,4067.38,5,813.476,1436,0.0,134,13,1,0.1377245508982036,0
12372,1298.04,3,432.68,794,0.0,34,12,2,0.11538461538461539,0
12373,1127.65,3,375.8833333333334,516,0.0,36,13,3,0.09803921568627451,0
12374,2989.2200000000003,4,747.3050000000001,1362,0.0,79,14,4,0.12048192771084337,0
12375,455.42,3,151.80666666666667,177,0.3333333333333333,14,14,4,0.16666666666666666,0
12376,503.15,2,251.575,240,0.0,11,8,0,0.07692307692307693,0
12377,3426.32,4,856.58,2105,0.0,129,15,3,0.16447368421052633,0
12378,5416.32,2,2708.16,3316,0.0,281,10,1,0.08970099667774087,0
12379,1618.27,5,323.654,814,0.2,58,14,2,0.12195121951219512,0
12380,7888.0,15,525.8666666666667,3325,0.26666666666666666,156,15,1,0.08480565371024736,0
12381,1803.96,6,300.66,783,0.16666666666666666,70,9,4,0.0989010989010989,1
12382,-18.38,1,-18.38,-1,1.0,1,16,1,0.0,0
12383,1839.31,6,306.5516666666667,1529,0.16666666666666666,84,14,2,0.17,1
12384,566.16,3,188.72,121,0.3333333333333333,26,11,2,0.26666666666666666,1
12385,1923.4,2,961.7,611,0.5,65,15,3,0.13636363636363635,0
12386,401.9,2,200.95,354,0.0,10,9,2,0.3,0
12387,143.94,1,143.94,134,0.0,9,16,2,0.3333333333333333,0
12388,3901.11,8,487.63875,2001,0.0,83,12,3,0.11643835616438356,0
12389,1433.33,3,477.77666666666664,614,0.0,41,11,1,0.12244897959183673,1
12390,549.84,1,549.84,353,0.0,32,9,2,0.125,0
12391,2669.89,7,381.41285714285715,1183,0.14285714285714285,241,12,2,0.09433962264150944,0
12392,234.75000000000003,1,234.75000000000003,73,0.0,7,14,1,0.14285714285714285,0
12393,2343.55,7,334.79285714285714,1297,0.14285714285714285,63,9,0,0.12612612612612611,0
12394,1272.48,2,636.24,819,0.0,26,14,4,0.1111111111111111,0
12395,4700.82,18,261.15666666666664,3200,0.16666666666666666,145,16,4,0.10612244897959183,0
12396,931.43,1,931.43,591,0.0,65,13,2,0.2,1
12397,2409.9,2,1204.95,1263,0.0,110,14,2,0.09523809523809523,0
12398,1635.6599999999999,1,1635.6599999999999,1394,0.0,85,10,1,0.1411764705882353,1
12399,1962.3,7,280.3285714285714,2198,0.0,67,9,4,0.09090909090909091,1
12400,205.25,1,205.25,91,0.0,11,13,3,0.09090909090909091,1
12401,84.3,1,84.3,11,0.0,5,13,2,0.2,0
12402,1244.15,7,177.7357142857143,583,0.14285714285714285,43,12,6,0.09859154929577464,1
12403,1001.36,3,333.7866666666667,259,0.3333333333333333,5,10,4,0.2,1
12404,63.24,1,63.24,1,0.0,1,16,1,1.0,0
12405,1710.39,1,1710.39,857,0.0,54,8,3,0.12962962962962962,0
12406,6030.96,7,861.5657142857143,3358,0.2857142857142857,114,19,3,0.11834319526627218,0
12407,1708.1200000000001,5,341.624,1416,0.0,57,9,2,0.09090909090909091,0
12408,4279.64,14,305.68857142857144,2186,0.42857142857142855,104,13,4,0.1,0
12409,23090.47,13,1776.19,13027,0.46153846153846156,177,10,4,0.10294117647058823,1
12410,1001.46,4,250.365,339,0.25,36,10,4,0.14285714285714285,0
12411,346.9,1,346.9,138,0.0,22,9,1,0.2727272727272727,1
12412,2581.03,8,322.62875,1991,0.25,82,13,0,0.11450381679389313,0
12413,935.5,6,155.91666666666666,315,0.3333333333333333,41,16,3,0.1320754716981132,0
12414,692.41,8,86.55125,301,0.25,21,14,3,0.13513513513513514,0
12415,143269.29,33,4341.493636363637,91315,0.15151515151515152,498,15,2,0.1191919191919192,0
12416,202.56,1,202.56,132,0.0,11,10,6,0.18181818181818182,0
12417,6688.71,27,247.73,2870,0.25925925925925924,270,10,3,0.12894736842105264,1
12418,2016.95,5,403.39,1087,0.2,90,11,4,0.1262135922330097,0
12419,503.01,2,251.505,231,0.0,23,10,4,0.12,0
12420,600.39,1,600.39,345,0.0,29,8,4,0.06896551724137931,1
12421,1092.83,8,136.60375,647,0.25,45,13,2,0.23880597014925373,1
12422,4119.35,21,196.15952380952382,2591,0.19047619047619047,137,13,4,0.14772727272727273,0
12423,2612.19,11,237.47181818181818,1781,0.09090909090909091,128,10,0,0.10843373493975904,0
12424,3289.78,7,469.96857142857147,2015,0.42857142857142855,80,10,2,0.12371134020618557,0
12425,1680.81,3,560.27,1103,0.3333333333333333,87,14,4,0.06315789473684211,1
12426,1311.41,3,437.1366666666667,577,0.3333333333333333,73,8,0,0.14634146341463414,1
12427,708.37,5,141.674,236,0.4,26,15,0,0.11428571428571428,1
12428,7877.2,12,656.4333333333333,3503,0.25,258,9,1,0.14333333333333334,0
12429,6154.01,9,683.7788888888889,2770,0.1111111111111111,124,12,4,0.11688311688311688,0
12430,256.4,1,256.4,117,0.0,11,15,3,0.0,0
12431,10293.66,33,311.9290909090909,4544,0.18181818181818182,244,9,3,0.13316582914572864,0
12432,5059.32,5,1011.8639999999999,1801,0.0,107,13,0,0.09259259259259259,1
12433,16641.74,11,1512.8854545454546,13533,0.09090909090909091,286,13,4,0.13214285714285715,1
12434,1062.48,5,212.496,511,0.4,62,13,4,0.06756756756756757,0
12435,13925.93,6,2320.9883333333332,4958,0.0,88,16,3,0.15178571428571427,1
12436,509.01,1,509.01,211,0.0,16,12,3,0.1875,0
12437,12394.85,47,263.72021276595746,7931,0.1702127659574468,274,9,2,0.1320754716981132,0
12438,2906.85,2,1453.425,1180,0.0,84,13,4,0.14285714285714285,0
12439,1089.18,3,363.06,448,0.3333333333333333,69,8,0,0.12162162162162163,0
12440,768.15,3,256.05,308,0.3333333333333333,21,12,1,0.02857142857142857,0
12441,173.55,1,173.55,121,0.0,11,10,2,0.36363636363636365,0
12442,172.06,1,172.06,182,0.0,12,14,1,0.25,0
12443,485.31,1,485.31,182,0.0,21,15,0,0.047619047619047616,1
12444,5005.46,5,1001.092,1153,0.0,138,14,1,0.125,0
12445,426.48,3,142.16,204,0.3333333333333333,24,12,4,0.08,1
12446,1002.3100000000001,1,1002.3100000000001,352,0.0,58,12,3,0.08620689655172414,1
12447,476.49,1,476.49,190,0.0,26,13,6,0.11538461538461539,0
12448,449.45,1,449.45,243,0.0,22,13,2,0.22727272727272727,0
12449,4835.89,6,805.9816666666667,2282,0.0,125,9,3,0.12935323383084577,0
12450,666.95,7,95.27857142857144,435,0.2857142857142857,31,16,6,0.15,0
12451,12546.53,10,1254.653,9226,0.2,352,12,2,0.1303501945525292,0
12452,428.57,3,142.85666666666665,183,0.3333333333333333,21,8,2,0.0,0
12453,707.09,1,707.09,473,0.0,43,14,3,0.23255813953488372,0
12454,4292.71,9,476.96777777777777,2232,0.4444444444444444,25,17,1,0.1111111111111111,0
12455,5879.95,10,587.995,3302,0.0,199,12,4,0.1145374449339207,0
12456,3153.89,4,788.4725,1616,0.25,105,15,2,0.12403100775193798,0
12457,2472.31,14,176.59357142857144,937,0.42857142857142855,63,15,3,0.07608695652173914,0
12458,1777.49,4,444.3725,986,0.0,71,10,0,0.11904761904761904,1
12459,454.36,1,454.36,258,0.0,23,14,1,0.13043478260869565,0
12460,326.65,1,326.65,170,0.0,18,13,3,0.1111111111111111,0
12461,826.88,2,413.44,287,0.0,35,10,4,0.05714285714285714,1
12462,1124.01,4,281.0025,514,0.5,51,14,2,0.125,0
12463,1303.63,7,186.23285714285717,757,0.42857142857142855,66,13,1,0.11363636363636363,0
12464,1212.05,8,151.50625,112,0.0,6,13,3,0.10344827586206896,0
12465,733.89,3,244.63,475,0.3333333333333333,46,13,3,0.058823529411764705,0
12466,56.73,1,56.73,1,0.0,1,16,1,0.0,0
12467,0.0,2,0.0,0,0.5,9,15,1,0.0,0
12468,3624.55,10,362.45500000000004,2184,0.5,130,10,4,0.15950920245398773,1
12469,3070.54,2,1535.27,2552,0.0,76,12,0,0.09210526315789473,1
12470,211.95,1,211.95,95,0.0,23,11,1,0.17391304347826086,0
12471,37925.01,129,293.9923255813954,16440,0.3875968992248062,256,12,0,0.12364760432766615,1
12472,15447.69,37,417.50513513513516,9978,0.4864864864864865,400,12,0,0.10880829015544041,1
12473,2413.67,9,268.18555555555554,2337,0.4444444444444444,140,11,0,0.08571428571428572,0
12474,11948.75,54,221.27314814814815,7787,0.42592592592592593,369,12,1,0.1116951379763469,0
12475,1149.64,2,574.82,771,0.0,54,10,0,0.16393442622950818,0
12476,13634.62,38,358.80578947368423,5529,0.39473684210526316,358,10,1,0.09982174688057041,1
12477,20173.64,12,1681.1366666666665,6086,0.25,296,9,4,0.1048951048951049,0
12478,680.99,1,680.99,236,0.0,36,9,1,0.19444444444444445,0
12479,477.3,3,159.1,351,0.6666666666666666,31,13,0,0.11428571428571428,0
12480,5435.1,8,679.3875,2947,0.125,177,14,4,0.1673469387755102,1
12481,12041.15,18,668.9527777777778,7020,0.16666666666666666,248,13,2,0.11979166666666667,0
12482,21893.53,32,684.1728125,27039,0.09375,42,16,2,0.1111111111111111,0
12483,4823.47,27,178.64703703703705,2133,0.2962962962962963,68,11,1,0.12244897959183673,0
12484,6105.56,16,381.5975,3177,0.25,330,14,4,0.09347826086956522,0
12485,708.1,1,708.1,414,0.0,34,15,0,0.11764705882352941,0
12486,1037.28,1,1037.28,523,0.0,49,12,0,0.14285714285714285,0
12487,259.79999999999995,2,129.89999999999998,144,0.5,3,11,2,0.0,0
12488,1298.66,3,432.8866666666667,529,0.0,46,10,2,0.09090909090909091,1
12489,334.93,1,334.93,105,0.0,15,13,4,0.2,1
12490,9818.64,22,446.30181818181813,5902,0.045454545454545456,195,14,4,0.11231101511879049,0
12491,413.6,1,413.6,188,0.0,25,12,1,0.16,0
12492,715.21,3,238.40333333333334,444,0.0,38,14,0,0.07142857142857142,0
12493,416.79,3,138.93,206,0.3333333333333333,20,14,3,0.043478260869565216,0
12494,1685.92,17,99.17176470588235,952,0.47058823529411764,83,13,3,0.14285714285714285,0
12495,323.4,2,161.7,126,0.5,17,10,1,0.3157894736842105,0
12496,45.34,2,22.67,30,0.0,10,13,0,0.2,1
12497,6211.75,4,1552.9375,5684,0.25,42,12,3,0.1206896551724138,1
12498,403.70000000000005,3,134.5666666666667,159,0.0,21,9,3,0.043478260869565216,0
12499,393.72,1,393.72,302,0.0,27,15,4,0.25925925925925924,0
12500,5872.31,25,234.8924,3360,0.24,89,9,3,0.10897435897435898,1
12501,2089.68,2,1044.84,1722,0.5,149,12,4,0.125,0
12502,3723.87,5,744.774,820,0.0,102,11,3,0.12244897959183673,0
12503,0.0,2,0.0,560,0.5,3,13,1,0.0,0
12504,411.0,6,68.5,419,0.3333333333333333,11,10,0,0.11538461538461539,1
12505,908.0,3,302.6666666666667,313,0.6666666666666666,43,9,2,0.14893617021276595,0
12506,73.5,1,73.5,23,0.0,23,8,3,0.17391304347826086,0
12507,1797.31,5,359.462,1256,0.2,46,9,1,0.058823529411764705,1
12508,390.36,2,195.18,255,0.0,57,16,3,0.109375,1
12509,176.5,1,176.5,55,0.0,7,14,0,0.14285714285714285,0
12510,3689.33,16,230.583125,2018,0.4375,94,14,4,0.06493506493506493,0
12511,3065.77,2,1532.885,1748,0.5,190,10,3,0.09278350515463918,0
12512,132.18,2,66.09,96,0.0,31,14,1,0.12903225806451613,0
12513,586.79,2,293.395,456,0.5,35,10,4,0.19444444444444445,0
12514,1597.76,2,798.88,840,0.0,76,16,3,0.07142857142857142,0
12515,383.7,1,383.7,131,0.0,16,15,1,0.125,0
12516,2648.62,4,662.155,1952,0.0,49,9,0,0.08108108108108109,0
12517,2410.51,6,401.7516666666667,1310,0.16666666666666666,232,15,3,0.10989010989010989,0
12518,2056.89,5,411.378,1318,0.0,84,10,4,0.0967741935483871,0
12519,685.19,3,228.39666666666668,380,0.3333333333333333,34,8,4,0.04878048780487805,0
12520,2582.51,6,430.41833333333335,1430,0.16666666666666666,121,11,4,0.09032258064516129,1
12521,599.68,1,599.68,309,0.0,38,10,2,0.15789473684210525,0
12522,192.72,2,96.36,194,0.0,11,14,0,0.16666666666666666,0
12523,4201.05,30,140.035,2236,0.23333333333333334,176,12,3,0.13257575757575757,1
12524,11091.36,18,616.1866666666667,7173,0.05555555555555555,157,11,0,0.10330578512396695,0
12525,835.1800000000001,8,104.39750000000001,487,0.625,56,14,1,0.09090909090909091,0
12526,1316.66,3,438.8866666666667,632,0.0,64,9,0,0.11267605633802817,0
12527,735.51,5,147.102,526,0.0,26,15,0,0.1875,1
12528,1922.28,8,240.285,750,0.25,50,9,2,0.1368421052631579,1
12529,311.78000000000003,2,155.89000000000001,190,0.5,21,13,1,0.21739130434782608,0
12530,3689.86,12,307.48833333333334,2698,0.25,94,14,0,0.14814814814814814,1
12531,1899.05,3,633.0166666666667,1104,0.3333333333333333,126,14,4,0.15789473684210525,0
12532,349.83000000000004,1,349.83000000000004,153,0.0,16,13,2,0.125,1
12533,1149.99,6,191.665,568,0.6666666666666666,63,11,1,0.15555555555555556,0
12534,1089.18,1,1089.18,651,0.0,63,10,0,0.1111111111111111,0
12535,716.35,2,358.175,219,0.0,28,12,0,0.0,0
12536,4111.46,5,822.292,2668,0.4,260,14,1,0.08823529411764706,1
12537,732.94,1,732.94,449,0.0,43,8,2,0.09302325581395349,0
12538,640.45,2,320.225,336,0.0,33,17,3,0.08823529411764706,0
12539,9498.9,8,1187.3625,4534,0.125,277,13,2,0.11683168316831684,0
12540,22107.29,36,614.0913888888889,11009,0.08333333333333333,355,12,1,0.10838709677419354,0
12541,981.18,3,327.06,680,0.0,46,10,3,0.057692307692307696,0
12542,423.38,4,105.845,514,0.5,39,16,1,0.1111111111111111,1
12543,980.25,1,980.25,688,0.0,43,15,4,0.20930232558139536,0
12544,355.7,2,177.85,132,0.5,19,16,3,0.1,0
12545,1000.39,2,500.195,523,0.0,42,12,4,0.14,0
12546,1141.5,3,380.5,617,0.3333333333333333,59,9,4,0.07142857142857142,0
12547,383.58,3,127.86,309,0.0,13,13,1,0.047619047619047616,0
12548,95.19999999999999,1,95.19999999999999,49,0.0,5,15,6,0.0,0
12549,1575.68,6,262.61333333333334,1366,0.0,38,12,0,0.10204081632653061,0
12550,964.83,1,964.83,569,0.0,57,14,2,0.10526315789473684,1
12551,168.0,1,168.0,100,0.0,10,11,4,0.2,0
12552,437.82,2,218.91,88,0.0,20,12,0,0.15,0
12553,4548.82,17,267.5776470588235,2282,0.29411764705882354,109,10,4,0.11065573770491803,0
12554,468.5,1,468.5,240,0.0,26,12,4,0.038461538461538464,0
12555,129.23,1,129.23,1,0.0,1,16,1,0.0,0
12556,585.06,2,292.53,341,0.0,100,13,0,0.14035087719298245,0
12557,18096.14,8,2262.0175,6382,0.0,15,10,0,0.20754716981132076,0
12558,1.0658141036401503e-14,2,5.329070518200751e-15,0,0.5,11,10,3,0.045454545454545456,0
12559,536.21,3,178.73666666666668,281,0.3333333333333333,21,10,0,0.09090909090909091,1
12560,2101.39,4,525.3475,1078,0.25,92,15,1,0.0990990990990991,0
12561,238.85,1,238.85,177,0.0,16,11,3,0.125,0
12562,4966.92,9,551.88,2327,0.0,113,9,3,0.11594202898550725,0
12563,249.24,1,249.24,113,0.0,13,9,2,0.07692307692307693,0
12564,456.9,1,456.9,133,0.0,21,14,2,0.14285714285714285,0
12565,131.17,2,65.585,75,0.5,9,10,3,0.1,1
12566,346.7,2,173.35,264,0.5,19,14,2,0.0,0
12567,11451.44,17,673.6141176470588,5086,0.11764705882352941,365,11,6,0.12173913043478261,1
12568,70.0,1,70.0,48,0.0,5,9,4,0.2,0
12569,4064.9900000000002,35,116.14257142857143,1793,0.08571428571428572,92,14,3,0.07329842931937172,0
12570,77.52,1,77.52,1,0.0,1,17,1,0.0,1
12571,519.61,2,259.805,523,0.0,31,10,0,0.11764705882352941,1
12572,1004.72,3,334.9066666666667,450,0.3333333333333333,53,8,2,0.14516129032258066,0
12573,714.06,5,142.81199999999998,476,0.0,107,13,1,0.11965811965811966,0
12574,218.45,1,218.45,61,0.0,11,9,4,0.0,1
12575,622.8199999999999,2,311.40999999999997,315,0.0,34,9,3,0.15789473684210525,0
12576,2083.87,11,189.44272727272727,1479,0.2727272727272727,114,10,4,0.08843537414965986,1
12577,1545.2,9,171.6888888888889,1175,0.1111111111111111,259,13,1,0.10472972972972973,0
12578,4572.45,7,653.2071428571428,2334,0.42857142857142855,150,15,3,0.09392265193370165,1
12579,410.72,3,136.90666666666667,278,0.6666666666666666,29,17,3,0.03225806451612903,0
12580,1052.9,2,526.45,569,0.0,52,11,2,0.1206896551724138,0
12581,197.71,1,197.71,161,0.0,15,8,0,0.0,0
12582,1980.4,4,495.1,985,0.0,88,9,1,0.1941747572815534,1
12583,13489.039999999999,31,435.13032258064516,8483,0.12903225806451613,141,12,4,0.07982261640798226,0
12584,1893.95,18,105.21944444444445,354,0.5,44,13,1,0.10317460317460317,0
12585,1982.81,4,495.7025,1258,0.5,77,12,3,0.1134020618556701,0
12586,2045.67,5,409.134,685,0.2,82,10,1,0.08421052631578947,0
12587,144.0,1,144.0,51,0.0,4,12,4,0.25,0
12588,938.98,5,187.796,434,0.2,31,12,4,0.0625,1
12589,3094.17,11,281.28818181818184,1369,0.2727272727272727,121,11,3,0.13679245283018868,0
12590,9853.48,5,1970.696,4277,0.6,70,14,3,0.1527777777777778,0
12591,1338.95,3,446.31666666666666,653,0.0,63,10,2,0.08823529411764706,0
12592,1152.62,8,144.0775,1872,0.375,42,14,3,0.07142857142857142,0
12593,418.09999999999997,3,139.36666666666665,206,0.0,14,9,3,0.14285714285714285,1
12594,5044.51,17,296.7358823529412,2743,0.11764705882352941,78,12,1,0.13366336633663367,1
12595,299.02,1,299.02,271,0.0,19,9,4,0.05263157894736842,0
12596,618.27,2,309.135,474,0.0,25,13,0,0.07407407407407407,0
12597,3683.13,5,736.626,2187,0.2,184,13,6,0.1261682242990654,1
12598,4414.67,15,294.3113333333333,2840,0.26666666666666666,130,12,0,0.13744075829383887,0
12599,2296.72,13,176.67076923076922,2189,0.0,47,13,1,0.09022556390977443,0
12600,4879.29,26,187.665,1374,0.19230769230769232,54,10,4,0.10869565217391304,0
12601,673.76,7,96.25142857142858,289,0.14285714285714285,24,10,3,0.02857142857142857,0
12602,153.12,1,153.12,162,0.0,12,11,2,0.16666666666666666,0
12603,739.1999999999999,1,739.1999999999999,64,0.0,3,10,4,0.0,1
12604,254.18,2,127.09,201,0.0,15,12,2,0.3125,0
12605,1225.45,5,245.09,925,0.2,63,14,1,0.0759493670886076,0
12606,21.0,1,21.0,1,0.0,1,16,1,0.0,0
12607,3.552713678800501e-15,2,1.7763568394002505e-15,0,0.5,101,16,0,0.1188118811881188,1
12608,415.79,1,415.79,323,0.0,16,10,6,0.1875,0
12609,3417.86,10,341.786,1552,0.1,129,12,3,0.07954545454545454,0
12610,2057.99,7,293.9985714285714,1028,0.2857142857142857,85,13,4,0.15315315315315314,1
12611,1193.32,1,1193.32,846,0.0,65,13,1,0.06153846153846154,0
12612,643.59,2,321.795,251,0.5,19,15,0,0.19047619047619047,0
12613,6512.32,13,500.9476923076923,4027,0.23076923076923078,219,14,3,0.1308139534883721,0
12614,315.6,1,315.6,76,0.0,20,10,0,0.15,0
12615,5564.88,11,505.89818181818185,3295,0.2727272727272727,199,14,4,0.09712230215827339,0
12616,1045.35,7,149.33571428571426,481,0.5714285714285714,32,11,1,0.06779661016949153,1
12617,341.63,1,341.63,199,0.0,39,14,3,0.15384615384615385,0
12618,177.31,1,177.31,96,0.0,11,11,4,0.18181818181818182,1
12619,3354.95,14,239.6392857142857,3494,0.2857142857142857,55,14,3,0.06666666666666667,1
12620,1339.41,3,446.47,1181,0.0,89,10,4,0.08695652173913043,0
12621,24114.7,44,548.0613636363637,13648,0.20454545454545456,344,12,3,0.13212435233160622,0
12622,180.1,1,180.1,69,0.0,11,16,3,0.0,0
12623,3639.84,9,404.4266666666667,1966,0.2222222222222222,112,11,1,0.09659090909090909,1
12624,641.13,2,320.565,355,0.0,36,12,2,0.10526315789473684,1
12625,5095.38,5,1019.076,3274,0.2,145,15,3,0.10106382978723404,1
12626,6388.35,13,491.4115384615385,3350,0.3076923076923077,232,11,3,0.1498371335504886,0
12627,4478.53,7,639.79,2752,0.0,162,15,3,0.1391304347826087,0
12628,769.61,4,192.4025,445,0.25,34,9,3,0.16279069767441862,1
12629,1558.22,2,779.11,722,0.0,40,9,4,0.08888888888888889,0
12630,1270.88,2,635.44,548,0.0,60,10,3,0.0625,1
12631,3452.27,7,493.18142857142857,1593,0.14285714285714285,131,13,3,0.10752688172043011,1
12632,738.88,4,184.72,668,0.5,32,9,2,0.13157894736842105,0
12633,5595.21,10,559.521,3207,0.3,220,11,4,0.13099041533546327,1
12634,490.0,2,245.0,337,0.0,20,15,2,0.1,0
12635,2930.41,4,732.6025,1949,0.0,159,11,4,0.11731843575418995,1
12636,141.0,1,141.0,1,0.0,1,9,1,0.0,1
12637,8126.62,14,580.4728571428572,4201,0.14285714285714285,295,15,3,0.12395309882747069,0
12638,921.49,2,460.745,663,0.0,47,13,6,0.08333333333333333,0
12639,1312.37,3,437.45666666666665,631,0.0,58,12,4,0.15625,0
12640,1174.58,3,391.52666666666664,311,0.0,47,12,0,0.07547169811320754,1
12641,185.9,1,185.9,72,0.0,10,13,1,0.1,0
12642,1013.26,3,337.75333333333333,552,0.0,39,9,2,0.1276595744680851,0
12643,7835.3,14,559.6642857142857,4357,0.14285714285714285,14,12,2,0.12727272727272726,1
12644,1815.54,6,302.59,1001,0.3333333333333333,106,10,1,0.10569105691056911,1
12645,3499.1,10,349.90999999999997,2089,0.2,111,12,2,0.12269938650306748,0
12646,1346.97,2,673.485,897,0.0,43,12,4,0.2,0
12647,16713.99,45,371.422,6566,0.2,241,12,4,0.10986964618249534,0
12648,1097.0,5,219.4,514,0.2,38,10,1,0.10606060606060606,1
12649,2258.5,10,225.85,1942,0.2,94,14,2,0.11475409836065574,1
12650,314.44,1,314.44,254,0.0,20,16,1,0.05,0
12651,365.3,5,73.06,262,0.2,30,12,4,0.125,1
12652,1011.58,3,337.1933333333333,533,0.3333333333333333,51,15,2,0.09259259259259259,0
12653,4160.83,3,1386.9433333333334,1681,0.0,76,9,3,0.11627906976744186,1
12654,601.98,5,120.396,264,0.0,31,10,3,0.07894736842105263,0
12655,261.35,1,261.35,80,0.0,16,9,1,0.1875,0
12656,6320.78,12,526.7316666666667,2841,0.3333333333333333,174,9,2,0.11067193675889328,1
12657,1152.06,5,230.41199999999998,654,0.2,35,11,3,0.017857142857142856,0
12658,686.05,1,686.05,320,0.0,36,10,0,0.1111111111111111,0
12659,91.68,1,91.68,105,0.0,5,11,3,0.0,0
12660,245.1,1,245.1,127,0.0,13,13,0,0.38461538461538464,0
12661,162.0,1,162.0,216,0.0,11,16,2,0.09090909090909091,0
12662,6687.6900000000005,22,303.9859090909091,3403,0.09090909090909091,163,13,1,0.1111111111111111,0
12663,204.0,3,68.0,169,0.3333333333333333,9,14,1,0.09090909090909091,0
12664,6052.04,12,504.33666666666664,1494,0.08333333333333333,10,11,1,0.13043478260869565,0
12665,301.45,5,60.29,157,0.4,13,15,0,0.14285714285714285,0
12666,1020.98,2,510.49,314,0.5,31,16,2,0.2727272727272727,1
12667,620.13,1,620.13,395,0.0,33,17,2,0.18181818181818182,1
12668,11244.06,12,937.005,4990,0.16666666666666666,263,15,6,0.11623616236162361,1
12669,1607.73,4,401.9325,1114,0.25,98,10,0,0.09803921568627451,0
12670,3750.39,8,468.79875,1621,0.125,71,10,3,0.08547008547008547,1
12671,2622.481,1,2622.481,1460,0.0,45,16,0,0.13333333333333333,0
12672,410.5,3,136.83333333333334,131,0.3333333333333333,22,9,4,0.08,0
12673,1230.02,3,410.00666666666666,700,0.0,68,10,2,0.05405405405405406,1
12674,1922.26,7,274.60857142857145,1103,0.42857142857142855,52,9,1,0.14444444444444443,1
12675,933.55,4,233.3875,334,0.5,111,16,0,0.08771929824561403,0
12676,2773.09,12,231.09083333333334,1865,0.08333333333333333,67,13,4,0.17592592592592593,0
12677,389.3,3,129.76666666666668,174,0.3333333333333333,14,14,2,0.17391304347826086,1
12678,33851.13,23,1471.7882608695652,22233,0.08695652173913043,199,11,3,0.11286089238845144,1
12679,1058.67,9,117.63000000000001,530,0.5555555555555556,45,12,1,0.14285714285714285,0
12680,880.81,4,220.2025,444,0.0,33,12,3,0.24528301886792453,0
12681,29518.24,56,527.1114285714286,16915,0.19642857142857142,459,11,2,0.1169993117687543,0
12682,22862.12,53,431.3607547169811,10513,0.018867924528301886,327,13,1,0.1159274193548387,0
12683,11355.52,27,420.57481481481483,6933,0.2222222222222222,236,15,3,0.1222879684418146,0
12684,2283.63,7,326.23285714285714,1985,0.0,61,10,1,0.14285714285714285,0
12685,2863.08,6,477.18,1523,0.0,117,10,3,0.1337579617834395,0
12686,89.14,1,89.14,107,0.0,7,9,4,0.14285714285714285,0
12687,2138.91,2,1069.455,1403,0.0,126,12,0,0.15873015873015872,0
12688,4873.8099999999995,1,4873.8099999999995,3028,0.0,171,8,3,0.09941520467836257,1
12689,1247.61,2,623.805,628,0.0,57,8,0,0.1527777777777778,1
12690,389.01,1,389.01,106,0.0,16,9,2,0.125,0
12691,1170.4,7,167.20000000000002,445,0.0,24,12,4,0.07692307692307693,0
12692,110.95,1,110.95,36,0.0,13,14,4,0.23076923076923078,0
12693,1640.42,11,149.1290909090909,524,0.36363636363636365,63,13,0,0.10843373493975904,1
12694,1839.45,4,459.8625,1353,0.25,69,19,3,0.15476190476190477,1
12695,1407.1200000000001,7,201.0171428571429,454,0.0,46,13,4,0.1694915254237288,0
12696,801.15,3,267.05,563,0.3333333333333333,44,10,4,0.06,1
12697,939.02,5,187.804,499,0.4,37,15,3,0.13953488372093023,0
12698,339.75,1,339.75,111,0.0,16,15,2,0.25,0
12699,638.11,1,638.11,373,0.0,41,12,0,0.0975609756097561,0
12700,4867.99,6,811.3316666666666,2963,0.3333333333333333,193,9,2,0.12962962962962962,0
12701,2446.41,6,407.73499999999996,1727,0.0,118,10,1,0.17006802721088435,1
12702,219.0,1,219.0,53,0.0,12,10,6,0.0,0
12703,892.18,7,127.4542857142857,539,0.42857142857142855,56,12,6,0.13095238095238096,1
12704,2220.84,10,222.084,1003,0.2,64,10,3,0.07777777777777778,0
12705,11554.0,22,525.1818181818181,7108,0.36363636363636365,323,14,4,0.10862619808306709,0
12706,-91.89,1,-91.89,-1,1.0,1,16,1,0.0,0
12707,603.42,1,603.42,256,0.0,33,8,0,0.06060606060606061,0
12708,4921.72,30,164.05733333333333,2377,0.4,130,10,0,0.09006211180124224,0
12709,29511.03,55,536.5641818181819,13565,0.38181818181818183,191,13,3,0.13321799307958476,0
12710,1130.57,4,282.6425,849,0.25,75,14,6,0.16455696202531644,1
12711,1339.05,2,669.525,770,0.0,56,11,2,0.15,1
12712,6521.78,28,232.92071428571427,2160,0.25,127,9,4,0.1391941391941392,0
12713,848.55,1,848.55,508,0.0,38,12,4,0.15789473684210525,0
12714,14093.71,12,1174.4758333333332,8774,0.0,436,10,4,0.1221264367816092,0
12715,343.36,1,343.36,192,0.0,20,15,3,0.05,0
12716,1053.49,2,526.745,708,0.0,60,13,4,0.17391304347826086,0
12717,1258.91,4,314.7275,599,0.25,60,14,4,0.05555555555555555,0
12718,238.25,1,238.25,203,0.0,19,16,3,0.05263157894736842,0
12719,608.1,3,202.70000000000002,361,0.3333333333333333,34,13,6,0.2619047619047619,0
12720,7574.49,41,184.74365853658537,5941,0.2682926829268293,263,15,2,0.1411530815109344,1
12721,3933.83,10,393.383,2636,0.2,183,12,2,0.10358565737051793,0
12722,904.33,6,150.72166666666666,560,0.3333333333333333,50,8,2,0.12280701754385964,1
12723,725.07,5,145.014,434,0.0,53,15,2,0.13043478260869565,0
12724,2317.52,7,331.07428571428574,1379,0.0,94,13,1,0.13178294573643412,1
12725,2266.76,4,566.69,1142,0.0,92,13,1,0.1320754716981132,0
12726,4014.6,11,364.96363636363634,4618,0.0,63,14,4,0.1787709497206704,1
12727,5646.53,12,470.5441666666666,2819,0.16666666666666666,132,11,3,0.15121951219512195,1
12728,1070.17,5,214.03400000000002,543,0.0,48,13,6,0.13114754098360656,0
12729,453.01,1,453.01,233,0.0,26,11,3,0.07692307692307693,0
12730,829.25,1,829.25,234,0.0,47,12,1,0.14893617021276595,0
12731,25673.21,19,1351.2215789473685,11570,0.10526315789473684,137,15,3,0.10606060606060606,1
12732,236.26000000000002,1,236.26000000000002,111,0.0,12,11,0,0.16666666666666666,0
12733,2243.57,6,373.92833333333334,862,0.3333333333333333,117,13,1,0.14193548387096774,0
12734,639.65,3,213.21666666666667,265,0.0,17,11,1,0.05263157894736842,0
12735,779.5699999999999,2,389.78499999999997,368,0.0,38,14,3,0.11627906976744186,1
12736,234.0,1,234.0,173,0.0,4,7,1,0.0,0
12737,3710.5,2,1855.25,2,0.0,2,12,3,0.0,1
12738,155.35,1,155.35,148,0.0,11,18,3,0.09090909090909091,0
12739,2726.73,4,681.6825,951,0.0,85,14,2,0.12359550561797752,1
12740,427.6,1,427.6,342,0.0,27,10,4,0.037037037037037035,0
12741,406.07,2,203.035,214,0.0,16,16,3,0.125,0
12742,1185.02,2,592.51,1349,0.5,67,12,2,0.07352941176470588,0
12743,530.58,2,265.29,308,0.0,114,16,3,0.10077519379844961,0
12744,13158.16,14,939.8685714285714,6987,0.21428571428571427,245,10,0,0.09171597633136094,0
12745,925.41,3,308.46999999999997,468,0.0,21,10,1,0.08695652173913043,0
12746,230.85000000000002,3,76.95,91,0.6666666666666666,18,10,3,0.1,0
12747,8734.73,32,272.9603125,2611,0.1875,85,14,1,0.13725490196078433,0
12748,45884.9,365,125.71205479452055,34191,0.07671232876712329,2287,13,4,0.1146781910788702,0
12749,6328.49,16,395.530625,2271,0.4375,261,12,1,0.12060301507537688,1
12750,275.88,1,275.88,137,0.0,15,9,2,0.06666666666666667,1
12751,266.32,1,266.32,186,0.0,61,12,1,0.16393442622950818,0
12752,4366.78,1,4366.78,2262,0.0,53,13,0,0.05660377358490566,1
12753,21024.01,11,1911.2736363636361,11250,0.45454545454545453,132,11,2,0.11739130434782609,0
12754,2949.12,5,589.824,6479,0.4,50,10,4,0.09230769230769231,1
12755,2611.95,22,118.725,1033,0.5,38,9,1,0.12931034482758622,0
12756,112.07999999999998,1,112.07999999999998,144,0.0,4,9,2,0.0,0
12757,4102.55,19,215.92368421052632,2306,0.3157894736842105,237,14,3,0.14804469273743018,0
12758,9779.0,8,1222.375,6091,0.125,187,10,1,0.10410094637223975,0
12759,5020.74,8,627.5925,3202,0.0,206,10,1,0.11920529801324503,0
12760,347.8,1,347.8,198,0.0,21,8,4,0.09523809523809523,0
12761,782.95,2,391.475,281,0.0,27,10,2,0.07407407407407407,1
12762,1898.52,2,949.26,1227,0.0,62,10,4,0.14492753623188406,1
12763,494.08,2,247.04,316,0.0,16,15,6,0.16666666666666666,0
12764,1693.88,1,1693.88,386,0.0,45,10,3,0.17777777777777778,0
12765,1404.58,6,234.09666666666666,1009,0.0,49,15,3,0.08823529411764706,0
12766,8877.14,11,807.0127272727273,5003,0.18181818181818182,253,13,2,0.11083743842364532,0
12767,949.82,1,949.82,598,0.0,43,9,0,0.13953488372093023,0
12768,3.552713678800501e-15,2,1.7763568394002505e-15,0,0.5,10,12,0,0.3,0
12769,1143.6,1,1143.6,356,0.0,32,10,4,0.09375,0
12770,2975.95,7,425.13571428571424,1771,0.7142857142857143,24,11,3,0.10810810810810811,0
12771,262.5,2,131.25,100,0.5,15,11,2,0.125,0
12772,892.47,1,892.47,556,0.0,55,9,1,0.12727272727272726,1
12773,1.7763568394002505e-15,2,8.881784197001252e-16,0,0.5,6,17,0,0.16666666666666666,0
12774,98.7,1,98.7,53,0.0,6,10,1,0.0,1
12775,1651.32,8,206.415,1059,0.125,55,14,1,0.12195121951219512,0
12776,55.5,1,55.5,46,0.0,4,12,2,0.25,0
12777,519.45,1,519.45,458,0.0,26,11,2,0.15384615384615385,1
12778,1757.68,10,175.768,1734,0.1,77,9,4,0.12173913043478261,0
12779,6158.6,21,293.2666666666667,3332,0.3333333333333333,142,15,2,0.11149825783972125,0
12780,337.4,1,337.4,285,0.0,20,9,1,0.05,0
12781,707.72,5,141.544,592,0.6,25,8,0,0.3,0
12782,4526.04,14,323.2885714285714,1985,0.21428571428571427,143,10,3,0.12033195020746888,0
12783,1603.87,8,200.48375,622,0.25,76,11,4,0.13953488372093023,0
12784,1743.0,3,581.0,857,0.0,121,13,0,0.1349206349206349,0
12785,1079.31,5,215.862,447,0.4,42,13,1,0.1206896551724138,1
12786,728.5,1,728.5,324,0.0,18,12,4,0.1111111111111111,1
12787,859.18,5,171.83599999999998,509,0.2,30,14,4,0.08888888888888889,1
12788,444.9,4,111.225,194,0.0,20,13,3,0.2692307692307692,0
12789,273.35,3,91.11666666666667,36,0.0,5,12,2,0.5,1
12790,563.45,3,187.8166666666667,300,0.3333333333333333,36,14,1,0.15,0
12791,585.15,8,73.14375,351,0.25,17,12,4,0.06666666666666667,0
12792,813.88,3,271.29333333333335,393,0.3333333333333333,40,11,0,0.08333333333333333,1
12793,885.53,3,295.1766666666667,461,0.0,34,13,2,0.13636363636363635,0
12794,860.41,2,430.205,592,0.0,43,14,0,0.2,1
12795,430.48,1,430.48,68,0.0,14,10,0,0.2857142857142857,1
12796,381.0,1,381.0,182,0.0,7,15,6,0.0,1
12797,471.43,6,78.57166666666667,172,0.6666666666666666,27,12,0,0.027777777777777776,0
12798,8510.93,4,2127.7325,8455,0.0,27,12,3,0.06060606060606061,0
12799,219.35,1,219.35,137,0.0,15,15,0,0.06666666666666667,0
12800,584.25,3,194.75,284,0.0,31,11,0,0.11764705882352941,0
12801,1031.87,2,515.935,504,0.5,50,9,1,0.11764705882352941,0
12802,2350.42,9,261.15777777777777,1954,0.2222222222222222,108,9,1,0.08571428571428572,0
12803,1092.81,1,1092.81,872,0.0,55,14,3,0.12727272727272726,1
12804,315.33,2,157.665,262,0.0,60,13,1,0.1111111111111111,0
12805,1434.95,4,358.7375,593,0.0,44,12,1,0.13793103448275862,1
12806,2878.96,4,719.74,2087,0.0,58,10,4,0.05970149253731343,1
12807,269.95,3,89.98333333333333,120,0.6666666666666666,17,14,6,0.1111111111111111,0
12808,776.7,5,155.34,322,0.0,46,10,3,0.0851063829787234,0
12809,1705.34,8,213.1675,508,0.625,75,14,1,0.11235955056179775,0
12810,534.99,2,267.495,389,0.0,32,10,2,0.125,0
12811,1033.9,5,206.78000000000003,435,0.0,47,10,4,0.05357142857142857,0
12812,229.64000000000001,1,229.64000000000001,164,0.0,15,9,2,0.3333333333333333,0
12813,1687.8,3,562.6,1141,0.0,37,9,0,0.06666666666666667,1
12814,125.92,1,125.92,49,0.0,2,12,1,0.0,1
12815,1063.46,2,531.73,379,0.0,38,13,2,0.19148936170212766,0
12816,572.2,2,286.1,128,0.0,27,13,3,0.10344827586206896,0
12817,690.98,3,230.32666666666668,219,0.0,16,8,4,0.16,0
12818,1517.88,2,758.94,923,0.5,14,12,2,0.0625,0
12819,540.52,1,540.52,344,0.0,19,15,1,0.05263157894736842,0
12820,2647.94,13,203.68769230769232,1928,0.15384615384615385,131,12,1,0.11042944785276074,1
12821,220.8,2,110.4,162,0.0,13,15,2,0.23076923076923078,0
12822,918.98,3,306.32666666666665,548,0.3333333333333333,41,13,1,0.1702127659574468,0
12823,6501.5,18,361.19444444444446,930,0.0,1,12,2,0.05555555555555555,0
12824,397.12,1,397.12,232,0.0,25,12,1,0.28,1
12825,518.63,2,259.315,139,0.0,20,13,1,0.041666666666666664,0
12826,2773.69,15,184.91266666666667,1909,0.2,94,12,3,0.12345679012345678,0
12827,430.15000000000003,3,143.38333333333335,197,0.0,19,15,2,0.12,0
12828,1018.71,6,169.785,494,0.0,46,10,4,0.05357142857142857,0
12829,345.35,4,86.3375,549,0.25,17,15,0,0.0,0
12830,6748.4,7,964.0571428571428,9847,0.14285714285714285,14,10,1,0.10256410256410256,0
12831,451.11,3,150.37,303,0.0,16,13,3,0.18181818181818182,0
12832,383.03,2,191.515,195,0.0,27,13,4,0.07407407407407407,0
12833,417.38,1,417.38,156,0.0,24,13,6,0.08333333333333333,1
12834,312.38,1,312.38,110,0.0,18,9,2,0.05555555555555555,0
12835,5887.55,49,120.15408163265306,2295,0.16326530612244897,140,11,3,0.1085899513776337,0
12836,6445.28,17,379.1341176470588,2215,0.11764705882352941,280,15,1,0.13414634146341464,0
12837,652.96,2,326.48,188,0.0,83,15,2,0.18823529411764706,1
12838,2891.4900000000002,12,240.9575,1564,0.16666666666666666,230,12,2,0.10057471264367816,1
12839,9510.32,31,306.7845161290322,6473,0.16129032258064516,157,14,4,0.12255772646536411,0
12840,4013.87,11,364.8972727272727,2244,0.36363636363636365,109,12,1,0.13259668508287292,0
12841,6794.18,42,161.76619047619047,4923,0.047619047619047616,307,12,6,0.11043872919818457,0
12842,1917.99,4,479.4975,887,0.0,45,15,4,0.10416666666666667,1
12843,6312.67,34,185.66676470588234,2890,0.11764705882352941,130,11,1,0.14222222222222222,1
12844,640.05,4,160.0125,218,0.0,88,13,3,0.0891089108910891,0
12845,354.09,4,88.5225,204,0.0,26,14,1,0.07407407407407407,1
12846,15.58,1,15.58,1,0.0,1,16,1,0.0,1
12847,1518.34,2,759.17,1415,0.0,100,13,3,0.05660377358490566,1
12848,208.0,1,208.0,58,0.0,16,12,1,0.1875,1
12849,3018.07,6,503.0116666666667,1845,0.0,123,12,1,0.0851063829787234,0
12850,330.0,1,330.0,200,0.0,2,12,0,0.5,0
12851,275.11,2,137.555,144,0.0,71,12,6,0.0684931506849315,0
12852,299.75,2,149.875,145,0.5,17,8,4,0.1,0
12853,3728.5,16,233.03125,1639,0.3125,111,11,3,0.1592356687898089,0
12854,2888.92,11,262.6290909090909,1605,0.36363636363636365,188,14,1,0.11895910780669144,0
12855,610.34,4,152.585,238,0.0,65,14,2,0.12121212121212122,0
12856,2095.08,8,261.885,1050,0.25,155,12,4,0.11326860841423948,0
12857,3684.25,7,526.3214285714286,1419,0.14285714285714285,71,12,3,0.08196721311475409,0
12858,117.33,2,58.665,49,0.5,37,12,6,0.10810810810810811,0
12859,575.1,1,575.1,292,0.0,21,12,1,0.19047619047619047,0
12860,54.22,1,54.22,26,0.0,16,15,4,0.125,1
12861,68.25,1,68.25,27,0.0,4,11,1,0.25,1
12862,983.37,2,491.685,610,0.0,119,15,6,0.12307692307692308,0
12863,2734.75,7,390.67857142857144,845,0.14285714285714285,24,13,3,0.125,1
12864,299.57,2,149.785,447,0.0,5,17,0,0.14285714285714285,0
12865,3303.31,5,660.662,1925,0.2,156,12,4,0.1377551020408163,0
12866,1227.35,3,409.1166666666666,553,0.0,58,14,6,0.12698412698412698,0
12867,7674.5,16,479.65625,7760,0.1875,366,15,6,0.11259541984732824,0
12868,2043.76,8,255.47,1170,0.0,86,15,2,0.11940298507462686,0
12869,303.17,1,303.17,130,0.0,35,12,2,0.2,1
12870,1662.05,4,415.5125,904,0.25,85,13,0,0.12631578947368421,0
12871,744.02,3,248.00666666666666,484,0.0,13,10,4,0.05555555555555555,0
12872,3221.31,13,247.7930769230769,1596,0.07692307692307693,218,12,6,0.12886597938144329,0
12873,2027.3,3,675.7666666666667,786,0.0,33,11,2,0.11428571428571428,1
12874,933.42,3,311.14,611,0.3333333333333333,44,12,3,0.10204081632653061,0
12875,1356.99,5,271.398,5187,0.0,2,12,0,0.0,0
12876,4068.59,5,813.7180000000001,3039,0.2,117,12,2,0.08187134502923976,0
12877,2931.19,20,146.5595,2233,0.0,149,13,3,0.13602941176470587,0
12878,841.64,3,280.5466666666667,536,0.3333333333333333,38,13,6,0.10204081632653061,0
12879,552.5699999999999,4,138.14249999999998,363,0.25,7,12,4,0.0,0
12880,640.13,2,320.065,279,0.0,32,11,4,0.05555555555555555,0
12881,298.0,1,298.0,21,0.0,7,11,2,0.0,0
12882,1463.04,2,731.52,246,0.0,12,16,2,0.15384615384615385,0
12883,703.47,4,175.8675,196,0.0,39,9,1,0.16666666666666666,0
12884,309.05,1,309.05,43,0.0,7,13,0,0.0,1
12885,1158.27,4,289.5675,654,0.25,66,11,0,0.09722222222222222,0
12886,1351.09,3,450.3633333333333,761,0.3333333333333333,75,11,2,0.09302325581395349,0
12887,222.4,1,222.4,100,0.0,13,11,6,0.15384615384615385,0
12888,313.77,4,78.4425,68,0.5,4,14,1,0.2857142857142857,0
12889,365.66,6,60.943333333333335,120,0.3333333333333333,25,14,6,0.18518518518518517,0
12890,704.37,2,352.185,454,0.0,124,17,1,0.15671641791044777,0
12891,819.5,12,68.29166666666667,2275,0.08333333333333333,2,11,3,0.0,0
12892,263.38,1,263.38,140,0.0,18,9,0,0.1111111111111111,0
12893,149.2,1,149.2,75,0.0,27,12,2,0.1111111111111111,0
12894,157.35,1,157.35,33,0.0,21,14,3,0.3333333333333333,1
12895,347.3,3,115.76666666666667,204,0.3333333333333333,22,8,2,0.125,0
12896,-29.75,1,-29.75,-5,1.0,1,9,2,0.0,0
12897,514.25,4,128.5625,249,0.0,10,11,0,0.14285714285714285,0
12898,296.21000000000004,2,148.10500000000002,235,0.0,27,12,3,0.07407407407407407,0
12899,366.4,1,366.4,108,0.0,17,9,4,0.058823529411764705,0
12900,340.33,1,340.33,139,0.0,13,15,2,0.23076923076923078,1
12901,16293.1,36,452.5861111111111,20915,0.2222222222222222,32,11,2,0.136,0
12902,138.68,1,138.68,66,0.0,10,12,6,0.1,0
12903,833.53,1,833.53,493,0.0,41,12,3,0.04878048780487805,0
12904,479.81,2,239.905,281,0.0,59,14,0,0.05970149253731343,0
12905,1011.82,3,337.27333333333337,528,0.3333333333333333,52,14,1,0.12727272727272726,0
12906,2919.81,5,583.962,1749,0.0,55,15,3,0.14285714285714285,0
12907,440.36,3,146.78666666666666,164,0.3333333333333333,27,14,0,0.10344827586206896,1
12908,1272.0,7,181.71428571428572,1800,0.2857142857142857,2,12,0,0.14285714285714285,0
12909,3019.92,13,232.30153846153846,1929,0.38461538461538464,121,12,0,0.16167664670658682,0
12910,5747.02,14,410.5014285714286,3602,0.07142857142857142,75,12,3,0.06521739130434782,0
12911,1589.69,1,1589.69,748,0.0,220,12,6,0.11363636363636363,0
12912,1662.3,5,332.46,670,0.0,17,13,3,0.041666666666666664,1
12913,6283.24,13,483.32615384615383,3086,0.0,52,10,0,0.11956521739130435,0
12914,223.98,1,223.98,336,0.0,9,12,3,0.0,0
12915,885.2,8,110.65,393,0.5,46,10,3,0.04411764705882353,0
12916,4342.18,8,542.7725,1643,0.125,82,10,6,0.10843373493975904,1
12917,4329.5,8,541.1875,1098,0.25,45,13,0,0.18867924528301888,0
12918,-10953.5,3,-3651.1666666666665,-1,0.6666666666666666,1,15,1,0.3333333333333333,0
12919,1301.44,8,162.68,668,0.25,34,10,1,0.15384615384615385,1
12920,486.64,4,121.66,420,0.0,59,15,0,0.06779661016949153,1
12921,33984.75,103,329.9490291262136,20901,0.2815533980582524,329,13,4,0.10984126984126984,0
12922,405.38,1,405.38,370,0.0,28,15,4,0.25,0
12923,770.42,3,256.8066666666667,230,0.0,54,16,3,0.1,0
12924,2270.09,14,162.14928571428572,1314,0.14285714285714285,56,13,2,0.1527777777777778,0
12925,729.3299999999999,3,243.10999999999999,649,0.0,46,11,0,0.22,0
12926,1492.99,4,373.2475,730,0.0,202,15,4,0.1220472440944882,1
12927,197.31,1,197.31,145,0.0,11,10,2,0.09090909090909091,0
12928,4304.89,12,358.74083333333334,2899,0.0,94,15,4,0.12849162011173185,0
12929,105.1,2,52.55,36,0.5,8,12,1,0.0,1
12930,409.9,4,102.475,250,0.5,20,13,1,0.14814814814814814,1
12931,70591.77,71,994.2502816901409,48115,0.19718309859154928,39,10,3,0.15217391304347827,0
12932,1698.56,8,212.32,1609,0.0,69,8,2,0.11578947368421053,0
12933,1553.08,11,141.1890909090909,886,0.2727272727272727,229,16,1,0.1314878892733564,1
12934,181.65,1,181.65,31,0.0,2,10,3,0.0,0
12935,4182.01,19,220.1057894736842,3170,0.21052631578947367,113,13,0,0.11538461538461539,1
12936,1012.9,5,202.57999999999998,539,0.2,56,13,3,0.1746031746031746,0
12937,3097.61,9,344.1788888888889,1983,0.0,128,14,3,0.10599078341013825,0
12938,114.14,1,114.14,140,0.0,9,11,0,0.1111111111111111,1
12939,25264.8,20,1263.24,10328,0.0,24,11,0,0.05813953488372093,0
12940,847.44,4,211.86,387,0.5,88,12,6,0.20833333333333334,0
12941,377.49,1,377.49,381,0.0,27,13,1,0.1111111111111111,0
12942,675.6,3,225.20000000000002,198,0.0,68,14,6,0.15714285714285714,0
12943,489.0,4,122.25,220,0.5,23,11,1,0.1111111111111111,0
12944,604.51,2,302.255,289,0.0,29,11,4,0.1,0
12945,900.11,2,450.055,446,0.0,47,15,6,0.13725490196078433,0
12946,324.45,1,324.45,149,0.0,20,10,2,0.1,0
12947,1407.29,11,127.93545454545455,1157,0.45454545454545453,83,10,1,0.07766990291262135,0
12948,2306.18,10,230.618,1301,0.1,89,10,4,0.11023622047244094,0
12949,15391.0,28,549.6785714285714,8197,0.21428571428571427,347,11,3,0.12137931034482759,0
12950,1843.0,3,614.3333333333334,1380,0.0,13,15,3,0.0,0
12951,3164.42,20,158.221,1650,0.25,110,12,3,0.13930348258706468,0
12952,1382.8400000000001,5,276.56800000000004,652,0.2,64,16,3,0.225,0
12953,828.8100000000001,2,414.40500000000003,364,0.0,45,13,0,0.0625,0
12954,162.45,1,162.45,83,0.0,10,10,3,0.0,0
12955,4734.26,14,338.1614285714286,3642,0.21428571428571427,81,10,2,0.1366120218579235,0
12956,521.89,4,130.4725,340,0.0,42,16,6,0.14285714285714285,1
12957,8628.42,21,410.87714285714287,4661,0.38095238095238093,402,13,3,0.112,1
12958,426.29,2,213.145,107,0.0,45,16,3,0.1111111111111111,0
12959,133.35,2,66.675,108,0.5,9,17,3,0.0,0
12960,1322.07,4,330.5175,1379,0.0,49,13,1,0.11428571428571428,1
12961,202.84,1,202.84,171,0.0,37,16,3,0.13513513513513514,0
12962,266.39,2,133.195,129,0.0,15,13,3,0.0625,0
12963,3146.9900000000002,14,224.78500000000003,1605,0.14285714285714285,130,14,3,0.17679558011049723,1
12964,132.24,1,132.24,56,0.0,26,17,1,0.15384615384615385,0
12965,769.8100000000001,1,769.8100000000001,282,0.0,108,15,6,0.16666666666666666,1
12966,160.18,1,160.18,75,0.0,10,12,2,0.1,0
12967,2472.37,5,494.474,717,0.4,47,11,6,0.1518987341772152,0
12968,135.95,1,135.95,73,0.0,5,15,4,0.0,0
12969,122.45,1,122.45,55,0.0,5,10,4,0.0,1
12970,1386.95,10,138.695,911,0.0,280,14,4,0.102803738317757,0
12971,15214.550000000001,120,126.78791666666667,12780,0.03333333333333333,103,10,2,0.10462287104622871,0
12972,1115.95,6,185.99166666666667,829,0.3333333333333333,69,11,1,0.1411764705882353,0
12973,385.55,1,385.55,31,0.0,6,10,4,0.16666666666666666,0
12974,408.95,2,204.475,104,0.0,27,11,6,0.09375,0
12975,1993.99,8,249.24875,903,0.25,92,10,2,0.1016949152542373,0
12976,3156.38,8,394.5475,2684,0.0,106,9,3,0.09740259740259741,0
12977,512.18,4,128.045,126,0.0,54,16,4,0.14285714285714285,0
12978,2436.67,6,406.1116666666667,1357,0.16666666666666666,126,12,3,0.11042944785276074,1
12979,479.53999999999996,2,239.76999999999998,484,0.5,56,15,3,0.07017543859649122,0
12980,15909.390000000001,26,611.8996153846155,1883,0.19230769230769232,7,11,3,0.11864406779661017,0
12981,372.21999999999997,2,186.10999999999999,242,0.0,12,14,4,0.05,0
12982,2562.12,17,150.7129411764706,1665,0.5294117647058824,140,13,0,0.10747663551401869,0
12983,490.08000000000004,1,490.08000000000004,638,0.0,30,12,1,0.1,0
12984,97.5,1,97.5,26,0.0,4,12,0,0.25,0
12985,1215.6200000000001,3,405.2066666666667,1413,0.3333333333333333,73,12,4,0.11538461538461539,0
12986,2009.5900000000001,12,167.46583333333334,891,0.16666666666666666,63,11,4,0.12857142857142856,0
12987,1298.51,6,216.41833333333332,583,0.16666666666666666,61,12,3,0.10294117647058823,0
12988,476.42,1,476.42,112,0.0,75,14,6,0.14666666666666667,1
12989,12846.8,39,329.40512820512816,6764,0.15384615384615385,51,12,3,0.17142857142857143,0
12990,955.5,7,136.5,480,0.0,9,13,1,0.037037037037037035,1
12991,764.82,3,254.94000000000003,483,0.0,45,14,4,0.13333333333333333,1
12992,93.35000000000001,1,93.35000000000001,21,0.0,6,16,0,0.0,0
12993,1191.26,10,119.126,648,0.2,57,13,3,0.07317073170731707,0
12994,902.22,5,180.44400000000002,440,0.4,52,8,2,0.1095890410958904,0
12995,200.72,2,100.36,98,0.5,3,15,3,0.0,0
12996,355.5,1,355.5,122,0.0,22,9,0,0.045454545454545456,0
12997,2065.11,16,129.069375,1163,0.5,66,15,0,0.08264462809917356,0
12998,897.38,4,224.345,1102,0.25,58,11,2,0.14754098360655737,0
12999,455.88,3,151.96,342,0.0,25,10,4,0.0,1
13000,965.0,5,193.0,538,0.2,58,10,0,0.06153846153846154,1
13001,23661.16,37,639.4908108108108,13261,0.10810810810810811,300,14,3,0.12649402390438247,0
13002,414.13,3,138.04333333333332,201,0.0,19,11,4,0.08695652173913043,1
13003,149.05,3,49.68333333333334,103,0.0,4,8,0,0.3333333333333333,1
13004,11143.99,46,242.26065217391303,8442,0.21739130434782608,417,12,0,0.11668611435239207,0
13005,935.03,6,155.83833333333334,455,0.3333333333333333,41,12,3,0.1,0
13006,81.57,1,81.57,55,0.0,4,13,4,0.0,0
13007,175.25,1,175.25,59,0.0,11,10,6,0.09090909090909091,0
13008,543.28,7,77.61142857142856,312,0.5714285714285714,31,14,3,0.1282051282051282,1
13009,234.0,1,234.0,120,0.0,4,12,4,0.0,0
13010,330.12,2,165.06,323,0.0,10,11,0,0.08333333333333333,0
13011,50.550000000000004,1,50.550000000000004,13,0.0,3,17,3,0.0,1
13012,2576.1800000000003,15,171.74533333333335,1389,0.26666666666666666,96,16,2,0.10344827586206896,0
13013,11073.48,31,357.2090322580645,5654,0.06451612903225806,289,10,4,0.12244897959183673,1
13014,5220.83,18,290.0461111111111,1950,0.3888888888888889,140,11,6,0.11570247933884298,1
13015,6459.08,14,461.36285714285714,3455,0.21428571428571427,260,13,0,0.13687150837988826,1
13016,789.89,3,263.2966666666667,527,0.0,39,15,0,0.14893617021276595,1
13017,204.0,1,204.0,48,0.0,1,15,4,0.0,1
13018,9742.81,37,263.31918918918916,6741,0.05405405405405406,401,11,0,0.11221122112211221,0
13019,1212.95,8,151.61875,395,0.25,46,15,3,0.10526315789473684,0
13020,606.96,5,121.39200000000001,271,0.6,38,10,3,0.11904761904761904,0
13021,4806.66,24,200.2775,2520,0.2916666666666667,166,15,0,0.10566037735849057,1
13022,65.3,1,65.3,35,0.0,5,10,2,0.2,0
13023,1449.03,3,483.01,585,0.0,69,9,1,0.11842105263157894,0
13024,535.42,3,178.47333333333333,174,0.3333333333333333,26,14,3,0.029411764705882353,1
13025,323.39,1,323.39,241,0.0,13,10,1,0.07692307692307693,0
13026,1690.12,13,130.00923076923075,2431,0.3076923076923077,54,11,6,0.09302325581395349,0
13027,16800.0,23,730.4347826086956,41997,0.17391304347826086,9,10,1,0.17045454545454544,0
13028,659.68,3,219.89333333333332,796,0.3333333333333333,40,14,1,0.0425531914893617,0
13029,1927.3,5,385.46,194,0.0,13,11,6,0.11764705882352941,0
13030,633.96,2,316.98,262,0.0,76,14,0,0.11538461538461539,0
13031,3248.45,5,649.6899999999999,2290,0.0,275,15,3,0.14824120603015076,0
13032,2773.25,11,252.11363636363637,1255,0.18181818181818182,148,14,1,0.09433962264150944,0
13033,220.55,2,110.275,98,0.0,12,14,4,0.07692307692307693,0
13034,756.82,3,252.27333333333334,406,0.0,42,12,6,0.09090909090909091,1
13035,1328.95,4,332.2375,909,0.25,27,8,0,0.1111111111111111,1
13036,307.1,1,307.1,38,0.0,6,11,6,0.0,1
13037,3842.55,16,240.159375,2105,0.25,181,10,4,0.1078838174273859,0
13038,908.46,3,302.82,360,0.0,24,11,1,0.14285714285714285,1
13039,1010.73,4,252.6825,290,0.0,37,16,1,0.10909090909090909,0
13040,676.99,2,338.495,355,0.0,38,10,3,0.06976744186046512,0
13041,799.13,4,199.7825,335,0.0,23,11,2,0.08571428571428572,0
13042,1423.19,4,355.7975,791,0.25,164,15,1,0.10734463276836158,0
13043,471.57,2,235.785,251,0.5,13,14,4,0.07142857142857142,1
13044,4801.2,13,369.3230769230769,2537,0.15384615384615385,356,15,6,0.14527845036319612,0
13045,808.92,3,269.64,405,0.0,41,15,3,0.2,1
13046,949.25,3,316.4166666666667,505,0.0,50,8,2,0.07142857142857142,0
13047,8100.09,42,192.8592857142857,3275,0.42857142857142855,192,13,3,0.11764705882352941,0
13048,3991.58,13,307.0446153846154,2638,0.3076923076923077,126,13,2,0.08178438661710037,1
13049,1384.14,5,276.82800000000003,606,0.2,19,15,3,0.10714285714285714,0
13050,11421.76,57,200.3817543859649,6879,0.38596491228070173,513,13,6,0.12648221343873517,0
13051,155.8,2,77.9,72,0.0,4,9,0,0.0,1
13052,3006.7400000000002,7,429.5342857142858,1352,0.0,161,14,1,0.0875,1
13053,127.65,1,127.65,47,0.0,17,11,6,0.058823529411764705,0
13054,-14.0,1,-14.0,-1,1.0,1,16,1,0.0,0
13055,2292.5099999999998,6,382.085,1805,0.3333333333333333,145,8,2,0.10759493670886076,0
13056,199.28,1,199.28,146,0.0,18,14,6,0.16666666666666666,0
13057,528.24,4,132.06,443,0.25,36,12,3,0.16666666666666666,0
13058,271.40000000000003,3,90.46666666666668,52,0.0,5,12,0,0.0,0
13059,2241.42,12,186.785,826,0.16666666666666666,155,12,2,0.1319796954314721,1
13060,307.53,1,307.53,123,0.0,15,11,3,0.2,0
13061,248.61,1,248.61,107,0.0,10,16,2,0.0,0
13062,346.98,1,346.98,343,0.0,11,15,2,0.09090909090909091,0
13063,188.4,1,188.4,116,0.0,12,12,0,0.0,0
13064,1611.49,6,268.58166666666665,641,0.0,58,11,6,0.12087912087912088,0
13065,1050.1000000000001,6,175.01666666666668,380,0.16666666666666666,49,16,2,0.07936507936507936,1
13066,430.9,3,143.63333333333333,320,0.3333333333333333,48,17,0,0.12244897959183673,0
13067,492.61,3,164.20333333333335,129,0.0,24,13,6,0.0967741935483871,0
13068,344.0,2,172.0,200,0.0,1,8,0,0.0,0
13069,8295.11,42,197.50261904761905,14419,0.09523809523809523,574,14,0,0.10674157303370786,0
13070,743.9,5,148.78,368,0.2,12,12,0,0.05714285714285714,0
13071,129.22,1,129.22,30,0.0,12,13,1,0.16666666666666666,1
13072,177.15,1,177.15,69,0.0,7,8,4,0.0,0
13073,418.08,2,209.04,261,0.0,25,9,1,0.07407407407407407,0
13074,1362.8400000000001,5,272.56800000000004,824,0.2,26,11,2,0.1,0
13075,919.61,1,919.61,485,0.0,22,10,1,0.09090909090909091,0
13076,135.4,1,135.4,44,0.0,9,10,2,0.0,0
13077,2700.7000000000003,14,192.90714285714287,2402,0.21428571428571427,209,16,3,0.13134328358208955,0
13078,28369.440000000002,95,298.62568421052634,11872,0.4,154,13,2,0.10295857988165681,0
13079,419.18,6,69.86333333333333,158,0.0,11,14,0,0.17647058823529413,1
13080,260.83,5,52.166,191,0.2,17,14,0,0.1,1
13081,55961.37,44,1271.8493181818183,39806,0.36363636363636365,741,11,3,0.12054329371816638,0
13082,7268.92,25,290.7568,8413,0.16,100,11,0,0.13432835820895522,0
13083,395.43,3,131.81,307,0.0,19,10,6,0.22727272727272727,0
13084,116.44999999999999,2,58.224999999999994,137,0.5,2,8,0,0.25,0
13085,1459.46,10,145.946,835,0.2,51,11,4,0.13043478260869565,1
13086,439.33000000000004,1,439.33000000000004,155,0.0,47,10,0,0.19148936170212766,1
13087,313.64,1,313.64,86,0.0,15,15,6,0.13333333333333333,0
13088,220.81,1,220.81,70,0.0,19,15,0,0.10526315789473684,0
13089,109692.99,247,444.1011740890688,57899,0.17813765182186234,859,14,1,0.12131050767414404,0
13090,12752.78,30,425.0926666666667,3162,0.2,163,10,0,0.125,0
13091,-130.21999999999997,6,-21.70333333333333,-1085,0.5,55,12,1,0.1721311475409836,0
13092,2007.33,15,133.822,601,0.2,52,16,3,0.12173913043478261,1
13093,53274.33,88,605.3901136363637,25799,0.375,204,12,3,0.10655737704918032,1
13094,1990.9800000000002,17,117.1164705882353,1722,0.23529411764705882,5,14,0,0.05714285714285714,0
13095,74.39999999999999,1,74.39999999999999,144,0.0,6,12,4,0.16666666666666666,1
13096,419.70000000000005,1,419.70000000000005,6,0.0,1,14,2,0.0,0
13097,12669.66,40,316.7415,5246,0.3,390,12,1,0.10816125860373647,0
13098,28658.88,41,698.9970731707317,15911,0.3170731707317073,163,10,3,0.10413223140495868,0
13099,207.35999999999999,1,207.35999999999999,288,0.0,1,17,3,0.0,0
13100,-1598.67,1,-1598.67,-1,1.0,1,12,3,0.0,0
13101,695.4,4,173.85,478,0.0,48,15,2,0.058823529411764705,0
13102,11123.3,42,264.8404761904762,6300,0.11904761904761904,212,12,3,0.13034623217922606,1
13103,709.64,3,236.54666666666665,426,0.0,27,11,1,0.09090909090909091,0
13104,1709.1,9,189.89999999999998,834,0.0,15,11,3,0.1,0
13105,72.0,1,72.0,100,0.0,1,13,2,0.0,0
13106,586.46,3,195.48666666666668,227,0.3333333333333333,15,13,4,0.17647058823529413,0
13107,5109.62,15,340.6413333333333,4255,0.4,143,10,3,0.12698412698412698,0
13108,748.46,2,374.23,745,0.0,27,17,3,0.05714285714285714,0
13109,1107.58,7,158.22571428571428,750,0.5714285714285714,57,12,1,0.08108108108108109,0
13110,2894.7200000000003,14,206.7657142857143,756,0.14285714285714285,167,14,1,0.11857707509881422,0
13111,321.88000000000005,1,321.88000000000005,180,0.0,12,9,0,0.16666666666666666,0
13112,-5.44,3,-1.8133333333333335,-1,0.6666666666666666,3,17,0,0.0,1
13113,16230.7,60,270.51166666666666,3939,0.38333333333333336,168,12,6,0.12050739957716702,0
13114,234.38,1,234.38,74,0.0,16,9,2,0.0625,0
13115,5379.45,23,233.8891304347826,3897,0.5652173913043478,180,12,0,0.11818181818181818,0
13116,485.19,2,242.595,290,0.5,30,14,6,0.06451612903225806,0
13117,2253.96,19,118.62947368421052,1850,0.05263157894736842,122,13,3,0.18404907975460122,1
13118,2334.1,12,194.50833333333333,811,0.25,111,12,6,0.15789473684210525,0
13119,134.9,1,134.9,110,0.0,11,8,1,0.18181818181818182,1
13120,30.599999999999998,1,30.599999999999998,12,0.0,1,10,4,0.0,0
13121,254.73,2,127.365,227,0.5,50,16,1,0.11320754716981132,0
13122,922.39,2,461.195,585,0.0,54,14,2,0.12727272727272726,1
13123,506.75,2,253.375,268,0.0,36,12,0,0.08888888888888889,0
13124,4540.84,4,1135.21,2693,0.0,216,15,4,0.1033210332103321,0
13125,148.62,1,148.62,53,0.0,20,11,6,0.0,0
13126,3679.03,19,193.63315789473685,3261,0.3157894736842105,183,10,2,0.10526315789473684,1
13127,259.17,1,259.17,127,0.0,15,10,4,0.2,1
13128,263.5,1,263.5,31,0.0,1,15,3,0.0,0
13129,233.25,2,116.625,296,0.0,10,13,0,0.0,0
13130,64.0,1,64.0,32,0.0,2,15,1,0.0,0
13131,3279.77,8,409.97125,1519,0.125,107,9,3,0.07947019867549669,1
13132,77.3,1,77.3,20,0.0,3,12,2,0.0,0
13133,200.45000000000002,3,66.81666666666668,55,0.0,12,15,0,0.25,0
13134,2422.28,9,269.14222222222224,1349,0.3333333333333333,110,10,3,0.1328125,0
13135,3371.45,2,1685.725,4423,0.0,18,17,3,0.1111111111111111,0
13136,6097.900000000001,24,254.07916666666668,3042,0.4583333333333333,207,13,6,0.11403508771929824,1
13137,7206.27,17,423.8982352941177,4063,0.058823529411764705,629,13,6,0.12678169542385595,1
13138,1261.26,8,157.6575,592,0.125,41,15,0,0.1511627906976744,0
13139,8193.83,9,910.4255555555555,4607,0.1111111111111111,214,9,1,0.14869888475836432,0
13140,1052.82,5,210.564,571,0.0,89,15,3,0.11538461538461539,1
13141,7524.13,21,358.2919047619048,5124,0.19047619047619047,285,13,4,0.12325581395348838,0
13142,307.09,1,307.09,258,0.0,23,16,6,0.08695652173913043,0
13143,399.2,2,199.6,196,0.5,23,12,1,0.125,0
13144,135.35,2,67.675,29,0.0,6,11,0,0.0,0
13145,1124.77,8,140.59625,262,0.125,5,10,4,0.0,0
13146,222.41,1,222.41,152,0.0,16,15,6,0.1875,0
13147,712.8000000000001,4,178.20000000000002,144,0.0,1,10,3,0.0,0
13148,7900.7300000000005,36,219.46472222222224,4248,0.2777777777777778,457,14,6,0.08756345177664974,1
13149,1676.06,4,419.015,1280,0.0,76,13,2,0.09302325581395349,0
13150,435.02,4,108.755,170,0.25,7,12,3,0.1111111111111111,0
13151,2277.43,5,455.486,753,0.4,135,12,3,0.11842105263157894,0
13152,2114.98,9,234.99777777777777,969,0.2222222222222222,114,15,6,0.10869565217391304,0
13153,486.22,1,486.22,418,0.0,15,12,6,0.06666666666666667,0
13154,997.4300000000001,5,199.48600000000002,972,0.4,79,13,1,0.16494845360824742,0
13155,1364.58,6,227.42999999999998,739,0.0,79,12,0,0.10810810810810811,0
13156,1586.54,3,528.8466666666667,914,0.0,94,13,0,0.14423076923076922,1
13157,5667.71,10,566.771,4753,0.1,173,13,4,0.1541501976284585,0
13158,1508.18,5,301.636,992,0.0,70,9,1,0.12,0
13159,1370.0,5,274.0,1043,0.2,114,11,3,0.14166666666666666,0
13160,91.8,1,91.8,56,0.0,4,13,3,0.0,0
13161,472.13,2,236.065,105,0.0,30,12,1,0.12121212121212122,0
13162,9116.94,19,479.8389473684211,5668,0.15789473684210525,186,10,1,0.10699588477366255,0
13163,0.0,2,0.0,0,0.5,2,16,3,0.0,1
13164,297.46000000000004,3,99.15333333333335,114,0.3333333333333333,8,11,2,0.08333333333333333,0
13165,1451.16,3,483.72,1736,0.0,47,15,0,0.061224489795918366,0
13166,855.38,3,285.12666666666667,511,0.3333333333333333,55,15,1,0.08955223880597014,1
13167,1125.15,5,225.03000000000003,1007,0.0,64,12,0,0.16049382716049382,0
13168,1814.0,6,302.3333333333333,888,0.16666666666666666,127,13,1,0.11695906432748537,0
13169,840.08,3,280.0266666666667,296,0.0,16,12,4,0.16666666666666666,0
13170,107.64,1,107.64,138,0.0,29,12,6,0.27586206896551724,0
13171,426.81,5,85.362,227,0.4,37,14,4,0.08333333333333333,0
13172,69.6,1,69.6,48,0.0,1,15,3,0.0,0
13173,2370.17,13,182.32076923076923,1470,0.15384615384615385,160,15,3,0.10648148148148148,0
13174,7778.74,12,648.2283333333334,3661,0.0,602,12,4,0.11036789297658862,0
13175,793.1,4,198.275,392,0.5,40,13,3,0.09803921568627451,0
13176,479.83,1,479.83,446,0.0,66,15,0,0.10606060606060606,1
13177,512.2,2,256.1,180,0.0,23,9,3,0.13333333333333333,0
13178,13997.89,25,559.9155999999999,8749,0.16,195,14,1,0.09482758620689655,0
13179,572.3100000000001,1,572.3100000000001,368,0.0,34,11,2,0.14705882352941177,0
13180,86.10000000000001,1,86.10000000000001,42,0.0,4,13,6,0.0,0
13181,359.69,1,359.69,171,0.0,19,15,1,0.0,0
13182,121.18,1,121.18,201,0.0,11,13,1,0.18181818181818182,0
13183,7010.88,18,389.49333333333334,4001,0.16666666666666666,64,10,2,0.11180124223602485,0
13184,1614.13,12,134.51083333333335,1624,0.16666666666666666,138,12,0,0.1111111111111111,0
13185,71.4,1,71.4,12,0.0,1,11,3,0.0,0
13186,1539.69,5,307.938,804,0.4,69,9,2,0.11904761904761904,0
13187,310.26,5,62.052,249,0.2,51,18,3,0.14814814814814814,1
13188,114.60000000000001,1,114.60000000000001,25,0.0,2,15,0,0.0,1
13189,260.68,2,130.34,842,0.0,29,13,1,0.034482758620689655,0
13190,518.76,4,129.69,306,0.25,16,12,6,0.16666666666666666,1
13191,161.71,1,161.71,113,0.0,58,17,4,0.1896551724137931,0
13192,2544.53,8,318.06625,1618,0.25,135,14,1,0.1393939393939394,0
13193,104.23,1,104.23,41,0.0,22,14,6,0.22727272727272727,0
13194,472.78,2,236.39,326,0.0,10,11,3,0.1,0
13195,131.98,1,131.98,65,0.0,43,13,3,0.06976744186046512,0
13196,3059.64,8,382.455,2004,0.125,141,12,4,0.11578947368421053,0
13197,373.01000000000005,1,373.01000000000005,204,0.0,19,9,4,0.10526315789473684,0
13198,4912.28,12,409.3566666666666,3438,0.3333333333333333,265,13,0,0.12732919254658384,0
13199,15936.3,69,230.9608695652174,11558,0.028985507246376812,61,14,3,0.08780487804878048,0
13200,870.09,4,217.5225,516,0.0,42,14,4,0.13043478260869565,0
13201,1224.56,4,306.14,1035,0.0,65,16,0,0.12941176470588237,0
13202,1571.35,8,196.41875,571,0.125,55,14,1,0.17142857142857143,0
13203,2630.55,11,239.1409090909091,2407,0.09090909090909091,158,14,3,0.09411764705882353,0
13204,966.6600000000001,1,966.6600000000001,428,0.0,57,14,1,0.17543859649122806,0
13205,2803.2,1,2803.2,256,0.0,1,16,2,0.0,0
13206,8147.85,15,543.19,6884,0.13333333333333333,395,13,0,0.13416815742397137,0
13207,535.86,4,133.965,178,0.0,10,11,1,0.15384615384615385,0
13208,1925.23,10,192.523,1304,0.1,198,19,3,0.11740890688259109,0
13209,8407.46,16,525.46625,5724,0.1875,284,11,1,0.13136729222520108,0
13210,353.48,1,353.48,316,0.0,22,8,2,0.18181818181818182,1
13211,2576.12,12,214.67666666666665,1806,0.16666666666666666,100,13,6,0.10824742268041238,0
13212,776.03,4,194.0075,306,0.25,128,12,6,0.1347517730496454,0
13213,3834.62,14,273.90142857142854,2952,0.21428571428571427,181,13,3,0.14354066985645933,0
13214,3264.23,7,466.31857142857143,2966,0.0,207,14,2,0.10480349344978165,1
13215,81.6,1,81.6,96,0.0,1,18,1,0.0,0
13216,333.74,1,333.74,297,0.0,5,12,3,0.2,0
13217,266.12,6,44.35333333333333,364,0.3333333333333333,3,12,1,0.0,0
13218,62.63999999999999,1,62.63999999999999,88,0.0,5,16,3,0.2,0
13219,76.23,1,76.23,11,0.0,11,14,2,0.09090909090909091,0
13220,1336.0900000000001,5,267.218,396,0.0,46,10,3,0.09433962264150944,0
13221,847.41,2,423.705,244,0.0,62,13,2,0.09090909090909091,0
13222,88.5,1,88.5,30,0.0,1,13,1,0.0,0
13223,969.1200000000001,6,161.52,568,0.0,8,13,0,0.07692307692307693,1
13224,2150.85,3,716.9499999999999,1512,0.3333333333333333,101,14,0,0.13761467889908258,0
13225,16152.970000000001,17,950.174705882353,7383,0.058823529411764705,60,13,0,0.10317460317460317,1
13226,312.46,2,156.23,179,0.0,28,14,4,0.14285714285714285,1
13227,257.7,1,257.7,99,0.0,9,11,6,0.0,1
13228,358.0,1,358.0,200,0.0,2,14,0,0.5,0
13229,160.95,1,160.95,63,0.0,10,12,3,0.2,0
13230,5976.99,31,192.80612903225807,3311,0.03225806451612903,653,16,6,0.10435497124075596,0
13231,-355.2,1,-355.2,-1,1.0,1,16,4,0.0,1
13232,1322.3,7,188.9,766,0.0,147,13,6,0.135,0
13233,1176.46,4,294.115,1604,0.0,74,14,4,0.11842105263157894,0
13234,333.07,2,166.535,151,0.0,56,12,0,0.15517241379310345,0
13235,43.270000000000095,2,21.635000000000048,418,0.5,54,17,2,0.07407407407407407,1
13236,727.27,3,242.42333333333332,411,0.3333333333333333,34,8,3,0.10256410256410256,0
13237,643.0,1,643.0,128,0.0,24,10,2,0.08333333333333333,0
13238,986.73,7,140.96142857142857,440,0.14285714285714285,24,12,2,0.10416666666666667,1
13239,1579.84,6,263.3066666666667,1184,0.16666666666666666,87,10,3,0.1368421052631579,1
13240,1328.94,9,147.66,660,0.1111111111111111,160,13,6,0.11052631578947368,0
13241,112.53,1,112.53,46,0.0,40,11,6,0.075,0
13242,699.4,7,99.91428571428571,350,0.0,19,12,1,0.05714285714285714,0
13243,1185.98,5,237.196,536,0.0,165,13,3,0.085,0
13244,121.74000000000001,1,121.74000000000001,38,0.0,27,11,3,0.14814814814814814,1
13245,989.22,2,494.61,371,0.0,43,14,6,0.1111111111111111,0
13246,3204.06,14,228.86142857142858,2671,0.21428571428571427,229,13,2,0.13972602739726028,1
13247,501.12,4,125.28,328,0.0,18,11,6,0.16,0
13248,465.68,2,232.84,305,0.0,25,13,4,0.15384615384615385,0
13249,1608.93,9,178.77,1246,0.0,21,16,2,0.11428571428571428,0
13250,245.59,3,81.86333333333333,105,0.3333333333333333,17,14,6,0.05,0
13251,252.68,1,252.68,215,0.0,25,13,1,0.08,0
13252,341.3,3,113.76666666666667,128,0.3333333333333333,19,10,2,0.18181818181818182,0
13253,2951.11,4,737.7775,3015,0.0,73,12,1,0.10666666666666667,1
13254,51.410000000000004,1,51.410000000000004,43,0.0,4,15,6,0.5,1
13255,669.91,4,167.4775,404,0.25,26,13,2,0.037037037037037035,1
13256,0.0,1,0.0,12540,0.0,1,15,4,0.0,0
13257,117.95,3,39.31666666666667,29,0.6666666666666666,7,14,2,0.1111111111111111,0
13258,1002.4799999999999,5,200.49599999999998,445,0.0,29,13,2,0.06976744186046512,0
13259,1378.81,9,153.20111111111112,489,0.0,234,10,6,0.11038961038961038,0
13260,557.62,1,557.62,142,0.0,8,13,6,0.25,0
13261,944.1,2,472.05,210,0.0,8,10,6,0.0,1
13262,573.45,3,191.15,247,0.0,48,12,6,0.16,0
13263,8477.0,39,217.35897435897436,5287,0.0,507,15,3,0.1062367864693446,0
13264,722.5600000000001,1,722.5600000000001,375,0.0,38,12,3,0.13157894736842105,0
13265,2092.66,5,418.532,1740,0.0,66,9,4,0.08888888888888889,0
13266,5984.0199999999995,30,199.46733333333333,6717,0.36666666666666664,154,11,3,0.13803680981595093,1
13267,9197.66,50,183.9532,3895,0.28,153,9,2,0.12873563218390804,1
13268,3097.1,15,206.47333333333333,3581,0.26666666666666666,257,11,3,0.1382488479262673,1
13269,8505.36,30,283.512,6360,0.06666666666666667,239,12,6,0.10224948875255624,0
13270,590.0,1,590.0,200,0.0,1,14,2,0.0,0
13271,144.7,2,72.35,129,0.5,79,14,2,0.11904761904761904,1
13272,276.56,2,138.28,96,0.0,15,12,6,0.2,1
13273,138.98,1,138.98,153,0.0,16,14,3,0.125,1
13274,360.85,1,360.85,199,0.0,19,13,1,0.10526315789473684,0
13275,238.86,2,119.43,138,0.0,48,14,2,0.16666666666666666,0
13276,1842.31,7,263.1871428571429,826,0.2857142857142857,210,14,6,0.10256410256410256,0
13277,523.3,7,74.75714285714285,382,0.0,10,14,3,0.17391304347826086,0
13278,1428.2,5,285.64,1355,0.2,80,11,6,0.11009174311926606,0
13279,126.30000000000001,2,63.150000000000006,70,0.5,9,17,3,0.09090909090909091,0
13280,2256.5299999999997,8,282.06624999999997,1481,0.125,159,16,3,0.08823529411764706,0
13281,306.45,3,102.14999999999999,175,0.6666666666666666,24,16,6,0.07692307692307693,1
13282,1228.89,7,175.5557142857143,392,0.42857142857142855,43,15,0,0.05555555555555555,0
13283,373.36,4,93.34,204,0.0,19,13,1,0.1,1
13284,196.15,2,98.075,79,0.5,13,9,3,0.0,1
13285,3364.59,6,560.765,2457,0.0,182,13,2,0.1341991341991342,0
13286,708.06,1,708.06,267,0.0,46,15,6,0.13043478260869565,0
13287,519.67,7,74.23857142857142,237,0.5714285714285714,46,15,3,0.0945945945945946,0
13288,892.16,6,148.69333333333333,376,0.16666666666666666,7,15,2,0.16666666666666666,1
13289,307.95,1,307.95,119,0.0,16,11,2,0.0625,1
13290,-208.63,3,-69.54333333333334,-1,0.6666666666666666,1,11,0,0.0,0
13291,3200.32,11,290.9381818181818,1576,0.0,155,19,3,0.12987012987012986,1
13292,987.79,6,164.63166666666666,514,0.16666666666666666,55,10,0,0.05,0
13293,1180.34,7,168.61999999999998,549,0.14285714285714285,52,12,1,0.1095890410958904,0
13294,1689.53,3,563.1766666666666,996,0.0,93,12,2,0.06862745098039216,0
13295,1061.27,9,117.91888888888889,699,0.5555555555555556,56,11,6,0.16,0
13296,792.51,6,132.085,653,0.0,50,8,1,0.16981132075471697,1
13297,4352.67,8,544.08375,2693,0.125,108,15,0,0.07258064516129033,0
13298,360.0,1,360.0,96,0.0,2,13,3,0.5,0
13299,1173.3,5,234.66,408,0.4,56,10,1,0.15151515151515152,0
13300,1267.21,5,253.442,447,0.4,44,13,1,0.1206896551724138,0
13301,618.09,4,154.5225,345,0.0,75,13,6,0.1111111111111111,0
13302,159.2,2,79.6,12,0.0,3,12,3,0.6666666666666666,0
13303,61.72,1,61.72,26,0.0,4,14,3,0.0,1
13304,1120.79,7,160.11285714285714,688,0.42857142857142855,59,14,4,0.12643678160919541,0
13305,3616.41,16,226.025625,2228,0.0,153,14,3,0.13,0
13306,53.65,1,53.65,74,0.0,4,14,1,0.0,0
13307,273.34,3,91.11333333333333,140,0.0,15,13,0,0.06666666666666667,0
13308,1652.47,5,330.494,1070,0.2,65,9,3,0.17567567567567569,0
13309,1706.3700000000001,6,284.39500000000004,1914,0.0,95,12,4,0.08461538461538462,0
13310,1492.8,8,186.6,804,0.375,80,17,1,0.11,0
13311,598.57,2,299.285,305,0.0,25,14,1,0.11538461538461539,1
13312,124.75,1,124.75,41,0.0,5,14,1,0.0,0
13313,3423.27,15,228.218,2299,0.2,106,16,0,0.09947643979057591,1
13314,578.66,4,144.665,484,0.25,55,10,1,0.0958904109589041,0
13315,310.26,1,310.26,232,0.0,22,15,1,0.045454545454545456,0
13316,12656.18,12,1054.6816666666666,19882,0.16666666666666666,116,10,2,0.12571428571428572,1
13317,6068.531,31,195.75906451612903,3052,0.3870967741935484,222,13,3,0.09711286089238845,0
13318,640.76,3,213.58666666666667,304,0.0,14,13,2,0.15,0
13319,20974.96,78,268.9097435897436,8902,0.2564102564102564,347,14,3,0.13811007268951195,0
13320,2144.45,9,238.2722222222222,1472,0.3333333333333333,98,10,3,0.11688311688311688,0
13321,567.36,2,283.68,372,0.0,10,15,2,0.09090909090909091,1
13322,199.48000000000002,1,199.48000000000002,117,0.0,25,14,1,0.12,0
13323,787.85,5,157.57,175,0.0,6,13,4,0.047619047619047616,0
13324,10421.369999999999,23,453.1030434782608,8430,0.21739130434782608,36,12,1,0.08633093525179857,0
13325,675.3,1,675.3,240,0.0,12,10,0,0.25,1
13326,281.76,1,281.76,140,0.0,13,16,6,0.07692307692307693,0
13327,8996.03,22,408.91045454545457,4172,0.09090909090909091,176,15,1,0.12923076923076923,0
13328,1308.48,1,1308.48,680,0.0,17,15,3,0.058823529411764705,0
13329,4672.82,14,333.7728571428571,3266,0.42857142857142855,68,14,4,0.136,1
13330,2796.1,6,466.01666666666665,1951,0.0,80,12,1,0.1794871794871795,1
13331,262.4,1,262.4,54,0.0,12,8,2,0.25,0
13332,350.9,1,350.9,179,0.0,21,13,4,0.0,0
13333,1015.74,3,338.58,685,0.0,54,9,2,0.07272727272727272,0
13334,6124.8,6,1020.8000000000001,3178,0.16666666666666666,307,11,0,0.1300639658848614,0
13335,-955.06,1,-955.06,-1,1.0,1,14,3,0.0,0
13336,795.12,1,795.12,559,0.0,51,14,4,0.13725490196078433,1
13337,1548.55,2,774.275,955,0.5,88,13,4,0.15555555555555556,1
13338,2223.62,10,222.362,1126,0.6,113,12,1,0.1095890410958904,0
13339,860.12,1,860.12,326,0.0,54,8,0,0.1111111111111111,1
13340,22100.56,12,1841.7133333333334,9636,0.0,190,11,1,0.13023255813953488,1
13341,775.85,1,775.85,301,0.0,42,9,3,0.14285714285714285,0
13342,-14.100000000000001,1,-14.100000000000001,-4,1.0,2,16,3,0.0,0
13343,303.93,2,151.965,126,0.5,19,12,2,0.0,0
13344,2511.69,3,837.23,952,0.0,115,10,0,0.10344827586206896,1
13345,377.6,2,188.8,139,0.5,20,9,4,0.0,1
13346,299.4,6,49.9,180,0.0,4,14,2,0.5,1
13347,341.36,1,341.36,205,0.0,8,13,4,0.0,0
13348,233.76,1,233.76,136,0.0,14,17,3,0.0,1
13349,247.32,1,247.32,225,0.0,16,8,1,0.0,0
13350,910.72,3,303.5733333333333,284,0.3333333333333333,36,13,2,0.06976744186046512,0
13351,373.94,1,373.94,117,0.0,16,12,1,0.0625,0
13352,389.28,2,194.64,315,0.5,24,13,0,0.14814814814814814,0
13353,-28.849999999999998,1,-28.849999999999998,-3,1.0,3,11,1,0.0,1
13354,743.53,1,743.53,604,0.0,51,13,3,0.13725490196078433,1
13355,674.7,1,674.7,314,0.0,32,14,1,0.09375,0
13356,768.24,1,768.24,325,0.0,42,14,1,0.16666666666666666,0
13357,3770.68,5,754.136,2095,0.0,284,14,0,0.11398963730569948,0
13358,439.03,1,439.03,285,0.0,29,11,2,0.13793103448275862,0
13359,1001.96,4,250.49,374,0.5,52,15,0,0.08196721311475409,0
13360,1464.1,7,209.15714285714284,932,0.42857142857142855,58,12,3,0.1095890410958904,1
13361,1450.5,2,725.25,324,0.0,29,7,3,0.14705882352941177,0
13362,5357.57,10,535.757,2469,0.3,186,11,4,0.13815789473684212,0
13363,1723.86,3,574.62,1146,0.0,78,11,1,0.06862745098039216,0
13364,0.0,2,0.0,0,0.5,10,9,1,0.05,1
13365,2164.32,4,541.08,1236,0.5,124,12,6,0.11940298507462686,1
13366,56.160000000000004,1,56.160000000000004,144,0.0,1,13,3,0.0,0
13367,510.20000000000005,1,510.20000000000005,253,0.0,20,10,0,0.15,1
13368,1086.1,5,217.21999999999997,594,0.2,45,9,0,0.1320754716981132,0
13369,263.75,2,131.875,127,0.5,14,11,3,0.10526315789473684,0
13370,721.32,2,360.66,336,0.5,39,10,4,0.11363636363636363,0
13371,2271.46,4,567.865,1016,0.5,75,15,2,0.031578947368421054,1
13372,378.64,1,378.64,159,0.0,23,12,6,0.21739130434782608,0
13373,7587.1900000000005,6,1264.5316666666668,4263,0.0,292,10,6,0.11173184357541899,0
13374,422.8,2,211.4,135,0.0,17,10,3,0.11764705882352941,0
13375,1786.48,3,595.4933333333333,1123,0.3333333333333333,62,10,0,0.1111111111111111,1
13376,1019.76,3,339.92,493,0.0,45,13,1,0.09433962264150944,0
13377,1495.43,4,373.8575,744,0.5,71,12,0,0.13580246913580246,0
13378,-756.4,1,-756.4,-1,1.0,1,11,2,1.0,0
13379,555.72,3,185.24,569,0.0,85,15,6,0.14893617021276595,0
13380,62.4,1,62.4,48,0.0,3,10,6,0.0,0
13381,8186.27,15,545.7513333333334,5109,0.2,155,10,0,0.11666666666666667,0
13382,1387.58,5,277.51599999999996,863,0.0,74,9,3,0.1511627906976744,1
13383,305.28000000000003,1,305.28000000000003,288,0.0,1,11,0,1.0,1
13384,6635.09,15,442.33933333333334,4130,0.26666666666666666,192,12,1,0.1070110701107011,0
13385,534.57,1,534.57,281,0.0,35,9,4,0.17142857142857143,1
13386,835.46,2,417.73,514,0.0,24,13,1,0.12903225806451613,0
13387,186.94,1,186.94,123,0.0,71,14,0,0.11267605633802817,1
13388,1135.7,4,283.925,700,0.25,68,12,6,0.1,1
13389,797.96,3,265.9866666666667,429,0.0,50,9,0,0.13725490196078433,1
13390,544.08,1,544.08,224,0.0,13,8,0,0.3076923076923077,0
13391,59.8,1,59.8,4,0.0,1,10,4,0.0,1
13392,91.14,1,91.14,82,0.0,8,13,6,0.0,0
13393,1105.85,6,184.3083333333333,658,0.3333333333333333,54,9,0,0.1095890410958904,1
13394,6323.88,24,263.495,5157,0.20833333333333334,256,12,3,0.13002364066193853,0
13395,1180.23,3,393.41,1660,0.0,77,14,3,0.12345679012345678,0
13396,1325.29,4,331.3225,592,0.5,42,16,3,0.10638297872340426,0
13397,3094.11,13,238.00846153846155,1327,0.23076923076923078,69,13,1,0.15053763440860216,0
13398,670.34,2,335.17,341,0.0,37,13,1,0.1282051282051282,0
13399,275.4,3,91.8,120,0.0,10,17,3,0.2,0
13400,300.93,2,150.465,282,0.5,23,9,3,0.125,0
13401,-1834.14,1,-1834.14,-1,1.0,1,15,3,0.0,0
13402,1226.8500000000001,4,306.71250000000003,917,0.0,55,15,3,0.11392405063291139,0
13403,229.5,3,76.5,114,0.0,9,8,2,0.1111111111111111,0
13404,252.49,2,126.245,111,0.0,11,11,2,0.09090909090909091,0
13405,1196.56,9,132.95111111111112,847,0.3333333333333333,33,16,3,0.06666666666666667,0
13406,557.22,3,185.74,286,0.3333333333333333,7,14,4,0.0,0
13407,2111.89,6,351.9816666666666,1623,0.5,86,11,1,0.10869565217391304,0
13408,49404.702,135,365.9607555555555,28519,0.21481481481481482,323,12,0,0.09579439252336448,1
13409,-525.65,1,-525.65,-1,1.0,1,15,3,0.0,1
13410,2172.51,12,181.04250000000002,1233,0.25,25,15,0,0.1509433962264151,0
13411,209.8,1,209.8,69,0.0,17,13,2,0.17647058823529413,1
13412,474.59999999999997,1,474.59999999999997,175,0.0,33,16,0,0.09090909090909091,0
13413,345.8,8,43.225,382,0.25,39,12,2,0.17777777777777778,0
13414,2482.24,7,354.60571428571427,2700,0.14285714285714285,50,11,3,0.07017543859649122,0
13415,665.42,5,133.084,404,0.2,85,14,4,0.09734513274336283,0
13416,940.8000000000001,3,313.6,208,0.0,16,14,3,0.038461538461538464,1
13417,1593.89,7,227.69857142857146,508,0.14285714285714285,57,12,0,0.10975609756097561,0
13418,11242.22,37,303.84378378378375,7271,0.16216216216216217,328,14,2,0.10382513661202186,0
13419,221.06,1,221.06,275,0.0,16,12,4,0.1875,0
13420,140.35,4,35.0875,88,0.5,8,8,2,0.1,0
13421,3970.8,11,360.9818181818182,2311,0.2727272727272727,176,15,6,0.125,0
13422,2601.55,2,1300.775,1321,0.5,127,13,3,0.1484375,1
13423,217.03,1,217.03,141,0.0,12,9,3,0.0,0
13424,557.92,2,278.96,526,0.5,40,10,3,0.0975609756097561,0
13425,3362.73,8,420.34125,2352,0.375,124,14,4,0.10555555555555556,0
13426,8076.76,24,336.5316666666667,4847,0.08333333333333333,163,12,2,0.11594202898550725,0
13427,1006.53,6,167.755,880,0.0,35,12,3,0.11538461538461539,0
13428,474.8,3,158.26666666666668,352,0.0,122,14,1,0.1323529411764706,0
13429,1006.8,4,251.7,1390,0.0,55,12,6,0.13432835820895522,0
13430,648.6899999999999,4,162.17249999999999,738,0.5,49,14,2,0.18518518518518517,0
13431,3289.24,9,365.4711111111111,1566,0.1111111111111111,113,11,0,0.13846153846153847,1
13432,438.45,2,219.225,216,0.0,98,13,0,0.08181818181818182,0
13433,656.87,5,131.374,189,0.2,22,17,3,0.2,0
13434,1666.8600000000001,5,333.372,864,0.0,17,9,0,0.05714285714285714,0
13435,4373.0,11,397.54545454545456,2669,0.18181818181818182,96,13,6,0.1095890410958904,1
13436,196.89,1,196.89,76,0.0,12,10,3,0.0,0
13437,3408.06,7,486.86571428571426,1283,0.0,143,14,3,0.15568862275449102,1
13438,46.5,1,46.5,10,0.0,1,18,3,0.0,0
13439,983.31,3,327.77,950,0.0,132,14,1,0.15151515151515152,0
13440,1213.95,10,121.39500000000001,551,0.3,49,10,1,0.21428571428571427,1
13441,720.9,2,360.45,520,0.0,33,10,0,0.15789473684210525,0
13442,419.87,3,139.95666666666668,115,0.0,33,14,1,0.13157894736842105,0
13443,1234.11,7,176.30142857142854,790,0.14285714285714285,176,12,4,0.09,0
13444,572.33,2,286.165,308,0.0,51,13,1,0.1509433962264151,0
13445,241.89999999999998,1,241.89999999999998,198,0.0,7,15,1,0.14285714285714285,0
13446,3608.86,18,200.49222222222224,2337,0.3888888888888889,115,11,3,0.0794392523364486,0
13447,1104.23,4,276.0575,577,0.25,55,13,6,0.11290322580645161,0
13448,7886.81,19,415.09526315789475,4148,0.3157894736842105,321,12,3,0.10694183864915573,0
13449,291.88,1,291.88,222,0.0,19,8,2,0.21052631578947367,0
13450,4117.54,14,294.11,4316,0.07142857142857142,57,14,3,0.08783783783783784,1
13451,6911.73,13,531.6715384615384,5147,0.15384615384615385,562,16,6,0.11811811811811812,0
13452,729.8,3,243.26666666666665,6,0.0,2,9,0,0.0,0
13453,758.99,5,151.798,339,0.4,33,13,1,0.023809523809523808,0
13454,219.87,1,219.87,198,0.0,23,14,0,0.13043478260869565,0
13455,2080.88,11,189.1709090909091,767,0.45454545454545453,79,14,2,0.12686567164179105,0
13456,1737.8200000000002,7,248.26000000000002,756,0.14285714285714285,43,15,4,0.16923076923076924,1
13457,143.27,4,35.8175,93,0.5,9,12,2,0.0,0
13458,11850.62,24,493.77583333333337,6712,0.3333333333333333,290,15,3,0.10462776659959759,1
13459,1160.4099999999999,2,580.2049999999999,986,0.0,57,13,1,0.0958904109589041,1
13460,183.44,2,91.72,286,0.0,16,9,4,0.17647058823529413,0
13461,4138.5,8,517.3125,3128,0.25,30,13,2,0.09090909090909091,0
13462,1145.6,6,190.9333333333333,696,0.16666666666666666,64,10,0,0.041666666666666664,0
13463,-158.65,1,-158.65,-1,1.0,1,15,4,0.0,0
13464,3083.89,7,440.55571428571426,1429,0.14285714285714285,128,15,2,0.1513157894736842,0
13465,931.12,2,465.56,584,0.0,34,15,6,0.20588235294117646,1
13466,952.25,7,136.03571428571428,648,0.2857142857142857,49,13,2,0.11864406779661017,1
13467,994.76,2,497.38,541,0.0,89,16,3,0.10989010989010989,0
13468,12494.38,87,143.6135632183908,5557,0.1724137931034483,292,10,3,0.14545454545454545,0
13469,82.4,1,82.4,52,0.0,6,15,2,0.0,0
13470,165.0,2,82.5,100,0.0,7,17,1,0.1,0
13471,2391.17,4,597.7925,1476,0.0,214,11,6,0.09871244635193133,0
13472,592.24,2,296.12,310,0.0,24,9,2,0.14285714285714285,1
13473,2410.98,10,241.098,956,0.2,65,10,1,0.09722222222222222,0
13474,642.54,3,214.17999999999998,310,0.0,116,14,6,0.07317073170731707,1
13475,1431.78,4,357.945,1012,0.0,64,12,2,0.1511627906976744,0
13476,1915.77,7,273.68142857142857,710,0.2857142857142857,86,12,1,0.11926605504587157,0
13477,2806.12,13,215.8553846153846,2088,0.15384615384615385,112,12,3,0.1069182389937107,1
13478,2068.03,7,295.4328571428572,1168,0.2857142857142857,114,14,2,0.10687022900763359,0
13479,808.5,7,115.5,708,0.42857142857142855,45,16,3,0.1206896551724138,1
13480,627.82,2,313.91,362,0.0,40,12,4,0.07317073170731707,0
13481,3803.09,14,271.6492857142857,2040,0.21428571428571427,162,9,1,0.09251101321585903,1
13482,336.09,2,168.045,187,0.0,20,17,3,0.1,1
13483,140.34,1,140.34,160,0.0,10,11,2,0.2,0
13484,767.32,4,191.83,212,0.25,38,13,6,0.1,1
13485,2957.92,15,197.19466666666668,1788,0.26666666666666666,132,15,1,0.14814814814814814,1
13486,1122.41,3,374.1366666666667,669,0.0,69,13,2,0.17391304347826086,1
13487,846.87,5,169.374,362,0.0,31,10,1,0.12244897959183673,1
13488,14131.81,29,487.30379310344824,7358,0.20689655172413793,370,11,1,0.11224489795918367,0
13489,449.52,4,112.38,560,0.0,11,10,4,0.14285714285714285,0
13490,154.25,1,154.25,25,0.0,8,14,1,0.125,0
13491,4467.66,27,165.46888888888887,2349,0.0,144,9,2,0.09578544061302682,1
13492,1269.84,3,423.28,408,0.0,38,14,1,0.16,0
13493,618.63,2,309.315,380,0.0,6,15,2,0.0,0
13494,316.26000000000005,1,316.26000000000005,162,0.0,18,11,1,0.05555555555555555,1
13495,4790.41,13,368.4930769230769,2443,0.23076923076923078,59,13,0,0.12056737588652482,0
13496,617.93,3,205.97666666666666,329,0.3333333333333333,28,10,2,0.1111111111111111,0
13497,1139.83,7,162.83285714285714,521,0.14285714285714285,52,12,0,0.13559322033898305,0
13498,327.38,1,327.38,362,0.0,17,15,2,0.058823529411764705,1
13499,1146.96,7,163.85142857142858,1358,0.2857142857142857,31,14,1,0.08888888888888889,0
13500,1436.3,5,287.26,814,0.2,77,15,2,0.08045977011494253,0
13501,2840.26,5,568.052,1238,0.4,90,13,1,0.0603448275862069,0
13502,774.6,6,129.1,488,0.16666666666666666,28,10,2,0.058823529411764705,0
13503,1665.29,12,138.77416666666667,1056,0.5,159,13,1,0.08333333333333333,1
13504,295.93,1,295.93,178,0.0,22,13,3,0.09090909090909091,0
13505,4282.88,8,535.36,2461,0.5,182,11,2,0.10572687224669604,0
13506,1308.53,8,163.56625,936,0.375,55,12,6,0.08139534883720931,1
13507,2479.16,4,619.79,1597,0.0,146,11,6,0.1111111111111111,0
13508,287.05,2,143.525,180,0.0,27,11,6,0.10714285714285714,1
13509,1114.72,8,139.34,1214,0.0,27,13,2,0.10204081632653061,0
13510,4488.39,17,264.0229411764706,3022,0.35294117647058826,178,13,1,0.11920529801324503,0
13511,244.61,2,122.305,53,0.5,5,12,0,0.0,0
13512,713.39,4,178.3475,419,0.0,31,10,2,0.1282051282051282,0
13513,796.99,4,199.2475,352,0.25,32,16,4,0.11904761904761904,1
13514,815.9000000000001,4,203.97500000000002,288,0.0,15,15,1,0.23809523809523808,0
13515,1265.82,6,210.97,819,0.0,64,11,2,0.06578947368421052,0
13516,1685.26,4,421.315,1114,0.0,55,12,2,0.11475409836065574,1
13517,2109.07,5,421.814,1360,0.4,125,8,0,0.0979020979020979,1
13518,627.16,1,627.16,382,0.0,36,10,3,0.05555555555555555,1
13519,331.26,3,110.42,132,0.3333333333333333,19,11,3,0.0,1
13520,6377.25,15,425.15,3115,0.26666666666666666,81,12,2,0.12135922330097088,0
13521,1039.27,3,346.42333333333335,688,0.0,313,13,3,0.07862407862407862,0
13522,125.80000000000001,1,125.80000000000001,44,0.0,5,15,2,0.0,0
13523,4325.07,7,617.8671428571428,1982,0.14285714285714285,177,8,1,0.0970873786407767,0
13524,680.1800000000001,5,136.036,324,0.0,17,12,6,0.1111111111111111,0
13525,628.78,2,314.39,394,0.0,5,12,4,0.3333333333333333,0
13526,862.21,4,215.5525,1478,0.5,29,12,1,0.044444444444444446,0
13527,4402.4400000000005,14,314.46000000000004,2672,0.14285714285714285,267,12,6,0.10440835266821345,0
13528,-40.0,1,-40.0,-16,1.0,1,16,1,0.0,0
13529,307.76,2,153.88,74,0.0,15,9,3,0.06666666666666667,0
13530,402.97999999999996,1,402.97999999999996,272,0.0,18,14,0,0.3888888888888889,0
13531,1433.07,6,238.845,497,0.0,44,15,3,0.13333333333333333,0
13532,210.31,1,210.31,129,0.0,66,12,6,0.12121212121212122,0
13533,260.15,3,86.71666666666665,196,0.0,61,12,3,0.0684931506849315,0
13534,7324.5,60,122.075,3708,0.4166666666666667,164,10,2,0.09327548806941431,0
13535,89.5,1,89.5,10,0.0,1,11,1,0.0,0
13536,3437.07,7,491.01000000000005,2116,0.0,91,13,6,0.10795454545454546,1
13537,717.85,2,358.925,337,0.0,38,10,1,0.14285714285714285,0
13538,3070.15,12,255.84583333333333,943,0.0,105,14,0,0.13043478260869565,0
13539,1531.26,9,170.14,698,0.2222222222222222,70,15,3,0.2159090909090909,0
13540,632.39,3,210.79666666666665,189,0.0,26,9,0,0.25,0
13541,717.9,3,239.29999999999998,266,0.3333333333333333,10,16,4,0.0,0
13542,3886.73,18,215.92944444444444,793,0.05555555555555555,98,11,6,0.12727272727272726,0
13543,1425.66,2,712.83,326,0.0,37,13,0,0.15217391304347827,0
13544,771.2,7,110.17142857142858,324,0.14285714285714285,219,11,6,0.14042553191489363,0
13545,337.64,3,112.54666666666667,245,0.3333333333333333,56,11,6,0.125,1
13546,1068.89,5,213.77800000000002,574,0.0,95,14,0,0.14093959731543623,0
13547,167.08,1,167.08,79,0.0,44,14,2,0.06818181818181818,0
13548,842.01,3,280.67,469,0.0,169,13,6,0.11602209944751381,0
13549,1003.72,9,111.52444444444444,553,0.1111111111111111,44,13,1,0.11666666666666667,1
13550,334.04,1,334.04,425,0.0,40,15,6,0.025,0
13551,244.2,2,122.1,36,0.0,5,14,0,0.2,1
13552,6547.03,32,204.5946875,2542,0.3125,162,15,4,0.15555555555555556,0
13553,476.3,1,476.3,185,0.0,85,12,2,0.16470588235294117,0
13554,1542.36,10,154.236,562,0.3,156,16,2,0.11594202898550725,0
13555,8583.04,16,536.44,4622,0.1875,264,11,1,0.12531969309462915,1
13556,200.82,2,100.41,134,0.0,8,9,3,0.0,0
13557,2980.08,16,186.255,2360,0.1875,126,11,4,0.15300546448087432,1
13558,592.43,4,148.1075,335,0.0,123,11,6,0.1317365269461078,0
13559,990.0,2,495.0,360,0.0,1,9,0,0.0,1
13560,171.42000000000002,1,171.42000000000002,63,0.0,32,13,4,0.0,0
13561,1760.26,11,160.02363636363637,1095,0.0,131,14,6,0.11061946902654868,0
13562,4838.18,8,604.7725,1603,0.0,88,10,3,0.11224489795918367,0
13563,777.53,2,388.765,209,0.0,49,17,4,0.16326530612244897,1
13564,14886.79,54,275.6812962962963,8678,0.3148148148148148,491,16,3,0.12059064807219032,0
13565,414.8,3,138.26666666666668,260,0.0,45,14,6,0.08333333333333333,0
13566,1629.01,5,325.802,1208,0.0,263,12,6,0.13725490196078433,0
13567,1045.49,5,209.098,628,0.2,180,12,2,0.15151515151515152,0
13568,165.35,1,165.35,60,0.0,41,14,6,0.17073170731707318,1
13569,707.32,4,176.83,328,0.0,140,13,1,0.13372093023255813,0
13570,239.49,1,239.49,161,0.0,27,13,6,0.1111111111111111,0
13571,4449.05,26,171.1173076923077,3138,0.0,263,12,2,0.1202435312024353,0
13572,1323.05,1,1323.05,510,0.0,32,11,2,0.21875,0
13573,884.32,6,147.38666666666668,636,0.0,73,14,3,0.1125,1
13574,375.58,1,375.58,281,0.0,84,13,6,0.13095238095238096,0
13575,732.0699999999999,5,146.414,449,0.0,41,11,4,0.15217391304347827,0
13576,11167.0,32,348.96875,4493,0.125,146,12,2,0.12186379928315412,1
13577,3346.62,14,239.0442857142857,1612,0.21428571428571427,102,10,3,0.1206896551724138,0
13578,147.66,1,147.66,127,0.0,9,13,1,0.2222222222222222,1
13579,1371.14,6,228.52333333333334,714,0.16666666666666666,72,13,4,0.12048192771084337,0
13580,107.75,1,107.75,45,0.0,5,15,4,0.0,0
13581,280.53000000000003,2,140.26500000000001,119,0.0,32,16,3,0.15151515151515152,1
13582,241.68,2,120.84,106,0.0,10,11,0,0.0,0
13583,1445.031,2,722.5155,1097,0.0,93,10,3,0.14583333333333334,1
13584,337.1,5,67.42,271,0.4,74,13,3,0.20238095238095238,1
13585,674.46,4,168.615,1338,0.25,29,16,0,0.1,0
13586,127.28,1,127.28,38,0.0,20,13,2,0.05,0
13587,1308.1,6,218.01666666666665,644,0.3333333333333333,27,13,3,0.21212121212121213,0
13588,2445.12,13,188.08615384615385,2573,0.3076923076923077,132,9,3,0.12222222222222222,0
13589,1120.74,6,186.79,293,0.0,48,12,6,0.057692307692307696,1
13590,6277.64,21,298.9352380952381,5255,0.14285714285714285,255,12,2,0.08088235294117647,1
13591,2081.19,8,260.14875,849,0.125,89,12,3,0.10784313725490197,1
13592,247.95999999999998,4,61.989999999999995,84,0.0,15,14,1,0.125,0
13593,5418.81,16,338.675625,2102,0.125,212,16,2,0.09068627450980392,1
13594,508.42,3,169.47333333333333,394,0.3333333333333333,33,10,1,0.17142857142857143,0
13595,736.76,3,245.58666666666667,306,0.0,114,14,2,0.11450381679389313,0
13596,648.98,2,324.49,369,0.0,133,11,6,0.09420289855072464,0
13597,372.21,3,124.07,220,0.3333333333333333,18,9,1,0.10526315789473684,0
13598,688.42,6,114.73666666666666,359,0.16666666666666666,78,14,6,0.13636363636363635,0
13599,9430.85,52,181.3625,6022,0.36538461538461536,236,9,1,0.1536643026004728,0
13600,518.42,2,259.21,599,0.0,35,17,0,0.0975609756097561,0
13601,1145.29,4,286.3225,951,0.0,160,15,4,0.13736263736263737,0
13602,1025.17,4,256.2925,538,0.0,49,11,3,0.15517241379310345,1
13603,164.34,1,164.34,164,0.0,27,15,6,0.037037037037037035,1
13604,713.39,2,356.695,239,0.5,21,12,4,0.043478260869565216,1
13605,516.07,2,258.035,421,0.0,50,17,2,0.038461538461538464,1
13606,276.75,3,92.25,276,0.0,40,12,6,0.125,0
13607,1029.21,3,343.07,440,0.3333333333333333,110,16,6,0.11016949152542373,0
13608,217.4,1,217.4,101,0.0,31,12,3,0.06451612903225806,0
13609,167.35,1,167.35,19,0.0,7,13,6,0.0,0
13610,2038.4,17,119.90588235294118,835,0.17647058823529413,309,14,6,0.11645569620253164,1
13611,3233.23,14,230.945,1965,0.2857142857142857,170,14,2,0.10822510822510822,1
13612,777.79,2,388.895,438,0.5,51,12,2,0.21153846153846154,0
13613,1039.8500000000001,5,207.97000000000003,445,0.0,50,12,0,0.1016949152542373,0
13614,2310.76,6,385.1266666666667,814,0.0,227,14,1,0.10344827586206896,0
13615,6212.2300000000005,12,517.6858333333333,2891,0.3333333333333333,259,13,4,0.13297872340425532,1
13616,272.75,2,136.375,154,0.0,31,14,6,0.1875,0
13617,1233.55,9,137.0611111111111,581,0.1111111111111111,48,13,6,0.10476190476190476,1
13618,177.34,1,177.34,246,0.0,13,11,6,0.0,1
13619,215.24,2,107.62,75,0.0,39,11,2,0.19047619047619047,0
13620,112.34,1,112.34,74,0.0,5,15,1,0.2,0
13621,213.85,1,213.85,343,0.0,19,8,0,0.10526315789473684,1
13622,651.45,2,325.725,377,0.5,32,13,1,0.058823529411764705,0
13623,2187.86,15,145.85733333333334,893,0.3333333333333333,214,13,2,0.13028169014084506,1
13624,427.18,2,213.59,814,0.5,22,13,1,0.0,1
13625,301.26,1,301.26,144,0.0,21,10,3,0.09523809523809523,1
13626,689.49,3,229.83,395,0.3333333333333333,44,16,3,0.13043478260869565,0
13627,2217.55,10,221.75500000000002,1627,0.3,118,14,3,0.20454545454545456,0
13628,310.14,1,310.14,106,0.0,16,14,0,0.1875,1
13629,13370.86,19,703.7294736842106,7722,0.0,28,8,2,0.12643678160919541,1
13630,1995.68,11,181.42545454545456,1377,0.36363636363636365,51,15,4,0.15,0
13631,3021.77,12,251.81416666666667,460,0.08333333333333333,6,15,1,0.25,0
13632,3632.36,10,363.236,1630,0.2,166,15,2,0.09417040358744394,1
13633,-306.66,1,-306.66,-1,1.0,1,15,3,0.0,0
13634,4356.86,17,256.28588235294114,1904,0.058823529411764705,269,14,6,0.10515021459227468,0
13635,2948.22,6,491.36999999999995,1869,0.3333333333333333,136,10,0,0.07784431137724551,0
13636,941.62,6,156.93666666666667,586,0.16666666666666666,57,10,3,0.0625,0
13637,790.35,3,263.45,394,0.0,79,13,2,0.09473684210526316,0
13638,122.64,1,122.64,93,0.0,8,10,3,0.125,0
13639,1326.35,2,663.175,973,0.0,49,13,0,0.22413793103448276,1
13640,405.0,1,405.0,108,0.0,4,15,2,0.25,1
13641,921.82,7,131.68857142857144,1080,0.2857142857142857,41,12,2,0.14,1
13642,448.4,5,89.67999999999999,223,0.2,93,12,6,0.0970873786407767,0
13643,2112.17,15,140.81133333333335,894,0.3333333333333333,72,15,1,0.09345794392523364,0
13644,2597.52,5,519.504,2060,0.2,144,11,2,0.12837837837837837,0
13645,252.1,1,252.1,158,0.0,5,16,3,0.0,0
13646,323.3,3,107.76666666666667,78,0.3333333333333333,58,12,4,0.06779661016949153,0
13647,3033.78,9,337.0866666666667,1794,0.1111111111111111,98,10,3,0.10714285714285714,0
13648,1679.01,11,152.63727272727272,928,0.2727272727272727,95,10,2,0.1592920353982301,1
13649,1450.73,6,241.78833333333333,781,0.0,97,16,6,0.08411214953271028,1
13650,3098.5,16,193.65625,1674,0.375,129,12,1,0.11956521739130435,0
13651,208.95,4,52.2375,60,0.25,14,9,1,0.0,0
13652,2262.05,5,452.41,1458,0.0,116,14,3,0.10638297872340426,1
13653,152.2,1,152.2,72,0.0,9,8,0,0.1111111111111111,1
13654,6308.0,11,573.4545454545455,4762,0.0,262,11,6,0.1641337386018237,0
13655,2259.3,8,282.4125,1212,0.25,104,14,1,0.13008130081300814,0
13656,1053.35,7,150.47857142857143,859,0.42857142857142855,81,10,3,0.1111111111111111,0
13657,382.14,2,191.07,209,0.0,16,12,6,0.25,0
13658,5772.07,13,444.00538461538457,2146,0.3076923076923077,164,13,3,0.11020408163265306,0
13659,4651.51,17,273.61823529411765,2472,0.29411764705882354,226,12,3,0.09574468085106383,0
13660,294.06,2,147.03,130,0.5,39,16,3,0.2,0
13661,325.24,1,325.24,118,0.0,17,14,3,0.17647058823529413,0
13662,2166.63,17,127.44882352941177,1142,0.35294117647058826,126,13,4,0.16326530612244897,0
13663,2013.6100000000001,6,335.6016666666667,891,0.16666666666666666,87,14,2,0.12871287128712872,1
13664,-13.14,1,-13.14,-1,1.0,1,16,1,0.0,0
13665,1711.6599999999999,3,570.5533333333333,1652,0.0,97,13,4,0.09433962264150944,0
13666,127.89999999999999,5,25.58,54,0.0,19,15,4,0.15789473684210525,1
13667,296.32,1,296.32,142,0.0,82,15,2,0.10975609756097561,0
13668,12551.93,47,267.06234042553194,5918,0.2553191489361702,411,12,3,0.13688212927756654,1
13669,413.55,3,137.85,393,0.0,13,9,3,0.14285714285714285,0
13670,349.7,1,349.7,282,0.0,25,15,6,0.08,0
13671,167.2,1,167.2,91,0.0,61,10,2,0.09836065573770492,0
13672,162.07000000000002,7,23.152857142857147,80,0.5714285714285714,14,13,2,0.14285714285714285,0
13673,374.48,2,187.24,109,0.0,47,15,0,0.08771929824561403,1
13674,215.88,2,107.94,98,0.5,14,10,6,0.0625,0
13675,486.82000000000005,2,243.41000000000003,330,0.0,25,12,0,0.04,0
13676,153.15,3,51.050000000000004,59,0.3333333333333333,13,17,4,0.13333333333333333,0
13677,551.24,2,275.62,217,0.0,98,17,2,0.1792452830188679,1
13678,232.6,1,232.6,924,0.0,16,10,0,0.1875,0
13679,281.26,3,93.75333333333333,102,0.0,44,16,4,0.04,0
13680,9734.29,13,748.7915384615385,4508,0.07692307692307693,354,14,3,0.11666666666666667,0
13681,827.83,4,206.9575,360,0.0,37,11,6,0.08771929824561403,1
13682,59.5,1,59.5,10,0.0,3,14,6,0.0,0
13683,258.6,1,258.6,180,0.0,10,10,2,0.2,0
13684,540.67,6,90.11166666666666,219,0.3333333333333333,81,14,6,0.10810810810810811,0
13685,3119.44,7,445.63428571428574,5056,0.0,29,10,0,0.07692307692307693,0
13686,409.04,3,136.34666666666666,378,0.0,27,13,2,0.08823529411764706,1
13687,11880.84,1,11880.84,87167,0.0,45,16,0,0.2222222222222222,0
13688,375.5,1,375.5,130,0.0,5,14,6,0.4,0
13689,1259.5,2,629.75,722,0.0,6,13,4,0.2222222222222222,0
13690,172.25,1,172.25,67,0.0,9,15,1,0.2222222222222222,0
13691,212.78,1,212.78,145,0.0,54,17,0,0.09259259259259259,0
13692,3016.4500000000003,8,377.05625000000003,2089,0.375,84,13,4,0.12121212121212122,0
13693,1948.32,13,149.8707692307692,871,0.3076923076923077,80,10,6,0.16964285714285715,0
13694,190020.84,164,1158.6636585365854,184534,0.12804878048780488,902,10,3,0.12250161186331399,0
13695,2770.73,16,173.170625,1791,0.0,47,14,4,0.125,1
13696,2008.7,4,502.175,546,0.25,25,14,3,0.04,0
13697,151.29999999999998,1,151.29999999999998,177,0.0,12,9,1,0.08333333333333333,0
13698,429.73,2,214.865,218,0.0,31,11,3,0.23529411764705882,1
13699,711.4,3,237.13333333333333,214,0.3333333333333333,33,13,0,0.125,0
13700,2569.7200000000003,14,183.5514285714286,2775,0.07142857142857142,163,11,6,0.09836065573770492,1
13701,159.55,2,79.775,79,0.5,9,12,6,0.2,0
13702,135.18,1,135.18,74,0.0,5,11,0,0.0,1
13703,93.55,3,31.183333333333334,9,0.3333333333333333,36,13,2,0.07042253521126761,0
13704,2295.31,10,229.531,1528,0.1,111,15,1,0.14814814814814814,1
13705,1717.19,7,245.31285714285715,906,0.0,55,14,4,0.14864864864864866,0
13706,631.17,2,315.585,301,0.0,38,9,3,0.21052631578947367,0
13707,3365.86,5,673.172,2210,0.0,142,10,2,0.09032258064516129,0
13708,285.33,1,285.33,301,0.0,49,13,6,0.14285714285714285,1
13709,7492.41,22,340.5640909090909,4107,0.18181818181818182,296,14,4,0.11270983213429256,0
13710,509.52,3,169.84,336,0.0,13,8,1,0.06666666666666667,0
13711,1632.6100000000001,15,108.84066666666668,796,0.4,81,18,3,0.10679611650485436,1
13712,766.42,2,383.21,1128,0.0,32,11,3,0.18181818181818182,1
13713,730.96,3,243.65333333333334,276,0.0,70,16,2,0.11842105263157894,0
13714,161.35,1,161.35,50,0.0,30,13,1,0.13333333333333333,1
13715,7964.79,21,379.2757142857143,4705,0.19047619047619047,277,12,3,0.11264822134387352,0
13716,138.28,1,138.28,138,0.0,21,13,1,0.19047619047619047,1
13717,1748.05,11,158.91363636363636,2141,0.2727272727272727,110,14,0,0.06299212598425197,1
13718,306.55,2,153.275,173,0.0,9,11,3,0.08333333333333333,0
13719,2783.08,11,253.00727272727272,1588,0.0,194,14,1,0.10887096774193548,0
13720,799.9,4,199.975,501,0.0,42,9,2,0.06976744186046512,1
13721,741.54,2,370.77,512,0.0,41,14,3,0.07142857142857142,1
13722,5629.16,11,511.7418181818182,3058,0.09090909090909091,137,10,2,0.11052631578947368,0
13723,1162.58,6,193.76333333333332,571,0.0,51,14,2,0.07142857142857142,0
13724,200.01,1,200.01,124,0.0,39,15,4,0.1282051282051282,0
13725,1809.81,11,164.52818181818182,659,0.2727272727272727,97,12,4,0.09322033898305085,1
13726,1079.6599999999999,2,539.8299999999999,1054,0.0,39,11,2,0.07142857142857142,0
13727,1061.4,9,117.93333333333334,365,0.1111111111111111,74,11,2,0.19047619047619047,0
13728,2855.17,16,178.448125,1269,0.0,75,12,2,0.10975609756097561,1
13729,676.4300000000001,5,135.286,405,0.4,36,10,6,0.13636363636363635,1
13730,752.6,2,376.3,488,0.0,38,12,4,0.16279069767441862,0
13731,610.59,2,305.295,278,0.0,36,10,3,0.10526315789473684,0
13732,491.86,1,491.86,498,0.0,33,15,4,0.06060606060606061,0
13733,484.53000000000003,3,161.51000000000002,333,0.3333333333333333,28,12,0,0.06666666666666667,0
13734,3445.34,6,574.2233333333334,209,0.3333333333333333,24,15,4,0.034482758620689655,1
13735,9178.97,22,417.22590909090906,3966,0.4090909090909091,362,13,3,0.12480739599383667,1
13736,2662.96,12,221.91333333333333,1510,0.4166666666666667,327,11,6,0.14336917562724014,0
13737,338.11,1,338.11,124,0.0,29,16,0,0.06896551724137931,0
13738,432.23,1,432.23,234,0.0,88,15,0,0.07954545454545454,0
13739,292.2,2,146.1,76,0.0,6,10,0,0.0,0
13740,1582.77,5,316.554,987,0.0,83,12,2,0.1276595744680851,0
13741,666.33,4,166.5825,217,0.25,34,9,3,0.14285714285714285,0
13742,3047.42,14,217.67285714285714,1094,0.14285714285714285,200,14,6,0.1237785016286645,0
13743,1340.1499999999999,8,167.51874999999998,1775,0.125,8,14,4,0.023809523809523808,1
13744,1080.52,2,540.26,1153,0.0,54,14,6,0.07936507936507936,0
13745,761.27,4,190.3175,1121,0.5,46,17,4,0.06779661016949153,0
13746,176.69,1,176.69,83,0.0,9,11,4,0.0,1
13747,169.79999999999998,2,84.89999999999999,60,0.0,4,9,0,0.0,0
13748,2064.35,9,229.3722222222222,1028,0.0,40,9,0,0.1206896551724138,0
13749,-10.25,1,-10.25,-7,1.0,2,16,3,1.0,0
13750,3563.6,13,274.1230769230769,1360,0.15384615384615385,51,11,3,0.06493506493506493,0
13751,296.25,1,296.25,152,0.0,9,15,3,0.3333333333333333,1
13752,1579.8300000000002,7,225.69000000000003,1005,0.0,75,14,6,0.1276595744680851,0
13753,2094.57,4,523.6425,1450,0.0,64,12,4,0.075,0
13754,447.05,3,149.01666666666668,315,0.0,16,15,1,0.14285714285714285,0
13755,2003.31,10,200.331,1147,0.1,232,13,0,0.11363636363636363,0
13756,8494.29,25,339.77160000000003,5057,0.08,142,16,2,0.13988095238095238,1
13757,195.55,1,195.55,54,0.0,8,12,2,0.0,0
13758,8510.69,19,447.93105263157895,4642,0.21052631578947367,215,16,2,0.11072664359861592,0
13759,659.4100000000001,2,329.70500000000004,287,0.0,24,15,3,0.08,0
13760,1319.82,6,219.97,605,0.16666666666666666,95,13,6,0.10434782608695652,0
13761,1952.17,6,325.3616666666667,1079,0.0,118,14,6,0.09016393442622951,0
13762,2165.76,6,360.96000000000004,2336,0.16666666666666666,23,8,6,0.09523809523809523,0
13763,5181.99,6,863.665,3220,0.5,50,17,3,0.1509433962264151,1
13764,2871.01,6,478.5016666666667,2059,0.0,295,12,6,0.12947658402203857,0
13765,352.821,1,352.821,297,0.0,17,13,2,0.17647058823529413,0
13766,186.6,1,186.6,136,0.0,16,14,6,0.0,0
13767,33480.82,96,348.75854166666664,14500,0.23958333333333334,119,12,1,0.11248454882571075,1
13768,728.37,8,91.04625,351,0.75,37,10,2,0.11904761904761904,0
13769,5444.33,29,187.7355172413793,2436,0.3103448275862069,121,10,2,0.11498257839721254,0
13770,785.37,4,196.3425,468,0.0,48,12,2,0.10416666666666667,0
13771,5726.07,10,572.607,3139,0.1,182,12,3,0.11059907834101383,0
13772,3025.73,9,336.1922222222222,1369,0.1111111111111111,394,13,3,0.10181818181818182,1
13773,301.54,2,150.77,174,0.0,19,11,0,0.10526315789473684,0
13774,345.0,1,345.0,192,0.0,22,12,0,0.22727272727272727,1
13775,1049.66,1,1049.66,455,0.0,63,12,2,0.14285714285714285,0
13776,-340.17,8,-42.52125,-4,0.75,3,16,3,0.125,1
13777,49208.51,73,674.0891780821918,23024,0.1643835616438356,51,9,2,0.1111111111111111,0
13778,1116.54,5,223.308,510,0.2,34,13,6,0.17777777777777778,1
13779,161.13,1,161.13,53,0.0,27,11,0,0.18518518518518517,0
13780,686.62,3,228.87333333333333,463,0.0,90,13,4,0.13043478260869565,0
13781,770.88,4,192.72,299,0.25,56,14,0,0.13793103448275862,0
13782,1778.1299999999999,14,127.00928571428571,642,0.07142857142857142,187,12,6,0.15481171548117154,0
13783,1542.09,4,385.5225,3437,0.0,4,11,2,0.1,1
13784,2897.18,15,193.14533333333333,2822,0.06666666666666667,13,12,3,0.08888888888888889,0
13785,542.49,4,135.6225,151,0.0,26,10,0,0.2,0
13786,2504.91,8,313.11375,1501,0.25,81,13,6,0.1282051282051282,0
13787,1116.03,9,124.00333333333333,834,0.3333333333333333,71,11,3,0.08045977011494253,0
13788,3.75,1,3.75,1,0.0,1,15,3,1.0,0
13789,239.45999999999998,1,239.45999999999998,258,0.0,18,15,1,0.05555555555555555,0
13790,348.8,1,348.8,748,0.0,45,15,0,0.06666666666666667,0
13791,1047.68,3,349.2266666666667,828,0.3333333333333333,7,16,3,0.058823529411764705,0
13792,383.95,3,127.98333333333333,156,0.0,23,14,2,0.08695652173913043,0
13793,96.0,1,96.0,52,0.0,7,8,2,0.14285714285714285,0
13794,126.03,1,126.03,63,0.0,9,12,4,0.2222222222222222,0
13795,836.3,4,209.075,1250,0.0,23,11,4,0.034482758620689655,0
13796,289.7,1,289.7,218,0.0,22,14,2,0.09090909090909091,0
13797,1168.45,4,292.1125,570,0.25,71,12,2,0.1125,1
13798,72587.51,125,580.70008,46943,0.12,173,15,6,0.1261061946902655,1
13799,2039.82,13,156.90923076923076,1358,0.3076923076923077,65,12,1,0.10344827586206896,0
13800,1679.56,3,559.8533333333334,891,0.0,73,12,3,0.0821917808219178,0
13801,324.8,1,324.8,168,0.0,23,10,1,0.043478260869565216,0
13802,25491.56,24,1062.1483333333333,13830,0.20833333333333334,212,11,3,0.13566739606126915,1
13803,1319.1100000000001,4,329.77750000000003,819,0.25,73,10,0,0.05063291139240506,1
13804,3161.12,9,351.23555555555555,1797,0.0,149,12,2,0.11976047904191617,0
13805,924.6,2,462.3,1900,0.0,10,14,1,0.07692307692307693,0
13806,256.38,1,256.38,56,0.0,10,11,4,0.0,0
13807,397.3,4,99.325,114,0.25,25,14,4,0.1111111111111111,1
13808,1747.66,5,349.53200000000004,782,0.0,70,12,6,0.07894736842105263,0
13809,664.95,3,221.65,276,0.0,23,13,0,0.041666666666666664,0
13810,899.51,4,224.8775,311,0.25,32,12,4,0.2222222222222222,1
13811,591.75,4,147.9375,67,0.25,7,9,3,0.07142857142857142,1
13812,539.0,3,179.66666666666666,333,0.0,33,12,4,0.16666666666666666,1
13813,2686.42,12,223.86833333333334,1276,0.3333333333333333,84,10,4,0.10457516339869281,0
13814,2239.07,5,447.814,1211,0.4,56,13,0,0.13580246913580246,0
13815,7285.79,10,728.579,5358,0.2,203,13,0,0.12188365650969529,1
13816,555.04,4,138.76,260,0.5,27,14,3,0.18181818181818182,1
13817,382.98,2,191.49,211,0.0,20,17,3,0.125,0
13818,61.28,1,61.28,60,0.0,5,12,2,0.0,0
13819,2631.1,7,375.87142857142857,2302,0.14285714285714285,47,16,0,0.16346153846153846,0
13820,617.0,5,123.4,268,0.4,68,13,6,0.14942528735632185,0
13821,1355.38,7,193.6257142857143,471,0.14285714285714285,158,13,3,0.12682926829268293,0
13822,628.7,2,314.35,609,0.0,90,15,6,0.1368421052631579,0
13823,3358.55,8,419.81875,1560,0.125,108,11,4,0.13253012048192772,0
13824,3273.36,14,233.8114285714286,1434,0.14285714285714285,59,12,2,0.16346153846153846,0
13825,255.59,2,127.795,182,0.0,38,14,2,0.125,0
13826,174.65,2,87.325,80,0.5,11,13,3,0.08333333333333333,0
13827,409.8,3,136.6,138,0.0,83,11,4,0.14130434782608695,1
13828,209.49,1,209.49,311,0.0,15,16,3,0.13333333333333333,0
13829,0.0,2,0.0,0,0.5,1,16,2,0.0,0
13830,135.95000000000002,2,67.97500000000001,45,0.5,11,12,4,0.23076923076923078,1
13831,6494.639999999999,20,324.73199999999997,2383,0.1,121,13,0,0.15760869565217392,1
13832,580.74,3,193.58,415,0.3333333333333333,54,14,2,0.07272727272727272,0
13833,700.41,2,350.205,243,0.0,43,13,6,0.22727272727272727,0
13834,247.89,3,82.63,214,0.3333333333333333,20,12,0,0.047619047619047616,0
13835,1044.82,8,130.6025,513,0.125,60,15,3,0.1232876712328767,1
13836,602.52,3,200.84,270,0.3333333333333333,29,13,3,0.18181818181818182,0
13837,266.59000000000003,2,133.29500000000002,182,0.0,17,12,3,0.1111111111111111,0
13838,1640.48,10,164.048,657,0.0,328,11,6,0.12307692307692308,0
13839,139.95000000000002,1,139.95000000000002,25,0.0,7,13,1,0.0,1
13840,651.4,1,651.4,358,0.0,40,13,1,0.125,0
13841,85.0,1,85.0,100,0.0,1,12,4,0.0,1
13842,5294.39,19,278.6521052631579,2709,0.05263157894736842,214,10,2,0.11538461538461539,0
13843,319.75,1,319.75,145,0.0,18,17,1,0.2222222222222222,1
13844,361.62,1,361.62,196,0.0,20,13,0,0.1,0
13845,312.98,1,312.98,182,0.0,9,8,3,0.0,1
13846,1290.34,5,258.068,700,0.2,81,16,1,0.16666666666666666,0
13847,310.72,1,310.72,96,0.0,19,10,6,0.05263157894736842,0
13848,3015.0,8,376.875,9200,0.0,3,10,1,0.0,0
13849,3443.8,6,573.9666666666667,1881,0.16666666666666666,189,10,2,0.13574660633484162,1
13850,1586.81,2,793.405,941,0.5,93,14,1,0.10638297872340426,0
13851,4516.76,9,501.8622222222223,2519,0.1111111111111111,111,14,2,0.12056737588652482,0
13852,170.45000000000002,2,85.22500000000001,79,0.5,11,9,3,0.07692307692307693,0
13853,1056.94,2,528.47,304,0.5,23,14,3,0.08333333333333333,0
13854,11848.81,45,263.30688888888886,3621,0.13333333333333333,61,10,3,0.13043478260869565,1
13855,1253.94,5,250.788,561,0.2,65,10,3,0.14285714285714285,0
13856,1058.88,15,70.59200000000001,1086,0.26666666666666666,33,15,4,0.1774193548387097,0
13857,937.11,7,133.87285714285716,744,0.14285714285714285,99,12,3,0.05555555555555555,0
13858,216.17,1,216.17,75,0.0,11,16,3,0.0,0
13859,503.26,2,251.63,161,0.0,34,16,0,0.2,0
13860,1240.0,6,206.66666666666666,589,0.16666666666666666,58,9,2,0.12987012987012986,1
13861,251.31,3,83.77,220,0.3333333333333333,21,14,2,0.13043478260869565,1
13862,2534.04,11,230.36727272727273,1921,0.18181818181818182,113,14,1,0.12269938650306748,0
13863,1217.63,6,202.93833333333336,546,0.3333333333333333,59,13,1,0.0945945945945946,0
13864,662.4000000000001,1,662.4000000000001,192,0.0,1,12,3,0.0,0
13865,501.56,4,125.39,204,0.0,26,8,2,0.1,1
13866,145.67000000000002,1,145.67000000000002,57,0.0,7,14,0,0.0,0
13867,973.29,3,324.43,497,0.0,51,12,0,0.0847457627118644,1
13868,3192.54,2,1596.27,1964,0.0,32,12,1,0.06060606060606061,1
13869,7876.3,10,787.63,4219,0.0,502,13,6,0.14303329223181258,0
13870,5689.84,18,316.1022222222222,3443,0.16666666666666666,159,9,1,0.11020408163265306,1
13871,7804.95,21,371.6642857142857,3462,0.19047619047619047,183,12,3,0.13691931540342298,1
13872,891.32,6,148.55333333333334,332,0.5,52,13,1,0.06557377049180328,0
13873,1031.02,9,114.55777777777777,470,0.1111111111111111,55,12,6,0.16393442622950818,1
13874,1989.2,10,198.92000000000002,851,0.3,47,12,3,0.1232876712328767,0
13875,4814.37,14,343.88357142857143,3072,0.0,159,15,3,0.12222222222222222,0
13876,122.7,1,122.7,36,0.0,7,10,4,0.0,1
13877,446.33,5,89.26599999999999,475,0.4,23,17,3,0.16,1
13878,2396.9,4,599.225,911,0.0,93,12,2,0.11,1
13879,395.5,1,395.5,204,0.0,25,10,3,0.16,1
13880,4293.86,17,252.57999999999998,2535,0.0,148,14,1,0.14798206278026907,0
13881,44392.5,51,870.4411764705883,29446,0.1568627450980392,182,10,0,0.11134903640256959,1
13882,1131.28,6,188.54666666666665,950,0.16666666666666666,54,12,3,0.09090909090909091,0
13883,6334.04,26,243.6169230769231,3492,0.4230769230769231,202,10,3,0.08955223880597014,1
13884,1730.38,14,123.59857142857143,714,0.2857142857142857,108,13,6,0.10112359550561797,1
13885,506.8,2,253.4,182,0.0,28,8,0,0.07142857142857142,0
13886,243.56,1,243.56,126,0.0,16,13,3,0.125,0
13887,349.55,1,349.55,147,0.0,19,17,3,0.05263157894736842,1
13888,1928.49,7,275.49857142857144,755,0.0,124,11,3,0.12025316455696203,1
13889,1855.73,8,231.96625,947,0.25,59,14,3,0.1111111111111111,0
13890,2858.73,22,129.94227272727272,1365,0.36363636363636365,101,12,2,0.11475409836065574,1
13891,855.46,3,285.15333333333336,473,0.0,97,13,3,0.08163265306122448,0
13892,1267.6499999999999,6,211.27499999999998,3125,0.0,33,16,3,0.1388888888888889,0
13893,821.1,1,821.1,190,0.0,21,11,1,0.14285714285714285,0
13894,459.65000000000003,5,91.93,267,0.4,25,9,2,0.1724137931034483,1
13895,3923.62,8,490.4525,2058,0.25,154,13,1,0.14361702127659576,0
13896,388.55,1,388.55,149,0.0,21,8,2,0.23809523809523808,1
13897,1160.72,3,386.9066666666667,820,0.0,58,13,6,0.0847457627118644,0
13898,686.4,2,343.2,544,0.0,43,15,6,0.15217391304347827,0
13899,388.52,2,194.26,156,0.0,19,9,3,0.05263157894736842,0
13900,1608.09,7,229.72714285714284,936,0.14285714285714285,80,14,1,0.13541666666666666,0
13901,5599.34,20,279.967,3326,0.25,280,12,0,0.11949685534591195,0
13902,30411.26,8,3801.4075,218090,0.375,60,11,0,0.1791044776119403,1
13903,165.45000000000002,1,165.45000000000002,103,0.0,10,17,3,0.0,0
13904,332.64,2,166.32,332,0.0,24,11,4,0.038461538461538464,0
13905,244.45,3,81.48333333333333,124,0.6666666666666666,12,11,0,0.26666666666666666,1
13906,42.0,1,42.0,100,0.0,1,15,1,1.0,0
13907,136.8,1,136.8,68,0.0,4,12,6,0.0,1
13908,2347.05,5,469.41,1470,0.2,104,11,2,0.14285714285714285,0
13909,278.29,2,139.145,277,0.0,35,17,1,0.16216216216216217,0
13910,-127.66,1,-127.66,-1,1.0,1,16,2,0.0,0
13911,4200.04,22,190.9109090909091,4476,0.09090909090909091,178,10,0,0.1652892561983471,0
13912,124.95,1,124.95,29,0.0,7,8,1,0.14285714285714285,0
13913,42.22,1,42.22,10,0.0,3,10,2,0.0,1
13914,613.95,3,204.65,379,0.3333333333333333,28,10,0,0.11764705882352941,0
13915,31.200000000000003,2,15.600000000000001,16,0.5,4,13,1,0.0,0
13916,1260.51,5,252.102,667,0.2,73,10,2,0.10666666666666667,0
13917,272.04,2,136.02,228,0.0,16,9,4,0.0,0
13918,1212.8400000000001,2,606.4200000000001,1140,0.0,30,12,4,0.23333333333333334,1
13919,1326.03,5,265.206,1096,0.2,65,9,3,0.17073170731707318,0
13920,1734.88,5,346.976,1768,0.2,81,12,2,0.17045454545454544,1
13921,720.75,5,144.15,209,0.2,36,11,1,0.13333333333333333,1
13922,824.7,5,164.94,453,0.4,31,14,6,0.15151515151515152,0
13923,351.13,1,351.13,185,0.0,20,12,0,0.05,0
13924,1682.08,11,152.91636363636363,1532,0.45454545454545453,91,15,2,0.10218978102189781,0
13925,616.65,6,102.77499999999999,327,0.3333333333333333,28,12,3,0.044444444444444446,0
13926,223.85000000000002,1,223.85000000000002,104,0.0,11,13,2,0.0,0
13927,689.96,3,229.98666666666668,457,0.3333333333333333,37,12,0,0.11363636363636363,0
13928,464.57,4,116.1425,129,0.0,23,12,1,0.18518518518518517,0
13929,3318.1,14,237.00714285714284,1550,0.21428571428571427,38,15,4,0.15,1
13930,337.34,2,168.67,274,0.0,15,11,1,0.11764705882352941,1
13931,5250.78,12,437.565,3484,0.08333333333333333,205,10,0,0.13970588235294118,1
13932,307.4,1,307.4,72,0.0,16,12,4,0.125,1
13933,608.7900000000001,2,304.39500000000004,205,0.0,23,13,3,0.21739130434782608,0
13934,922.1,1,922.1,390,0.0,31,8,0,0.1935483870967742,1
13935,6116.92,3,2038.9733333333334,2252,0.0,67,16,3,0.1125,0
13936,924.36,4,231.09,655,0.25,56,8,0,0.08333333333333333,0
13937,867.38,3,289.12666666666667,586,0.3333333333333333,54,12,1,0.09090909090909091,0
13938,71.66,1,71.66,70,0.0,7,14,4,0.0,1
13939,1533.66,10,153.366,1600,0.3,91,14,1,0.1415929203539823,0
13940,839.14,4,209.785,516,0.0,39,16,0,0.10204081632653061,0
13941,9826.630000000001,17,578.0370588235295,4725,0.11764705882352941,42,12,2,0.14583333333333334,0
13942,320.0,1,320.0,1000,0.0,1,12,2,0.0,0
13943,246.54,1,246.54,94,0.0,15,11,1,0.2,1
13944,200.43,1,200.43,153,0.0,35,15,2,0.05714285714285714,0
13945,854.15,2,427.075,413,0.0,49,9,1,0.19607843137254902,1
13946,1745.43,7,249.34714285714287,2823,0.14285714285714285,49,11,4,0.17543859649122806,0
13947,90.6,1,90.6,44,0.0,5,14,2,0.2,0
13948,536.86,5,107.372,246,0.2,23,12,6,0.16,1
13949,2427.32,6,404.55333333333334,2474,0.0,124,11,2,0.08125,0
13950,728.56,5,145.712,321,0.2,33,14,1,0.1111111111111111,0
13951,674.45,3,224.8166666666667,459,0.0,38,13,6,0.10256410256410256,0
13952,12790.891,17,752.4053529411765,5938,0.17647058823529413,238,9,4,0.11380145278450363,1
13953,6640.68,12,553.39,5224,0.0,8,10,1,0.12,1
13954,378.59,3,126.19666666666666,141,0.3333333333333333,24,10,3,0.06666666666666667,0
13955,544.0699999999999,3,181.35666666666665,272,0.0,82,17,0,0.10588235294117647,0
13956,973.47,5,194.69400000000002,446,0.0,123,16,6,0.10638297872340426,0
13957,458.25,3,152.75,157,0.0,21,10,0,0.25925925925925924,0
13958,4504.78,12,375.3983333333333,2215,0.3333333333333333,177,13,4,0.12653061224489795,0
13959,1054.17,6,175.69500000000002,686,0.0,120,15,2,0.0784313725490196,0
13960,230.22,2,115.11,142,0.0,11,15,4,0.08333333333333333,0
13961,498.7,2,249.35,222,0.5,19,14,4,0.19047619047619047,0
13962,362.8,3,120.93333333333334,160,0.0,23,10,3,0.08695652173913043,0
13963,2748.32,18,152.68444444444447,2000,0.05555555555555555,129,10,1,0.11242603550295859,1
13964,421.9,3,140.63333333333333,226,0.3333333333333333,22,12,1,0.12,0
13965,777.6600000000001,5,155.532,402,0.4,23,15,1,0.0,1
13966,384.26,1,384.26,760,0.0,21,13,3,0.09523809523809523,0
13967,166.3,2,83.15,66,0.0,4,13,0,0.0,0
13968,123.66,1,123.66,174,0.0,8,13,1,0.125,0
13969,12730.27,39,326.4171794871795,6527,0.10256410256410256,472,19,3,0.1219281663516068,1
13970,846.55,2,423.275,469,0.0,10,11,1,0.07692307692307693,0
13971,4593.83,18,255.21277777777777,3052,0.2222222222222222,184,12,1,0.1018867924528302,0
13972,190.25,2,95.125,187,0.0,15,11,6,0.13333333333333333,1
13973,264.7,1,264.7,109,0.0,11,15,4,0.18181818181818182,1
13974,663.52,4,165.88,354,0.5,43,14,4,0.13333333333333333,0
13975,5110.24,14,365.01714285714286,3802,0.14285714285714285,434,13,1,0.11559888579387187,0
13976,1192.36,4,298.09,452,0.0,49,9,2,0.17857142857142858,0
13977,519.8100000000001,1,519.8100000000001,303,0.0,13,14,6,0.15384615384615385,0
13978,196.79000000000002,2,98.39500000000001,315,0.0,14,15,1,0.13333333333333333,0
13979,3236.21,11,294.2009090909091,2223,0.36363636363636365,358,13,3,0.13367609254498714,0
13980,699.77,9,77.75222222222222,444,0.4444444444444444,58,14,6,0.12307692307692308,0
13981,327.39,2,163.695,233,0.5,22,10,2,0.13043478260869565,0
13982,3843.74,13,295.6723076923077,2429,0.3076923076923077,123,13,2,0.14847161572052403,0
13983,6617.95,30,220.59833333333333,3797,0.3,240,16,0,0.10946745562130178,1
13984,1417.8700000000001,13,109.06692307692309,876,0.07692307692307693,53,13,0,0.09302325581395349,1
13985,9982.31,24,415.9295833333333,4928,0.08333333333333333,149,13,2,0.128099173553719,0
13986,293.58,1,293.58,366,0.0,12,15,1,0.16666666666666666,1
13987,682.54,2,341.27,492,0.0,46,9,3,0.13043478260869565,0
13988,4683.69,11,425.78999999999996,3345,0.2727272727272727,218,10,2,0.11864406779661017,0
13989,2026.06,5,405.212,2207,0.0,61,12,1,0.06976744186046512,1
13990,311.3,1,311.3,190,0.0,16,15,1,0.0625,1
13991,840.75,7,120.10714285714286,988,0.14285714285714285,58,13,6,0.12195121951219512,0
13992,219.5,3,73.16666666666667,154,0.0,10,15,2,0.18181818181818182,0
13993,6690.36,24,278.765,2120,0.20833333333333334,110,12,3,0.149812734082397,0
13994,2249.4900000000002,6,374.915,925,0.0,122,15,0,0.0763888888888889,1
13995,3836.26,18,213.12555555555556,2324,0.2222222222222222,146,12,3,0.07983193277310924,0
13996,895.76,2,447.88,613,0.0,29,15,4,0.21212121212121213,1
13997,376.46,3,125.48666666666666,143,0.0,36,17,3,0.06818181818181818,0
13998,566.7,3,188.9,204,0.0,30,10,6,0.12903225806451613,0
13999,9438.01,36,262.1669444444444,5023,0.19444444444444445,174,13,4,0.10736842105263159,0
14000,1877.5900000000001,8,234.69875000000002,1811,0.375,28,11,3,0.1346153846153846,0
14001,4216.1,10,421.61,1776,0.1,61,10,4,0.11538461538461539,1
14002,529.73,2,264.865,877,0.0,47,15,3,0.1276595744680851,0
14003,209.41,1,209.41,149,0.0,16,8,0,0.3125,0
14004,6258.45,11,568.9499999999999,3425,0.0,127,9,3,0.12863070539419086,0
14005,2874.72,5,574.944,2478,0.0,53,10,2,0.10714285714285714,0
14006,2196.67,7,313.81,2181,0.0,55,9,3,0.18181818181818182,1
14007,79.48,1,79.48,16,0.0,5,9,3,0.2,1
14008,493.74,2,246.87,320,0.5,32,13,6,0.18181818181818182,0
14009,1090.23,4,272.5575,947,0.25,71,12,2,0.13157894736842105,0
14010,285.5,3,95.16666666666667,124,0.3333333333333333,20,12,6,0.07407407407407407,0
14011,451.91999999999996,3,150.64,642,0.3333333333333333,32,13,6,0.15151515151515152,0
14012,328.8,1,328.8,160,0.0,11,12,0,0.09090909090909091,1
14013,1006.22,6,167.70333333333335,766,0.16666666666666666,59,16,2,0.125,0
14014,1948.21,3,649.4033333333333,2004,0.0,76,13,4,0.06578947368421052,1
14015,917.34,1,917.34,378,0.0,20,10,1,0.05,0
14016,11379.71,13,875.3623076923076,5720,0.15384615384615385,354,10,4,0.12666666666666668,1
14017,229.75,1,229.75,73,0.0,14,14,0,0.21428571428571427,0
14018,367.15000000000003,1,367.15000000000003,224,0.0,13,14,3,0.07692307692307693,0
14019,1398.96,4,349.74,1034,0.25,37,15,6,0.11764705882352941,1
14020,1213.26,5,242.652,641,0.2,63,15,0,0.09210526315789473,0
14021,1716.58,7,245.22571428571428,878,0.0,84,13,2,0.1,0
14022,792.15,2,396.075,681,0.0,45,14,3,0.10638297872340426,1
14023,584.07,2,292.035,345,0.0,30,15,6,0.0967741935483871,0
14024,645.74,3,215.24666666666667,238,0.0,33,10,6,0.11764705882352941,0
14025,3937.3,10,393.73,1900,0.2,60,11,2,0.07920792079207921,1
14026,713.11,2,356.555,427,0.0,43,14,2,0.12,0
14027,104.82,1,104.82,62,0.0,6,9,0,0.0,1
14028,3175.5,5,635.1,4679,0.4,4,12,0,0.15384615384615385,0
14029,467.66,2,233.83,198,0.0,15,14,4,0.0,0
14030,7331.1,22,333.2318181818182,4123,0.09090909090909091,594,16,0,0.12224938875305623,1
14031,35957.66,55,653.7756363636364,13218,0.2,283,17,4,0.1171875,0
14032,4482.21,25,179.2884,3703,0.36,79,10,1,0.12448132780082988,0
14033,109.44,1,109.44,576,0.0,1,15,2,0.0,0
14034,507.01,4,126.7525,309,0.25,82,14,3,0.05747126436781609,0
14035,2751.37,11,250.12454545454545,1377,0.18181818181818182,70,10,1,0.1048951048951049,0
14036,626.65,1,626.65,268,0.0,38,9,0,0.13157894736842105,0
14037,755.95,7,107.99285714285715,563,0.14285714285714285,96,11,0,0.1391304347826087,0
14038,3000.93,8,375.11625,1697,0.375,99,14,0,0.125,1
14039,267.28000000000003,2,133.64000000000001,192,0.0,10,13,6,0.2,1
14040,12096.88,42,288.02095238095234,4854,0.16666666666666666,336,13,6,0.11298701298701298,0
14041,141.41,1,141.41,94,0.0,21,13,4,0.09523809523809523,0
14042,431.98,1,431.98,180,0.0,21,15,0,0.09523809523809523,0
14043,295.05,3,98.35000000000001,148,0.3333333333333333,37,18,3,0.125,0
14044,2981.98,11,271.0890909090909,2050,0.09090909090909091,533,13,6,0.12423124231242312,1
14045,9334.23,19,491.2752631578947,4121,0.15789473684210525,16,14,4,0.07142857142857142,1
14046,154.99,1,154.99,460,0.0,14,14,0,0.14285714285714285,0
14047,3881.11,19,204.26894736842107,1528,0.2631578947368421,91,10,3,0.10126582278481013,1
14048,706.29,4,176.5725,447,0.25,126,14,0,0.14893617021276595,0
14049,12805.25,18,711.4027777777778,8395,0.2777777777777778,575,11,2,0.11840888066604996,0
14050,746.36,2,373.18,689,0.0,49,13,3,0.09259259259259259,0
14051,21460.58,42,510.9661904761905,5651,0.11904761904761904,82,12,3,0.147239263803681,1
14052,466.66,2,233.33,174,0.0,115,11,6,0.08264462809917356,1
14053,559.8,4,139.95,480,0.0,3,14,6,0.125,0
14054,92.46,1,92.46,62,0.0,6,15,2,0.0,0
14055,1520.96,3,506.9866666666667,720,0.0,33,15,1,0.12121212121212122,0
14056,7953.5,29,274.2586206896552,4156,0.20689655172413793,321,15,3,0.1332720588235294,1
14057,8254.07,23,358.87260869565216,6237,0.043478260869565216,244,11,1,0.14444444444444443,0
14058,469.19,2,234.595,211,0.0,23,11,6,0.0,0
14059,183.6,1,183.6,128,0.0,8,10,4,0.0,0
14060,8882.3,32,277.571875,7405,0.0625,100,10,2,0.11923076923076924,1
14061,917.4300000000001,3,305.81,133,0.0,17,18,1,0.15789473684210525,1
14062,25356.83,27,939.1418518518519,12674,0.1111111111111111,141,15,3,0.15451895043731778,0
14063,-3767.1999999999994,13,-289.78461538461534,3846,0.3076923076923077,30,10,1,0.045454545454545456,0
14064,2795.55,21,133.12142857142857,3160,0.2857142857142857,131,13,3,0.15418502202643172,0
14065,889.37,4,222.3425,581,0.25,42,12,0,0.14,0
14066,152.55,1,152.55,45,0.0,7,12,4,0.0,0
14067,374.7,2,187.35,361,0.0,51,10,4,0.07692307692307693,0
14068,1471.97,5,294.394,493,0.2,93,14,6,0.07547169811320754,0
14069,225.81,2,112.905,58,0.0,37,12,3,0.17073170731707318,0
14070,320.35,1,320.35,84,0.0,40,12,6,0.15,0
14071,1301.84,9,144.64888888888888,893,0.1111111111111111,271,12,1,0.11515151515151516,0
14072,390.85,1,390.85,65,0.0,19,12,3,0.0,1
14073,139.54,2,69.77,128,0.5,13,15,0,0.0,1
14074,219.39999999999998,1,219.39999999999998,228,0.0,6,13,4,0.16666666666666666,1
14075,1734.87,6,289.145,1494,0.0,59,13,0,0.1111111111111111,0
14076,114.92,1,114.92,76,0.0,43,15,1,0.046511627906976744,0
14077,615.0799999999999,6,102.51333333333332,376,0.0,43,15,3,0.05357142857142857,0
14078,1538.62,9,170.95777777777778,583,0.0,107,15,6,0.1506849315068493,1
14079,618.73,2,309.365,302,0.0,13,12,6,0.0,1
14080,1075.73,6,179.28833333333333,267,0.16666666666666666,74,14,2,0.14285714285714285,0
14081,4640.3,16,290.01875,3278,0.375,467,15,3,0.11893203883495146,1
14082,407.51,2,203.755,243,0.0,48,11,4,0.09375,0
14083,1082.19,11,98.3809090909091,760,0.0,169,13,0,0.0972972972972973,1
14084,150.5,1,150.5,306,0.0,7,14,3,0.0,0
14085,9607.21,34,282.565,6372,0.029411764705882353,479,13,3,0.12173913043478261,0
14086,39.95,1,39.95,1,0.0,1,10,4,0.0,0
14087,744.8,5,148.95999999999998,651,0.4,175,11,6,0.115,0
14088,62400.02,20,3120.0009999999997,15179,0.2,437,15,2,0.1282798833819242,1
14089,158.75,1,158.75,133,0.0,13,10,4,0.07692307692307693,0
14090,76.32000000000001,1,76.32000000000001,72,0.0,1,10,2,0.0,0
14091,9530.08,2,4765.04,3316,0.0,13,15,1,0.07692307692307693,0
14092,7215.64,27,267.2459259259259,3601,0.1111111111111111,169,12,2,0.11702127659574468,1
14093,424.45,1,424.45,378,0.0,95,16,6,0.10526315789473684,1
14094,288.02,2,144.01,149,0.5,41,11,6,0.21428571428571427,1
14095,2.95,1,2.95,1,0.0,1,12,3,0.0,0
14096,56946.43,34,1674.895,16278,0.5,1121,15,0,0.117912497547577,0
14097,422.85999999999996,2,211.42999999999998,352,0.0,39,14,6,0.125,0
14098,147.35,1,147.35,104,0.0,21,10,3,0.14285714285714285,0
14099,5639.16,22,256.32545454545453,3643,0.09090909090909091,273,14,3,0.1338432122370937,1
14100,190.05,1,190.05,61,0.0,24,11,0,0.125,0
14101,9942.13,14,710.1521428571428,10530,0.07142857142857142,19,13,3,0.0989010989010989,1
14102,1012.93,8,126.61625,710,0.375,35,12,2,0.13114754098360656,0
14103,0.0,1,0.0,5,0.0,1,14,4,0.0,1
14104,725.43,5,145.08599999999998,474,0.0,117,14,2,0.10077519379844961,0
14105,5703.9800000000005,9,633.7755555555556,3483,0.4444444444444444,202,14,3,0.10580204778156997,0
14106,214.79999999999998,1,214.79999999999998,24,0.0,1,14,2,0.0,1
14107,4853.7,13,373.36153846153843,3481,0.15384615384615385,102,12,6,0.12133891213389121,0
14108,1041.21,5,208.24200000000002,672,0.2,49,10,1,0.09090909090909091,1
14109,80.2,2,40.1,56,0.5,9,10,2,0.14285714285714285,1
14110,12957.6,35,370.21714285714285,5825,0.05714285714285714,178,11,1,0.11910669975186104,0
14111,688.6,5,137.72,457,0.2,10,13,4,0.09090909090909091,1
14112,5524.51,27,204.6114814814815,3422,0.5185185185185185,199,14,1,0.15363128491620112,0
14113,6156.75,31,198.6048387096774,3092,0.4838709677419355,79,11,3,0.06896551724137931,1
14114,1364.09,7,194.86999999999998,650,0.0,72,11,0,0.1891891891891892,0
14115,622.6700000000001,2,311.33500000000004,509,0.0,22,12,0,0.045454545454545456,0
14116,1382.74,5,276.548,707,0.0,61,13,3,0.1527777777777778,0
14117,90.0,1,90.0,72,0.0,3,9,1,0.3333333333333333,0
14118,458.45,1,458.45,97,0.0,15,11,3,0.0,0
14119,163.47,3,54.49,175,0.3333333333333333,11,10,0,0.08333333333333333,0
14120,-23.8,1,-23.8,-4,1.0,1,19,1,0.0,1
14121,2740.3,6,456.7166666666667,2078,0.3333333333333333,148,10,1,0.16149068322981366,0
14122,309.77,5,61.95399999999999,95,0.4,12,15,4,0.1875,0
14123,436.18,1,436.18,234,0.0,24,15,6,0.08333333333333333,0
14124,281.34000000000003,1,281.34000000000003,1186,0.0,4,13,4,0.0,1
14125,2720.63,3,906.8766666666667,1628,0.0,159,15,3,0.08433734939759036,0
14126,1109.96,5,221.99200000000002,837,0.2,37,14,1,0.13636363636363635,0
14127,1900.0800000000002,6,316.68,828,0.0,96,11,6,0.10256410256410256,0
14128,909.36,4,227.34,811,0.25,50,12,0,0.15151515151515152,0
14129,2591.34,9,287.9266666666667,1414,0.0,40,9,3,0.09174311926605505,0
14130,1833.27,4,458.3175,1205,0.0,189,16,0,0.1278538812785388,0
14131,167.57,1,167.57,104,0.0,45,11,0,0.044444444444444446,0
14132,3580.13,12,298.3441666666667,3366,0.08333333333333333,100,10,3,0.09950248756218906,0
14133,895.8399999999999,6,149.30666666666664,392,0.3333333333333333,34,11,4,0.13157894736842105,0
14134,11123.35,15,741.5566666666667,5814,0.0,130,10,3,0.16666666666666666,1
14135,8800.8,25,352.032,8511,0.04,138,13,3,0.1318181818181818,0
14136,1553.96,7,221.99428571428572,1145,0.2857142857142857,86,9,3,0.12962962962962962,0
14137,294.1,2,147.05,400,0.5,11,12,2,0.14285714285714285,1
14138,965.8800000000001,2,482.94000000000005,600,0.0,40,9,4,0.15217391304347827,0
14139,1086.8,4,271.7,1049,0.0,48,13,0,0.17391304347826086,0
14140,920.05,3,306.68333333333334,809,0.3333333333333333,60,11,1,0.16417910447761194,1
14141,879.0300000000001,6,146.50500000000002,337,0.3333333333333333,28,14,4,0.15217391304347827,1
14142,655.94,4,163.985,512,0.5,42,15,2,0.10416666666666667,0
14143,115.8,1,115.8,30,0.0,7,9,4,0.14285714285714285,0
14144,30.599999999999998,1,30.599999999999998,12,0.0,1,15,1,0.0,0
14145,7006.05,8,875.75625,1535,0.125,11,13,0,0.15384615384615385,0
14146,8208.87,13,631.4515384615386,5229,0.07692307692307693,337,15,0,0.12627291242362526,1
14147,2019.3,12,168.275,837,0.25,24,8,1,0.09090909090909091,1
14148,466.29,2,233.145,223,0.0,15,14,3,0.11764705882352941,0
14149,259.43,3,86.47666666666667,129,0.6666666666666666,28,9,1,0.125,0
14150,658.64,2,329.32,496,0.0,23,10,4,0.19230769230769232,0
14151,666.7,3,222.23333333333335,404,0.3333333333333333,44,10,2,0.044444444444444446,0
14152,1975.44,9,219.49333333333334,1826,0.2222222222222222,104,15,1,0.0962962962962963,0
14153,233.4,1,233.4,312,0.0,17,14,4,0.058823529411764705,1
14154,6263.6,10,626.36,3204,0.2,236,16,1,0.10204081632653061,0
14155,118.75,1,118.75,25,0.0,6,14,4,0.16666666666666666,0
14156,296037.44,202,1465.5318811881189,162235,0.22772277227722773,1446,14,1,0.11594555177442878,0
14157,937.89,6,156.315,499,0.16666666666666666,75,13,6,0.07142857142857142,0
14158,507.66,1,507.66,781,0.0,41,15,6,0.07317073170731707,0
14159,7335.75,25,293.43,6133,0.2,707,12,0,0.125,0
14160,8421.47,7,1203.0671428571427,4661,0.0,80,12,6,0.037383177570093455,0
14161,2942.15,7,420.3071428571429,1458,0.0,202,12,6,0.11481481481481481,1
14162,289.36,2,144.68,142,0.0,25,12,6,0.04,0
14163,2594.62,5,518.924,950,0.0,42,17,1,0.13793103448275862,0
14164,1631.77,2,815.885,1033,0.0,28,12,1,0.06896551724137931,0
14165,117.89,1,117.89,52,0.0,23,12,2,0.17391304347826086,0
14166,248.65,2,124.325,80,0.0,39,15,1,0.18,0
14167,1166.3899999999999,8,145.79874999999998,314,0.0,48,15,0,0.09345794392523364,0
14168,305.9,3,101.96666666666665,138,0.3333333333333333,11,12,0,0.058823529411764705,1
14169,601.75,2,300.875,198,0.0,50,13,1,0.08333333333333333,1
14170,565.68,3,188.55999999999997,264,0.0,123,13,1,0.06338028169014084,0
14171,497.13,2,248.565,209,0.0,61,16,4,0.14285714285714285,0
14172,356.27,4,89.0675,77,0.25,38,13,1,0.044444444444444446,0
14173,566.95,7,80.99285714285715,191,0.14285714285714285,31,13,1,0.058823529411764705,0
14174,134.46,1,134.46,94,0.0,26,13,6,0.19230769230769232,0
14175,7350.44,17,432.37882352941176,2920,0.5294117647058824,238,11,1,0.12466124661246612,1
14176,753.5600000000001,6,125.59333333333335,263,0.16666666666666666,33,12,1,0.13157894736842105,0
14177,2196.84,14,156.91714285714286,1036,0.07142857142857142,141,12,2,0.1477832512315271,1
14178,1585.33,7,226.47571428571428,1467,0.0,191,12,4,0.13268608414239483,0
14179,624.02,2,312.01,270,0.0,135,14,1,0.10344827586206896,1
14180,5909.0,42,140.6904761904762,833,0.21428571428571427,125,13,3,0.13,0
14181,308.35,2,154.175,120,0.0,48,12,2,0.15384615384615385,0
14182,660.07,5,132.014,172,0.2,42,11,2,0.1346153846153846,1
14183,272.39,2,136.195,59,0.0,27,14,6,0.030303030303030304,1
14184,452.89,1,452.89,127,0.0,24,12,1,0.20833333333333334,0
14185,197.65,1,197.65,6,0.0,3,13,2,0.3333333333333333,0
14186,1550.63,5,310.12600000000003,1550,0.0,75,12,4,0.10576923076923077,0
14187,123.5,1,123.5,50,0.0,8,12,0,0.0,1
14188,2018.91,10,201.89100000000002,1145,0.4,34,13,2,0.1267605633802817,0
14189,5453.38,25,218.1352,4374,0.36,199,9,3,0.14420062695924765,0
14190,79.9,1,79.9,2,0.0,1,14,3,0.0,0
14191,4713.41,17,277.2594117647059,3709,0.11764705882352941,149,14,1,0.12915129151291513,0
14192,293.74,1,293.74,218,0.0,14,17,1,0.0,1
14193,1210.19,3,403.3966666666667,653,0.0,49,11,0,0.125,0
14194,18442.87,54,341.5346296296296,9927,0.3333333333333333,432,12,4,0.11663286004056796,0
14195,2444.14,10,244.414,1918,0.4,11,16,4,0.19047619047619047,0
14196,335.52,1,335.52,142,0.0,6,10,3,0.0,1
14197,390.05,1,390.05,143,0.0,20,10,0,0.0,1
14198,1527.58,13,117.50615384615384,608,0.3076923076923077,58,15,3,0.1134020618556701,0
14199,916.4999999999999,6,152.74999999999997,230,0.3333333333333333,15,8,1,0.1,0
14200,379.2,1,379.2,140,0.0,21,13,3,0.14285714285714285,1
14201,1134.14,12,94.51166666666667,794,0.16666666666666666,47,13,1,0.07017543859649122,1
14202,847.76,3,282.58666666666664,166,0.0,27,17,1,0.13793103448275862,1
14203,339.34,1,339.34,80,0.0,16,13,6,0.0,1
14204,1011.49,4,252.8725,455,0.0,186,13,2,0.08372093023255814,0
14205,2146.58,12,178.88166666666666,1235,0.25,80,14,2,0.1,1
14206,1145.21,5,229.042,926,0.4,62,11,1,0.0821917808219178,0
14207,157.8,1,157.8,36,0.0,2,9,3,0.0,0
14208,567.05,2,283.525,529,0.0,34,13,6,0.08571428571428572,0
14209,4937.37,19,259.8615789473684,1727,0.21052631578947367,133,10,4,0.14767932489451477,1
14210,5509.37,21,262.3509523809524,2503,0.23809523809523808,143,12,2,0.102803738317757,0
14211,4301.69,26,165.44961538461536,2551,0.3076923076923077,155,9,1,0.09881422924901186,1
14212,2190.14,2,1095.07,2046,0.0,18,11,0,0.09523809523809523,1
14213,-1.4210854715202004e-14,2,-7.105427357601002e-15,0,0.5,5,9,4,0.2,1
14214,1000.23,7,142.89000000000001,748,0.2857142857142857,64,12,0,0.1,1
14215,3238.53,10,323.853,2177,0.1,167,14,3,0.0855614973262032,0
14216,2142.39,6,357.065,709,0.16666666666666666,65,10,2,0.13924050632911392,0
14217,3105.52,33,94.10666666666667,1207,0.30303030303030304,122,12,2,0.10326086956521739,0
14218,169.48000000000002,1,169.48000000000002,160,0.0,12,10,4,0.0,0
14219,633.83,3,211.27666666666667,363,0.0,39,14,1,0.23255813953488372,1
14220,1515.0,4,378.75,468,0.0,26,13,2,0.10526315789473684,1
14221,6506.59,19,342.4521052631579,3806,0.10526315789473684,167,14,3,0.1346704871060172,0
14222,683.17,1,683.17,607,0.0,41,16,2,0.12195121951219512,0
14223,975.23,4,243.8075,583,0.25,50,11,3,0.16393442622950818,0
14224,1824.66,9,202.74,815,0.0,189,13,6,0.12556053811659193,0
14225,1978.57,5,395.714,1118,0.2,70,17,1,0.10112359550561797,0
14226,2940.42,9,326.71333333333337,1693,0.3333333333333333,89,14,4,0.07766990291262135,0
14227,6327.31,22,287.605,4036,0.3181818181818182,246,12,1,0.1134020618556701,0
14228,745.5,3,248.5,260,0.0,38,10,1,0.18421052631578946,1
14229,2468.99,11,224.45363636363635,911,0.36363636363636365,41,12,0,0.11538461538461539,0
14230,979.8000000000001,3,326.6,246,0.0,27,13,2,0.12121212121212122,0
14231,1131.97,6,188.66166666666666,603,0.3333333333333333,66,11,3,0.1232876712328767,1
14232,2043.93,8,255.49125,1937,0.375,81,12,6,0.07627118644067797,0
14233,2766.96,10,276.696,1226,0.3,42,15,2,0.1038961038961039,0
14234,740.89,4,185.2225,927,0.0,122,13,3,0.1037037037037037,0
14235,4666.99,10,466.69899999999996,3002,0.1,107,13,3,0.1476510067114094,0
14236,1543.44,7,220.49142857142857,772,0.2857142857142857,39,14,3,0.14285714285714285,0
14237,466.04,3,155.34666666666666,236,0.3333333333333333,26,10,2,0.14814814814814814,1
14238,434.23,3,144.74333333333334,189,0.0,13,14,0,0.23076923076923078,1
14239,4203.72,24,175.155,1721,0.125,97,14,3,0.10232558139534884,0
14240,1247.49,3,415.83,655,0.0,46,13,2,0.03278688524590164,0
14241,333.70000000000005,2,166.85000000000002,242,0.0,12,11,3,0.08333333333333333,0
14242,280.55,2,140.275,123,0.0,13,8,1,0.0625,0
14243,7152.06,23,310.95913043478265,3610,0.2608695652173913,235,13,4,0.13903743315508021,1
14244,354.82,2,177.41,802,0.5,16,11,2,0.15,0
14245,1677.48,5,335.496,971,0.6,107,10,0,0.08928571428571429,1
14246,1474.06,3,491.3533333333333,804,0.0,57,11,0,0.10666666666666667,1
14247,725.56,6,120.92666666666666,366,0.16666666666666666,82,13,6,0.12844036697247707,1
14248,1032.95,3,344.31666666666666,692,0.0,41,14,0,0.0851063829787234,0
14249,5253.441,12,437.78675,2319,0.0,178,13,6,0.14885496183206107,1
14250,1904.05,3,634.6833333333333,1200,0.0,94,13,6,0.13513513513513514,1
14251,2879.7000000000003,5,575.94,1674,0.0,37,12,3,0.1282051282051282,1
14252,350.99,1,350.99,111,0.0,10,13,1,0.0,1
14253,363.40000000000003,2,181.70000000000002,88,0.0,11,14,1,0.16666666666666666,0
14254,601.03,1,601.03,263,0.0,23,11,6,0.08695652173913043,0
14255,-1441.6,4,-360.4,-2,0.75,1,15,4,0.0,0
14256,2384.14,9,264.90444444444444,1138,0.4444444444444444,100,10,3,0.12318840579710146,0
14257,5942.0,10,594.2,3327,0.1,168,15,0,0.12863070539419086,0
14258,31027.35,32,969.6046875,17271,0.21875,99,10,2,0.125,0
14259,120.0,1,120.0,68,0.0,5,10,3,0.0,0
14260,824.28,3,274.76,544,0.0,50,11,2,0.1568627450980392,0
14261,1163.45,2,581.725,406,0.0,52,10,3,0.09615384615384616,0
14262,2618.23,8,327.27875,1645,0.0,87,12,3,0.1258741258741259,0
14263,322.93,1,322.93,171,0.0,16,14,1,0.25,0
14264,1475.8600000000001,8,184.48250000000002,545,0.25,59,13,2,0.2073170731707317,0
14265,1373.35,4,343.3375,715,0.0,74,12,2,0.11392405063291139,1
14266,40.56,1,40.56,24,0.0,1,13,3,1.0,0
14267,1259.19,9,139.91,459,0.6666666666666666,26,10,3,0.08823529411764706,1
14268,354.85,1,354.85,147,0.0,19,10,3,0.15789473684210525,0
14269,261.68,2,130.84,114,0.5,16,12,6,0.1,0
14270,492.65000000000003,1,492.65000000000003,197,0.0,29,9,2,0.06896551724137931,0
14271,214.18,2,107.09,148,0.0,38,17,1,0.05263157894736842,1
14272,920.81,4,230.2025,1097,0.0,62,10,2,0.09375,1
14273,559.97,4,139.9925,264,0.0,22,13,1,0.13793103448275862,0
14274,256.6,1,256.6,178,0.0,15,12,4,0.0,0
14275,1189.3799999999999,6,198.23,538,0.0,14,8,1,0.043478260869565216,0
14276,1929.32,13,148.40923076923076,1344,0.46153846153846156,76,9,3,0.13194444444444445,0
14277,4264.71,14,304.6221428571429,1866,0.35714285714285715,347,15,3,0.10893246187363835,0
14278,205.83,1,205.83,131,0.0,13,12,1,0.15384615384615385,0
14279,191.86,2,95.93,46,0.0,3,16,2,0.3333333333333333,1
14280,134.04,1,134.04,52,0.0,8,10,4,0.0,0
14281,245.15,1,245.15,45,0.0,7,14,2,0.0,0
14282,7245.76,26,278.68307692307695,5162,0.038461538461538464,100,14,2,0.125,0
14283,628.4399999999999,4,157.10999999999999,550,0.0,36,12,3,0.24390243902439024,0
14284,1282.85,4,320.7125,506,0.25,59,12,2,0.07246376811594203,1
14285,3152.69,9,350.2988888888889,952,0.1111111111111111,49,14,2,0.22950819672131148,0
14286,8396.7,12,699.725,8695,0.4166666666666667,270,8,2,0.11372549019607843,0
14287,151.23000000000002,4,37.807500000000005,236,0.25,10,11,3,0.09090909090909091,0
14288,413.85,2,206.925,187,0.5,16,13,1,0.11764705882352941,0
14289,911.26,6,151.87666666666667,292,0.0,33,12,2,0.10638297872340426,0
14290,4208.93,14,300.6378571428572,1514,0.42857142857142855,133,12,0,0.12790697674418605,0
14291,7844.4,25,313.776,6140,0.08,241,10,3,0.11871227364185111,0
14292,8887.9,27,329.18148148148146,3373,0.4074074074074074,124,12,0,0.1111111111111111,0
14293,2809.41,10,280.941,1414,0.1,88,15,3,0.09166666666666666,1
14294,375.34,1,375.34,190,0.0,23,16,3,0.21739130434782608,0
14295,2316.06,8,289.5075,1022,0.375,68,12,0,0.11842105263157894,1
14296,448.45,3,149.48333333333332,313,0.3333333333333333,27,14,3,0.10714285714285714,0
14297,1284.06,6,214.01,861,0.3333333333333333,49,9,1,0.09375,0
14298,90489.31,84,1077.2536904761905,99854,0.023809523809523808,1370,12,3,0.11366806136680614,0
14299,12647.33,41,308.4714634146342,7965,0.34146341463414637,166,12,2,0.12121212121212122,0
14300,43.2,1,43.2,32,0.0,3,8,0,0.0,0
14301,1956.23,7,279.4614285714286,1673,0.42857142857142855,37,13,6,0.11666666666666667,1
14302,742.9000000000001,3,247.63333333333335,298,0.0,25,9,0,0.14285714285714285,0
14303,277.94,2,138.97,218,0.0,21,10,3,0.045454545454545456,0
14304,1523.81,5,304.762,687,0.4,69,10,1,0.15151515151515152,0
14305,1803.76,5,360.752,1069,0.4,96,14,2,0.06363636363636363,0
14306,3141.5,7,448.7857142857143,2063,0.14285714285714285,43,10,3,0.10416666666666667,0
14307,4279.97,11,389.08818181818185,2815,0.09090909090909091,205,9,2,0.1596958174904943,0
14308,-849.45,5,-169.89000000000001,-1,0.6,1,16,1,0.0,0
14309,3747.96,12,312.33,2569,0.08333333333333333,125,10,3,0.05641025641025641,0
14310,492.1,1,492.1,230,0.0,22,12,6,0.09090909090909091,0
14311,435.90000000000003,3,145.3,214,0.3333333333333333,31,10,0,0.05263157894736842,0
14312,3090.29,11,280.93545454545455,1904,0.0,148,15,4,0.13333333333333333,0
14313,-302.31,1,-302.31,-1,1.0,1,16,3,0.0,0
14314,221.9,3,73.96666666666667,330,0.3333333333333333,10,10,3,0.18181818181818182,0
14315,3168.72,10,316.87199999999996,1332,0.2,83,12,2,0.10218978102189781,0
14316,1355.34,6,225.89,4482,0.16666666666666666,21,8,4,0.1875,0
14317,508.58000000000004,1,508.58000000000004,255,0.0,24,10,3,0.125,1
14318,158.02,1,158.02,152,0.0,9,15,6,0.1111111111111111,1
14319,476.95000000000005,2,238.47500000000002,327,0.5,27,13,0,0.037037037037037035,0
14320,1204.1200000000001,7,172.0171428571429,626,0.2857142857142857,68,12,1,0.15053763440860216,0
14321,2198.58,8,274.8225,3271,0.125,163,9,0,0.09944751381215469,1
14322,384.3,6,64.05,142,0.3333333333333333,10,12,1,0.0,0
14323,574.26,4,143.565,340,0.5,32,11,2,0.14634146341463414,1
14324,701.61,2,350.805,402,0.0,41,13,4,0.04878048780487805,0
14325,245.48000000000002,1,245.48000000000002,320,0.0,18,9,2,0.2777777777777778,0
14326,923.98,4,230.995,568,0.25,54,13,3,0.06896551724137931,1
14327,1894.93,6,315.82166666666666,1296,0.0,99,15,2,0.11320754716981132,0
14328,-445.06,3,-148.35333333333332,-1,0.6666666666666666,1,16,0,0.0,0
14329,9695.92,28,346.28285714285715,5879,0.4642857142857143,349,15,4,0.12259194395796848,0
14330,200.63,1,200.63,103,0.0,13,9,4,0.15384615384615385,1
14331,462.65999999999997,2,231.32999999999998,252,0.0,27,15,2,0.0,0
14332,1905.6100000000001,5,381.122,871,0.0,47,13,1,0.08196721311475409,1
14333,351.45,2,175.725,52,0.5,15,10,0,0.15789473684210525,0
14334,4292.98,14,306.64142857142855,2984,0.14285714285714285,148,10,3,0.08076923076923077,0
14335,451.11,2,225.555,374,0.0,55,13,6,0.11864406779661017,1
14336,1614.91,4,403.7275,1759,0.0,77,11,2,0.07777777777777778,0
14337,-658.63,1,-658.63,-393,1.0,36,14,1,0.08333333333333333,0
14338,894.1,5,178.82,616,0.4,43,13,4,0.1320754716981132,1
14339,600.66,5,120.13199999999999,438,0.6,22,11,0,0.1111111111111111,0
14340,134.7,1,134.7,58,0.0,6,9,3,0.16666666666666666,0
14341,4424.01,20,221.2005,2808,0.1,185,15,1,0.10150375939849623,0
14342,842.74,9,93.63777777777779,508,0.3333333333333333,28,13,1,0.10810810810810811,0
14343,1062.61,4,265.6525,619,0.0,193,15,0,0.13043478260869565,1
14344,2987.15,20,149.35750000000002,1544,0.0,140,13,2,0.11353711790393013,0
14345,108.97999999999999,1,108.97999999999999,50,0.0,6,9,1,0.0,0
14346,2315.75,5,463.15,1878,0.0,123,10,4,0.0821917808219178,0
14347,82.6,1,82.6,48,0.0,6,10,3,0.16666666666666666,1
14348,409.57,1,409.57,183,0.0,18,16,3,0.05555555555555555,0
14349,133.5,1,133.5,86,0.0,31,15,1,0.12903225806451613,0
14350,947.8,4,236.95,526,0.25,56,15,1,0.14516129032258066,1
14351,51.0,1,51.0,12,0.0,1,11,1,0.0,0
14352,1008.16,4,252.04,514,0.0,44,8,1,0.17777777777777778,1
14353,376.5,3,125.5,344,0.0,18,12,0,0.16,1
14354,163.62,2,81.81,210,0.0,9,15,2,0.2222222222222222,0
14355,840.0500000000001,3,280.0166666666667,617,0.0,57,15,3,0.1,0
14356,666.9399999999999,4,166.73499999999999,266,0.5,36,14,0,0.10526315789473684,1
14357,223.56,1,223.56,143,0.0,39,16,3,0.0,1
14358,384.29999999999995,3,128.1,337,0.3333333333333333,22,17,3,0.11538461538461539,0
14359,882.58,6,147.09666666666666,363,0.5,44,9,1,0.20689655172413793,0
14360,2118.03,4,529.5075,1139,0.0,104,11,1,0.20512820512820512,0
14361,214.70999999999998,1,214.70999999999998,251,0.0,14,12,0,0.07142857142857142,0
14362,151.5,1,151.5,96,0.0,37,15,3,0.02702702702702703,0
14363,227.47000000000003,2,113.73500000000001,105,0.0,8,17,1,0.0,0
14364,3717.35,8,464.66875,1967,0.0,61,11,1,0.057971014492753624,0
14365,634.68,2,317.34,557,0.0,50,9,2,0.17647058823529413,1
14366,136.0,1,136.0,16,0.0,1,17,4,1.0,0
14367,9114.32,19,479.70105263157893,4394,0.15789473684210525,270,14,2,0.11909262759924386,1
14368,155.0,1,155.0,36,0.0,8,9,0,0.125,0
14369,469.13,2,234.565,255,0.0,24,15,6,0.15384615384615385,1
14370,1092.13,9,121.3477777777778,257,0.3333333333333333,37,8,0,0.08163265306122448,0
14371,100.5,1,100.5,34,0.0,4,16,3,0.5,1
14372,830.1800000000001,3,276.7266666666667,376,0.3333333333333333,37,15,0,0.07692307692307693,0
14373,76.55,1,76.55,17,0.0,4,15,3,0.0,1
14374,108.0,1,108.0,20,0.0,7,14,2,0.2857142857142857,0
14375,1072.1,3,357.3666666666666,603,0.0,176,14,2,0.09326424870466321,0
14376,213.81,1,213.81,49,0.0,17,15,0,0.11764705882352941,0
14377,617.05,2,308.525,219,0.0,11,13,2,0.09090909090909091,0
14378,131.25,1,131.25,57,0.0,9,12,6,0.2222222222222222,0
14379,1242.56,4,310.64,698,0.0,93,16,3,0.12195121951219512,1
14380,-99.72999999999999,2,-49.864999999999995,0,0.5,2,15,1,0.0,0
14381,625.9399999999999,2,312.96999999999997,449,0.0,104,16,1,0.14285714285714285,1
14382,1087.81,3,362.6033333333333,1372,0.3333333333333333,228,16,6,0.09652509652509653,0
14383,1247.69,3,415.8966666666667,817,0.0,49,13,3,0.1016949152542373,0
14384,58.5,1,58.5,30,0.0,3,9,1,0.0,0
14385,202.11,3,67.37,159,0.0,13,13,2,0.07142857142857142,0
14386,142.4,1,142.4,54,0.0,7,9,2,0.0,1
14387,1719.2,3,573.0666666666667,791,0.0,125,12,0,0.18115942028985507,1
14388,6289.95,20,314.4975,4169,0.2,184,16,3,0.13580246913580246,1
14389,1821.07,11,165.55181818181816,1333,0.5454545454545454,54,12,2,0.11016949152542373,0
14390,6037.83,18,335.435,2792,0.2777777777777778,197,13,3,0.10217391304347827,0
14391,135.6,1,135.6,168,0.0,14,9,2,0.0,0
14392,266.4,1,266.4,114,0.0,14,12,6,0.21428571428571427,0
14393,67.95,1,67.95,13,0.0,5,18,3,0.0,0
14394,93.8,1,93.8,58,0.0,6,10,0,0.16666666666666666,0
14395,7589.92,24,316.24666666666667,3778,0.16666666666666666,320,12,3,0.10249671484888305,0
14396,1907.23,7,272.4614285714286,937,0.0,202,14,6,0.10699588477366255,0
14397,2556.68,23,111.16,1852,0.17391304347826086,18,9,2,0.09473684210526316,0
14398,707.79,2,353.895,267,0.0,50,11,2,0.16981132075471697,0
14399,2080.51,9,231.16777777777781,950,0.1111111111111111,120,13,2,0.11458333333333333,0
14400,1703.0,5,340.6,1693,0.4,71,12,2,0.14285714285714285,0
14401,6703.4,25,268.13599999999997,6379,0.12,171,13,0,0.12962962962962962,1
14402,285.6,1,285.6,240,0.0,8,13,3,0.0,0
14403,1822.76,9,202.5288888888889,726,0.3333333333333333,20,14,2,0.06060606060606061,0
14404,2622.63,15,174.842,1555,0.13333333333333333,123,14,6,0.12637362637362637,0
14405,195.0,1,195.0,100,0.0,2,11,3,0.5,0
14406,156.75,1,156.75,77,0.0,8,16,4,0.0,1
14407,2111.08,9,234.56444444444443,1412,0.3333333333333333,67,13,3,0.13157894736842105,0
14408,4037.7700000000004,11,367.07000000000005,2412,0.0,63,11,0,0.12698412698412698,0
14409,3276.09,10,327.60900000000004,2161,0.1,76,10,2,0.1523809523809524,1
14410,1987.03,17,116.88411764705882,1022,0.35294117647058826,311,14,3,0.12337662337662338,0
14411,1063.0,1,1063.0,196,0.0,14,10,2,0.07142857142857142,0
14412,1417.49,4,354.3725,1426,0.25,75,12,0,0.09302325581395349,1
14413,764.52,4,191.13,277,0.0,93,14,0,0.13541666666666666,1
14414,2387.48,9,265.27555555555557,2874,0.1111111111111111,99,13,1,0.10084033613445378,1
14415,11540.73,32,360.6478125,6024,0.28125,446,14,6,0.11299435028248588,0
14416,490.22,2,245.11,326,0.0,13,15,4,0.21428571428571427,1
14417,488.18,1,488.18,520,0.0,106,10,2,0.14150943396226415,0
14418,1933.44,3,644.48,1705,0.0,114,11,1,0.06557377049180328,0
14419,1242.99,7,177.57,549,0.0,118,11,1,0.12556053811659193,0
14420,1614.97,7,230.71,1114,0.42857142857142855,85,18,3,0.09375,0
14421,2456.62,7,350.94571428571425,1341,0.14285714285714285,72,11,3,0.1958762886597938,0
14422,10200.92,21,485.7580952380952,6059,0.09523809523809523,317,10,2,0.11351351351351352,0
14423,914.9599999999999,4,228.73999999999998,418,0.25,12,10,1,0.1875,0
14424,322.08,1,322.08,48,0.0,1,11,1,0.0,0
14425,635.89,5,127.178,319,0.4,36,11,2,0.0975609756097561,0
14426,11103.97,27,411.2581481481481,6656,0.37037037037037035,452,14,1,0.1259600614439324,0
14427,1263.52,4,315.88,538,0.0,43,9,3,0.20454545454545456,0
14428,1192.52,7,170.35999999999999,409,0.2857142857142857,108,16,3,0.08888888888888889,0
14429,516.28,1,516.28,286,0.0,22,10,0,0.22727272727272727,1
14430,956.4000000000001,5,191.28000000000003,408,0.4,33,15,6,0.05,1
14431,2567.1,5,513.42,1196,0.2,72,10,3,0.18823529411764706,1
14432,2233.92,6,372.32,1976,0.0,256,15,6,0.13709677419354838,0
14433,276.95,1,276.95,128,0.0,72,12,1,0.1527777777777778,0
14434,1372.8,6,228.79999999999998,368,0.0,3,12,2,0.08333333333333333,1
14435,90.42,1,90.42,282,0.0,3,12,0,0.0,0
14436,271.70000000000005,2,135.85000000000002,297,0.0,11,10,4,0.0,1
14437,744.44,7,106.34857142857143,413,0.2857142857142857,35,12,2,0.09090909090909091,1
14438,131.9,1,131.9,82,0.0,9,14,6,0.2222222222222222,0
14439,9443.04,5,1888.6080000000002,2244,0.0,105,14,0,0.15503875968992248,0
14440,5870.13,15,391.342,1595,0.13333333333333333,63,12,3,0.1,0
14441,4360.1900000000005,19,229.48368421052635,1240,0.42105263157894735,104,10,1,0.1165644171779141,0
14442,5272.02,12,439.33500000000004,1420,0.4166666666666667,130,11,3,0.10526315789473684,0
14443,2063.65,8,257.95625,1350,0.375,119,11,0,0.11594202898550725,0
14444,120.44,1,120.44,172,0.0,11,18,3,0.09090909090909091,1
14445,221.65,1,221.65,83,0.0,32,11,4,0.0625,0
14446,1144.03,5,228.80599999999998,1061,0.0,259,12,3,0.10749185667752444,0
14447,1711.73,6,285.28833333333336,913,0.0,81,13,3,0.1509433962264151,0
14448,375.35,2,187.675,104,0.0,20,17,4,0.1,0
14449,2168.69,8,271.08625,1519,0.0,301,13,3,0.11612903225806452,1
14450,1128.44,7,161.2057142857143,522,0.0,47,12,6,0.13157894736842105,0
14451,3123.84,18,173.54666666666668,1642,0.3333333333333333,245,12,6,0.11776447105788423,0
14452,639.91,4,159.9775,276,0.0,108,14,1,0.1111111111111111,0
14453,119.93,1,119.93,49,0.0,22,14,3,0.045454545454545456,0
14454,950.75,6,158.45833333333334,381,0.16666666666666666,94,13,6,0.1111111111111111,0
14455,574.42,5,114.88399999999999,662,0.2,66,15,6,0.18181818181818182,0
14456,2892.96,14,206.64000000000001,2750,0.35714285714285715,580,15,6,0.12392241379310345,1
14457,113.64,1,113.64,88,0.0,4,9,2,0.0,1
14458,226.76999999999998,1,226.76999999999998,315,0.0,46,12,2,0.15217391304347827,0
14459,5339.1410000000005,3,1779.7136666666668,2302,0.3333333333333333,113,13,4,0.08771929824561403,0
14460,919.6,12,76.63333333333334,1761,0.25,33,12,1,0.14583333333333334,0
14461,6637.21,14,474.0864285714286,2987,0.07142857142857142,515,12,1,0.1406003159557662,0
14462,2173.4700000000003,16,135.84187500000002,1007,0.25,183,13,4,0.1407942238267148,0
14463,786.5699999999999,4,196.64249999999998,210,0.0,7,10,2,0.0,0
14464,111.0,2,55.5,62,0.0,4,18,3,0.25,1
14465,3889.0,11,353.54545454545456,2527,0.0,128,12,3,0.12105263157894737,1
14466,4259.9,13,327.68461538461537,2502,0.0,77,13,3,0.13658536585365855,0
14467,2178.04,12,181.50333333333333,1173,0.0,144,12,0,0.09060402684563758,0
14468,204.24,1,204.24,164,0.0,12,12,6,0.16666666666666666,0
14469,2085.66,4,521.415,969,0.0,120,14,1,0.14583333333333334,0
14470,712.04,3,237.34666666666666,282,0.0,56,11,4,0.13333333333333333,0
14471,400.95,2,200.475,187,0.0,38,12,0,0.024390243902439025,0
14472,2061.05,9,229.0055555555556,1231,0.0,173,12,6,0.13945578231292516,0
14473,234.34000000000003,2,117.17000000000002,88,0.0,7,15,0,0.0,1
14474,1239.04,3,413.0133333333333,445,0.3333333333333333,122,12,6,0.13385826771653545,0
14475,1025.1200000000001,7,146.4457142857143,522,0.42857142857142855,41,10,3,0.18867924528301888,0
14476,193.0,1,193.0,110,0.0,17,15,6,0.058823529411764705,1
14477,1960.61,10,196.06099999999998,1115,0.3,7,11,2,0.058823529411764705,0
14478,1276.66,4,319.165,1226,0.0,59,13,1,0.07352941176470588,0
14479,1111.6200000000001,4,277.90500000000003,555,0.0,127,11,6,0.1111111111111111,0
14480,1295.27,5,259.054,669,0.2,52,12,1,0.13636363636363635,0
14481,1891.42,6,315.2366666666667,1558,0.16666666666666666,115,19,1,0.14093959731543623,1
14482,4081.4300000000003,14,291.5307142857143,2682,0.14285714285714285,185,15,3,0.13191489361702127,0
14483,249.2,3,83.06666666666666,191,0.3333333333333333,14,10,3,0.21428571428571427,0
14484,1070.98,4,267.745,744,0.0,47,10,3,0.18867924528301888,0
14485,158.22,1,158.22,67,0.0,44,12,1,0.11363636363636363,0
14486,175.5,2,87.75,90,0.0,4,9,4,0.3333333333333333,0
14487,1216.54,8,152.0675,726,0.125,129,13,6,0.10062893081761007,1
14488,1047.43,2,523.715,793,0.5,46,9,0,0.08163265306122448,0
14489,1574.93,4,393.7325,1011,0.0,65,9,1,0.13,0
14490,1273.47,2,636.735,933,0.0,72,15,4,0.125,1
14491,340.93,2,170.465,139,0.0,17,15,4,0.058823529411764705,0
14492,1574.3600000000001,10,157.436,639,0.3,70,13,1,0.08653846153846154,1
14493,4934.21,14,352.44357142857143,3089,0.2857142857142857,292,13,0,0.10601719197707736,1
14494,401.46,3,133.82,210,0.0,17,13,2,0.0,1
14495,166.3,4,41.575,67,0.25,7,12,3,0.125,0
14496,2341.54,10,234.154,894,0.3,64,13,1,0.09174311926605505,0
14497,679.16,3,226.38666666666666,330,0.3333333333333333,40,17,3,0.07142857142857142,0
14498,3849.33,10,384.933,2100,0.0,276,12,2,0.09641873278236915,0
14499,2045.56,10,204.55599999999998,1186,0.3,199,11,6,0.11551155115511551,0
14500,254.85000000000002,3,84.95,93,0.0,6,10,4,0.16666666666666666,1
14501,190.31,3,63.43666666666667,119,0.3333333333333333,9,12,3,0.08333333333333333,0
14502,2259.38,14,161.3842857142857,1395,0.21428571428571427,369,14,6,0.11241610738255034,0
14503,3543.26,6,590.5433333333334,2004,0.0,113,14,1,0.07926829268292683,1
14504,673.26,4,168.315,308,0.0,85,16,6,0.09345794392523364,0
14505,11280.27,27,417.7877777777778,5093,0.2962962962962963,900,16,6,0.11563307493540052,0
14506,2924.04,7,417.71999999999997,918,0.0,251,14,1,0.10880829015544041,0
14507,3067.15,14,219.08214285714286,1437,0.21428571428571427,189,12,6,0.1596958174904943,0
14508,776.54,6,129.42333333333332,320,0.16666666666666666,142,13,3,0.09411764705882353,0
14509,110.95,1,110.95,38,0.0,25,13,2,0.16,0
14510,964.55,4,241.1375,787,0.25,67,12,0,0.10526315789473684,1
14511,1267.4099999999999,6,211.23499999999999,772,0.16666666666666666,53,17,0,0.09859154929577464,1
14512,1215.97,7,173.71,736,0.0,55,13,3,0.1518987341772152,0
14513,770.9100000000001,7,110.13000000000001,587,0.14285714285714285,15,12,3,0.12,0
14514,4326.77,10,432.677,2328,0.1,213,13,0,0.0926517571884984,0
14515,3693.7,15,246.24666666666664,1883,0.2,109,12,1,0.07344632768361582,1
14516,151.17,1,151.17,63,0.0,35,14,6,0.08571428571428572,1
14517,330.45,2,165.225,91,0.0,17,11,3,0.1111111111111111,1
14518,174.37,1,174.37,278,0.0,16,14,3,0.1875,0
14519,203.14,2,101.57,81,0.0,38,10,4,0.02631578947368421,0
14520,270.6,2,135.3,146,0.0,3,9,3,0.0,0
14521,167.65,2,83.825,203,0.5,17,16,3,0.1,1
14522,1718.92,8,214.865,946,0.0,34,12,3,0.06818181818181818,0
14523,241.09,1,241.09,251,0.0,12,13,1,0.08333333333333333,0
14524,2901.46,13,223.18923076923076,1165,0.0,250,12,1,0.11838006230529595,1
14525,7669.2699999999995,21,365.2033333333333,4845,0.19047619047619047,340,12,3,0.10211946050096339,1
14526,258.65,1,258.65,178,0.0,41,13,0,0.17073170731707318,0
14527,25434.8,190,133.86736842105262,6457,0.35789473684210527,628,12,3,0.11973875181422351,1
14528,364.21999999999997,1,364.21999999999997,278,0.0,18,17,2,0.05555555555555555,0
14529,553.12,3,184.37333333333333,298,0.0,177,15,0,0.09313725490196079,0
14530,5942.45,19,312.7605263157895,2958,0.15789473684210525,270,11,2,0.11702127659574468,0
14531,376.34,1,376.34,260,0.0,29,10,1,0.2413793103448276,1
14532,3826.33,12,318.86083333333335,1108,0.08333333333333333,209,12,6,0.10543130990415335,0
14533,3185.12,15,212.34133333333332,4783,0.26666666666666666,74,12,3,0.09574468085106383,1
14534,5556.77,38,146.2307894736842,2649,0.3157894736842105,437,12,2,0.10405405405405406,0
14535,5749.21,11,522.6554545454545,3124,0.18181818181818182,589,15,1,0.12545676004872108,0
14536,170.95,1,170.95,39,0.0,18,12,4,0.16666666666666666,0
14537,635.45,3,211.8166666666667,227,0.3333333333333333,23,13,4,0.08333333333333333,0
14538,1370.8400000000001,5,274.168,284,0.0,45,10,0,0.057692307692307696,0
14539,537.48,2,268.74,428,0.0,31,9,3,0.09375,1
14540,3559.44,12,296.62,1553,0.08333333333333333,197,15,2,0.12156862745098039,0
14541,2427.98,14,173.42714285714285,1091,0.0,99,15,3,0.12048192771084337,0
14542,103.25,1,103.25,19,0.0,5,8,1,0.0,0
14543,11585.460000000001,50,231.7092,2023,0.22,107,12,2,0.12121212121212122,0
14544,2854.13,3,951.3766666666667,2377,0.0,148,16,3,0.0898876404494382,0
14545,349.25,1,349.25,236,0.0,23,15,2,0.21739130434782608,0
14546,4903.02,20,245.151,2578,0.45,414,13,6,0.09866017052375152,0
14547,3909.17,9,434.3522222222222,2605,0.1111111111111111,198,14,6,0.13793103448275862,0
14548,2293.19,9,254.79888888888888,904,0.0,66,14,6,0.14563106796116504,0
14549,913.6,4,228.4,394,0.0,117,13,1,0.1258741258741259,0
14550,1327.24,4,331.81,761,0.0,77,12,1,0.11702127659574468,0
14551,849.14,9,94.3488888888889,471,0.2222222222222222,69,14,6,0.13924050632911392,1
14552,507.93,3,169.31,258,0.0,124,12,0,0.11038961038961038,0
14553,1764.15,10,176.41500000000002,1092,0.1,233,12,6,0.14336917562724014,0
14554,2187.21,4,546.8025,1400,0.0,147,13,2,0.09523809523809523,1
14555,2238.23,7,319.7471428571429,823,0.14285714285714285,95,11,1,0.16666666666666666,0
14556,815.69,3,271.8966666666667,323,0.0,158,14,2,0.09693877551020408,0
14557,0.0,2,0.0,0,0.5,16,15,3,0.125,1
14558,614.1,5,122.82000000000001,158,0.4,13,10,1,0.11764705882352941,0
14559,75.6,1,75.6,72,0.0,2,16,6,0.0,0
14560,5949.64,46,129.34,4303,0.043478260869565216,60,11,4,0.14427860696517414,0
14561,1080.76,3,360.25333333333333,1014,0.0,67,13,6,0.17391304347826086,0
14562,6226.85,30,207.56166666666667,2376,0.13333333333333333,247,14,3,0.12191103789126853,0
14563,583.79,2,291.895,274,0.0,95,12,0,0.13592233009708737,0
14564,2519.32,5,503.86400000000003,1284,0.6,108,9,4,0.1504424778761062,0
14565,3833.87,7,547.6957142857143,1932,0.2857142857142857,139,13,0,0.15432098765432098,0
14566,4092.0,4,1023.0,2400,0.0,9,10,3,0.0625,0
14567,1524.46,3,508.15333333333336,410,0.3333333333333333,33,10,4,0.17647058823529413,1
14568,909.5,2,454.75,633,0.5,47,17,3,0.08333333333333333,0
14569,589.3299999999999,4,147.33249999999998,254,0.0,31,11,3,0.03125,0
14570,580.9,3,193.63333333333333,380,0.0,64,13,2,0.06060606060606061,0
14571,160.0,1,160.0,56,0.0,30,15,6,0.1,1
14572,5280.28,15,352.01866666666666,2796,0.26666666666666666,336,16,6,0.12240663900414937,0
14573,2074.52,17,122.03058823529412,663,0.23529411764705882,183,11,3,0.09935897435897435,0
14574,143.70000000000002,1,143.70000000000002,63,0.0,11,12,0,0.2727272727272727,0
14575,418.73,1,418.73,162,0.0,71,14,6,0.16901408450704225,1
14576,35.400000000000006,1,35.400000000000006,12,0.0,1,17,3,0.0,1
14577,1302.05,7,186.00714285714284,552,0.0,104,12,6,0.07428571428571429,1
14578,168.63,1,168.63,240,0.0,24,17,1,0.125,0
14579,100.49,1,100.49,53,0.0,24,14,6,0.08333333333333333,0
14580,14.850000000000001,1,14.850000000000001,3,0.0,1,15,4,0.0,0
14581,404.65,2,202.325,300,0.0,59,15,6,0.1016949152542373,0
14582,114.11,1,114.11,73,0.0,6,11,6,0.16666666666666666,0
14583,1584.86,8,198.1075,1005,0.0,353,12,6,0.12356979405034325,0
14584,1713.46,9,190.38444444444445,948,0.1111111111111111,127,16,3,0.11981566820276497,1
14585,1143.27,5,228.654,630,0.0,88,12,0,0.12612612612612611,0
14586,134.16,3,44.72,236,0.6666666666666666,19,10,1,0.07407407407407407,0
14587,1563.69,10,156.369,737,0.1,170,13,2,0.125,0
14588,135.39,1,135.39,62,0.0,16,15,0,0.3125,0
14589,39.75,1,39.75,5,0.0,3,11,4,0.0,1
14590,2863.81,28,102.27892857142857,875,0.2857142857142857,124,12,0,0.10747663551401869,0
14591,1274.72,4,318.68,1205,0.0,138,13,3,0.15853658536585366,1
14592,555.74,3,185.24666666666667,403,0.0,132,18,4,0.11464968152866242,0
14593,3413.91,18,189.66166666666666,1732,0.3333333333333333,437,12,2,0.11015490533562823,1
14594,356.75,2,178.375,181,0.0,48,13,2,0.0784313725490196,0
14595,2164.45,8,270.55625,1228,0.0,119,15,4,0.1323529411764706,0
14596,212.42000000000002,1,212.42000000000002,71,0.0,50,12,1,0.06,0
14597,2062.31,6,343.7183333333333,1348,0.0,79,13,0,0.10344827586206896,0
14598,218.67,3,72.89,187,0.3333333333333333,83,13,2,0.05426356589147287,0
14599,450.74,2,225.37,289,0.0,77,14,6,0.11688311688311688,0
14600,865.1700000000001,2,432.58500000000004,487,0.0,53,15,3,0.12962962962962962,0
14601,213.96,1,213.96,168,0.0,7,9,1,0.14285714285714285,0
14602,205.35999999999999,1,205.35999999999999,80,0.0,31,15,6,0.1935483870967742,1
14603,660.0,1,660.0,400,0.0,2,10,3,0.0,0
14604,126.36,1,126.36,74,0.0,20,13,1,0.15,0
14605,855.66,4,213.915,406,0.0,88,15,1,0.17307692307692307,1
14606,28924.67,259,111.67826254826254,14696,0.25868725868725867,1270,13,0,0.11601180307501165,0
14607,18299.06,27,677.742962962963,11408,0.18518518518518517,106,10,0,0.11587982832618025,0
14608,3273.44,12,272.7866666666667,917,0.08333333333333333,15,11,3,0.18181818181818182,1
14609,1366.2,11,124.2,10320,0.09090909090909091,6,9,1,0.07142857142857142,1
14610,24.35,2,12.175,15,0.0,10,16,1,0.2,0
14611,599.38,3,199.79333333333332,581,0.3333333333333333,37,9,1,0.10256410256410256,1
14612,877.7,1,877.7,134,0.0,14,16,2,0.07142857142857142,0
14613,76.32000000000001,1,76.32000000000001,72,0.0,1,13,3,0.0,0
14614,295.13,1,295.13,189,0.0,19,13,3,0.05263157894736842,0
14615,934.26,6,155.71,481,0.16666666666666666,40,13,2,0.0784313725490196,0
14616,527.78,5,105.556,170,0.0,3,9,0,0.0,0
14617,190.47000000000003,2,95.23500000000001,81,0.0,7,10,2,0.1111111111111111,1
14618,1290.72,9,143.41333333333333,688,0.2222222222222222,40,16,1,0.07692307692307693,0
14619,1276.31,3,425.43666666666667,587,0.3333333333333333,58,14,2,0.14516129032258066,1
14620,393.28000000000003,3,131.09333333333333,188,0.3333333333333333,26,8,1,0.1,0
14621,2878.27,16,179.891875,1671,0.4375,139,13,2,0.13333333333333333,0
14622,320.58000000000004,1,320.58000000000004,146,0.0,21,12,2,0.047619047619047616,0
14623,1986.58,12,165.54833333333332,1017,0.16666666666666666,193,13,0,0.08450704225352113,0
14624,814.07,6,135.67833333333334,645,0.0,39,10,2,0.058823529411764705,0
14625,4429.18,18,246.06555555555556,2144,0.3888888888888889,167,12,0,0.08727272727272728,0
14626,5374.77,15,358.31800000000004,3118,0.26666666666666666,181,10,2,0.10548523206751055,0
14627,406.40000000000003,3,135.46666666666667,269,0.6666666666666666,32,16,3,0.07692307692307693,0
14628,1998.0,5,399.6,1147,0.0,65,14,0,0.1744186046511628,1
14629,928.25,3,309.4166666666667,367,0.3333333333333333,133,16,6,0.087248322147651,0
14630,338.65,1,338.65,111,0.0,21,16,3,0.0,1
14631,2023.17,7,289.0242857142857,1395,0.14285714285714285,65,10,0,0.16304347826086957,1
14632,114.56,1,114.56,96,0.0,8,8,1,0.125,0
14633,344.90000000000003,1,344.90000000000003,96,0.0,20,17,4,0.2,0
14634,1971.82,7,281.68857142857144,1850,0.42857142857142855,105,9,2,0.1271186440677966,0
14635,215.22,1,215.22,118,0.0,15,10,6,0.26666666666666666,0
14636,609.85,2,304.925,241,0.0,27,9,2,0.21428571428571427,1
14637,106.67999999999999,1,106.67999999999999,100,0.0,7,15,6,0.2857142857142857,1
14638,443.6,1,443.6,166,0.0,16,10,3,0.0625,0
14639,4946.81,11,449.71000000000004,2407,0.18181818181818182,203,13,1,0.1016949152542373,0
14640,3446.33,16,215.395625,1552,0.375,165,15,1,0.1036036036036036,0
14641,110.46,1,110.46,90,0.0,7,10,4,0.14285714285714285,0
14642,96.12,1,96.12,76,0.0,2,11,2,0.5,0
14643,1654.69,6,275.7816666666667,1317,0.16666666666666666,57,14,3,0.1076923076923077,0
14644,2077.47,12,173.12249999999997,755,0.4166666666666667,50,8,0,0.1111111111111111,1
14645,840.24,4,210.06,574,0.25,45,9,2,0.09259259259259259,0
14646,523119.52999999997,164,3189.753231707317,365111,0.07317073170731707,964,10,3,0.1242603550295858,0
14647,480.07,2,240.035,163,0.0,42,13,6,0.07142857142857142,0
14648,4286.47,19,225.60368421052632,3162,0.21052631578947367,286,13,3,0.10120481927710843,0
14649,3509.02,11,319.0018181818182,2316,0.18181818181818182,374,13,2,0.15768463073852296,0
14650,62.5,1,62.5,22,0.0,4,20,3,0.0,0
14651,2007.47,9,223.0522222222222,867,0.0,216,16,3,0.11870503597122302,0
14652,114.18,1,114.18,53,0.0,29,14,4,0.06896551724137931,0
14653,3575.57,12,297.9641666666667,1962,0.0,271,13,2,0.11315789473684211,1
14654,246.86,1,246.86,273,0.0,27,12,1,0.18518518518518517,0
14655,3829.23,12,319.1025,2325,0.4166666666666667,73,14,3,0.12727272727272726,0
14656,771.3,5,154.26,293,0.0,148,13,2,0.1218274111675127,1
14657,1362.3500000000001,7,194.6214285714286,823,0.14285714285714285,143,15,0,0.09950248756218906,0
14658,247.15,2,123.575,47,0.0,27,15,6,0.13793103448275862,0
14659,2446.63,12,203.88583333333335,1179,0.25,147,12,4,0.1556420233463035,1
14660,285.74,2,142.87,228,0.0,24,11,2,0.1,0
14661,107.95,1,107.95,35,0.0,4,11,6,0.0,1
14662,1339.54,7,191.36285714285714,892,0.0,199,12,4,0.10344827586206896,1
14663,465.93,2,232.965,376,0.0,60,13,1,0.15873015873015872,1
14664,619.16,2,309.58,452,0.0,78,14,6,0.11458333333333333,0
14665,2172.33,9,241.37,904,0.2222222222222222,94,11,0,0.09433962264150944,1
14666,195.25,1,195.25,161,0.0,14,12,1,0.07142857142857142,0
14667,19921.6,61,326.58360655737704,11709,0.11475409836065574,579,14,0,0.12094861660079051,0
14668,109.98,1,109.98,46,0.0,10,15,0,0.0,0
14669,3150.42,7,450.06,2004,0.0,334,12,1,0.12533333333333332,0
14670,572.0,3,190.66666666666666,406,0.0,159,13,4,0.09195402298850575,0
14671,1111.4,2,555.7,564,0.0,48,18,3,0.11320754716981132,1
14672,1109.39,4,277.3475,643,0.0,93,10,4,0.10476190476190476,0
14673,3037.32,7,433.90285714285716,1822,0.0,86,12,2,0.10810810810810811,0
14674,173.66,1,173.66,103,0.0,14,14,6,0.07142857142857142,0
14675,960.43,2,480.215,635,0.0,196,12,1,0.14009661835748793,0
14676,8285.49,16,517.843125,8744,0.25,77,9,1,0.07142857142857142,0
14677,184.91,1,184.91,139,0.0,14,9,0,0.21428571428571427,0
14678,386.44,2,193.22,178,0.5,24,14,6,0.12,0
14679,1272.95,5,254.59,789,0.4,49,11,1,0.11940298507462686,1
14680,52913.42,87,608.2002298850574,25519,0.3333333333333333,223,12,1,0.12263489838822705,0
14681,875.1500000000001,6,145.85833333333335,172,0.0,19,12,2,0.1,1
14682,1514.81,6,252.46833333333333,949,0.0,79,9,3,0.09302325581395349,1
14683,146.56,1,146.56,386,0.0,21,17,4,0.23809523809523808,1
14684,1420.78,6,236.79666666666665,997,0.0,272,12,6,0.10995850622406639,0
14685,4161.01,13,320.0776923076923,1865,0.38461538461538464,110,13,6,0.11170212765957446,0
14686,823.61,6,137.26833333333335,441,0.16666666666666666,185,18,3,0.11267605633802817,0
14687,1402.06,3,467.3533333333333,850,0.0,34,11,3,0.125,1
14688,6655.18,34,195.74058823529413,4634,0.17647058823529413,197,12,1,0.13346228239845262,0
14689,112.8,1,112.8,76,0.0,13,11,6,0.07692307692307693,0
14690,764.59,5,152.918,334,0.2,69,11,0,0.11214953271028037,0
14691,2114.33,5,422.866,707,0.0,50,11,6,0.1267605633802817,0
14692,1668.99,13,128.38384615384615,869,0.07692307692307693,101,13,3,0.12337662337662338,0
14693,1139.86,8,142.4825,386,0.125,43,12,6,0.11842105263157894,0
14694,244.31,1,244.31,193,0.0,15,19,3,0.13333333333333333,1
14695,1462.97,4,365.7425,606,0.25,85,14,0,0.07777777777777778,0
14696,2465.3,10,246.53000000000003,1863,0.2,137,13,3,0.1337579617834395,0
14697,188.60999999999999,2,94.30499999999999,181,0.0,22,15,3,0.09090909090909091,1
14698,1185.17,5,237.03400000000002,578,0.0,148,12,6,0.1,1
14699,702.6,4,175.65,484,0.0,45,12,4,0.16,0
14700,3040.66,5,608.132,1594,0.0,111,12,4,0.12727272727272726,1
14701,4354.99,18,241.94388888888886,1681,0.16666666666666666,455,12,3,0.12141652613827993,1
14702,6296.02,32,196.750625,2860,0.09375,338,19,3,0.10294117647058823,1
14703,318.17,1,318.17,183,0.0,22,9,4,0.045454545454545456,0
14704,1666.17,11,151.47,1040,0.0,319,13,2,0.13002364066193853,0
14705,179.0,1,179.0,100,0.0,1,12,2,0.0,0
14706,367.54,1,367.54,246,0.0,25,11,2,0.12,0
14707,139.2,2,69.6,96,0.0,1,11,2,0.0,0
14708,1763.52,6,293.92,1153,0.16666666666666666,27,8,2,0.21428571428571427,0
14709,8866.48,27,328.3881481481481,4138,0.07407407407407407,105,12,3,0.12813370473537605,0
14710,1803.09,13,138.69923076923075,1075,0.0,310,11,3,0.13317191283292978,1
14711,2783.25,12,231.9375,935,0.08333333333333333,221,13,1,0.1348973607038123,0
14712,1328.0700000000002,4,332.01750000000004,411,0.0,24,14,6,0.15625,0
14713,5055.26,25,202.21040000000002,3308,0.16,223,19,3,0.11143695014662756,0
14714,878.55,7,125.50714285714285,624,0.42857142857142855,64,11,3,0.125,0
14715,1810.0,8,226.25,1025,0.0,102,12,1,0.0962962962962963,1
14716,534.72,3,178.24,631,0.0,85,12,3,0.17391304347826086,0
14717,72.8,2,36.4,30,0.5,12,13,6,0.08333333333333333,1
14718,226.42,1,226.42,202,0.0,11,13,0,0.0,1
14719,1553.19,6,258.865,1014,0.16666666666666666,177,12,0,0.09913793103448276,0
14720,663.81,3,221.26999999999998,219,0.0,34,12,6,0.10810810810810811,0
14721,98.87,1,98.87,45,0.0,24,13,3,0.041666666666666664,0
14722,489.52,3,163.17333333333332,214,0.0,72,14,1,0.10344827586206896,0
14723,1697.07,11,154.2790909090909,1089,0.0,287,15,1,0.11538461538461539,1
14724,336.95,1,336.95,181,0.0,40,13,2,0.2,1
14725,1058.44,5,211.68800000000002,1225,0.2,85,11,2,0.1134020618556701,1
14726,116.5,1,116.5,82,0.0,15,12,1,0.13333333333333333,0
14727,289.88,4,72.47,75,0.25,43,13,4,0.11428571428571428,0
14728,190.58,1,190.58,68,0.0,14,15,4,0.35714285714285715,0
14729,561.49,3,187.16333333333333,351,0.0,126,12,2,0.1484375,0
14730,1787.1299999999999,8,223.39124999999999,980,0.0,317,13,2,0.12155963302752294,0
14731,373.42,3,124.47333333333334,252,0.0,38,13,2,0.045454545454545456,1
14732,5447.52,24,226.98000000000002,2259,0.20833333333333334,162,9,2,0.13380281690140844,1
14733,14180.98,18,787.8322222222222,5748,0.16666666666666666,140,15,1,0.12048192771084337,0
14734,1045.47,5,209.094,377,0.2,48,9,6,0.109375,0
14735,11909.710000000001,59,201.85949152542375,4398,0.05084745762711865,198,11,0,0.12335958005249344,1
14736,369.46,2,184.73,140,0.0,70,15,2,0.09302325581395349,0
14737,3554.17,4,888.5425,1071,0.0,28,11,3,0.08888888888888889,1
14738,1755.24,12,146.27,723,0.25,59,10,3,0.14634146341463414,0
14739,11555.69,28,412.7032142857143,9688,0.10714285714285714,129,14,2,0.145748987854251,0
14740,4068.86,13,312.9892307692308,2059,0.15384615384615385,173,10,3,0.18067226890756302,1
14741,1713.09,7,244.72714285714284,1006,0.0,48,8,0,0.10526315789473684,0
14742,579.85,1,579.85,374,0.0,34,14,3,0.08823529411764706,1
14743,50.48,1,50.48,40,0.0,3,10,0,0.0,1
14744,3596.02,17,211.53058823529412,2396,0.17647058823529413,58,14,1,0.10743801652892562,0
14745,2471.06,17,145.35647058823528,1945,0.29411764705882354,74,10,4,0.11643835616438356,1
14746,593.5,4,148.375,398,0.0,7,11,1,0.1111111111111111,0
14747,294.3,2,147.15,82,0.5,18,14,0,0.05263157894736842,0
14748,2201.83,16,137.614375,1990,0.375,132,13,3,0.12234042553191489,0
14749,310.15,1,310.15,403,0.0,18,12,1,0.0,0
14750,112.03,1,112.03,65,0.0,32,17,3,0.15625,0
14751,126.45,2,63.225,65,0.0,7,13,6,0.42857142857142855,0
14752,389.64,1,389.64,260,0.0,5,11,3,0.6,0
14753,869.51,2,434.755,412,0.0,45,14,1,0.041666666666666664,1
14754,1543.73,7,220.53285714285715,1008,0.14285714285714285,110,10,0,0.13138686131386862,1
14755,9851.45,30,328.3816666666667,4366,0.16666666666666666,220,13,2,0.1590909090909091,0
14756,2613.46,4,653.365,1419,0.25,102,11,0,0.09016393442622951,0
14757,420.5,1,420.5,160,0.0,19,14,6,0.15789473684210525,0
14758,2864.97,7,409.28142857142853,840,0.0,91,12,0,0.1323529411764706,0
14759,1625.97,3,541.99,569,0.0,92,12,0,0.06862745098039216,0
14760,53.8,2,26.9,28,0.5,5,16,1,0.0,0
14761,447.92,3,149.30666666666667,206,0.0,21,14,1,0.08333333333333333,0
14762,417.57,2,208.785,428,0.0,28,8,0,0.06666666666666667,0
14763,-9.95,1,-9.95,-1,1.0,1,17,0,0.0,0
14764,250.55,2,125.275,175,0.5,6,11,0,0.14285714285714285,0
14765,254.11,3,84.70333333333333,135,0.0,38,19,3,0.15384615384615385,0
14766,6301.88,14,450.13428571428574,3963,0.21428571428571427,251,11,0,0.09090909090909091,0
14767,382.81,1,382.81,117,0.0,18,14,6,0.0,0
14768,139.5,3,46.5,34,0.3333333333333333,4,13,3,0.3333333333333333,0
14769,15226.05,21,725.05,10874,0.19047619047619047,834,13,6,0.10974729241877257,1
14770,3624.89,9,402.7655555555555,1597,0.1111111111111111,152,18,3,0.11616161616161616,0
14771,579.92,3,193.30666666666664,608,0.3333333333333333,46,12,6,0.1,1
14772,139.26,1,139.26,82,0.0,9,15,4,0.1111111111111111,1
14773,125.7,2,62.85,50,0.5,10,10,0,0.2727272727272727,0
14774,241.45,1,241.45,99,0.0,13,12,1,0.07692307692307693,0
14775,1011.9,3,337.3,1174,0.0,57,12,0,0.1,0
14776,3339.02,19,175.7378947368421,4204,0.21052631578947367,68,14,1,0.11848341232227488,0
14777,239.26,4,59.815,200,0.75,16,12,0,0.047619047619047616,1
14778,730.86,2,365.43,306,0.0,34,11,4,0.17142857142857143,1
14779,386.15,3,128.71666666666667,84,0.0,40,12,3,0.17073170731707318,0
14780,447.68,2,223.84,310,0.0,26,15,2,0.07407407407407407,0
14781,-530.31,1,-530.31,-1,1.0,1,15,4,0.0,0
14782,200.10000000000002,1,200.10000000000002,114,0.0,6,11,0,0.3333333333333333,0
14783,305.35,2,152.675,261,0.5,17,16,3,0.16666666666666666,0
14784,449.93,3,149.97666666666666,363,0.0,25,9,0,0.037037037037037035,0
14785,77.4,2,38.7,84,0.0,2,13,3,0.3333333333333333,1
14786,90.96,1,90.96,112,0.0,7,13,0,0.0,0
14787,107.35000000000001,1,107.35000000000001,57,0.0,14,14,2,0.14285714285714285,0
14788,1156.32,3,385.44,719,0.0,53,18,3,0.15517241379310345,0
14789,197.64,1,197.64,116,0.0,6,8,4,0.0,0
14790,2526.62,10,252.66199999999998,2642,0.0,65,9,4,0.10344827586206896,0
14791,303.63,1,303.63,127,0.0,19,10,0,0.05263157894736842,0
14792,0.0,2,0.0,0,0.5,2,9,3,0.0,0
14793,611.0500000000001,3,203.68333333333337,358,0.3333333333333333,39,16,1,0.175,0
14794,1889.15,13,145.31923076923078,778,0.23076923076923078,85,9,2,0.056074766355140186,1
14795,131.45000000000002,1,131.45000000000002,17,0.0,6,13,6,0.5,0
14796,9795.86,39,251.17589743589744,7001,0.3076923076923077,487,10,0,0.12082777036048065,0
14797,300.31,1,300.31,99,0.0,16,14,1,0.125,1
14798,715.11,9,79.45666666666666,599,0.1111111111111111,30,8,0,0.13725490196078433,0
14799,338.15,2,169.075,495,0.0,20,16,2,0.08695652173913043,0
14800,6795.34,23,295.4495652173913,6351,0.2608695652173913,338,11,6,0.1111111111111111,0
14801,188.09,1,188.09,172,0.0,56,15,6,0.10714285714285714,1
14802,-1502.98,6,-250.49666666666667,-2,0.6666666666666666,1,13,0,0.16666666666666666,1
14803,549.75,3,183.25,262,0.0,35,13,3,0.0975609756097561,0
14804,353.27,1,353.27,121,0.0,12,11,3,0.16666666666666666,0
14805,1082.55,7,154.65,416,0.0,88,12,6,0.06299212598425197,0
14806,303.43,2,151.715,423,0.0,17,15,6,0.05,0
14807,504.14,2,252.07,234,0.0,37,11,6,0.21052631578947367,0
14808,2050.8,15,136.72,1879,0.4666666666666667,179,12,0,0.1440329218106996,1
14809,686.76,2,343.38,232,0.0,18,15,6,0.1111111111111111,0
14810,2311.43,13,177.8023076923077,1146,0.0,125,11,6,0.12080536912751678,0
14811,170.5,1,170.5,74,0.0,28,13,2,0.03571428571428571,0
14812,178.85,1,178.85,135,0.0,36,12,1,0.08333333333333333,0
14813,807.0600000000001,4,201.76500000000001,358,0.0,110,11,3,0.12403100775193798,0
14814,149.06,1,149.06,86,0.0,28,14,4,0.21428571428571427,1
14815,778.5,2,389.25,744,0.0,53,11,0,0.11320754716981132,1
14816,271.85,1,271.85,5,0.0,4,13,3,0.0,0
14817,3889.21,9,432.13444444444445,2445,0.2222222222222222,145,12,0,0.13247863247863248,1
14818,1132.06,6,188.67666666666665,541,0.0,87,12,1,0.0970873786407767,1
14819,454.46,4,113.615,169,0.0,52,17,0,0.11320754716981132,0
14820,1274.76,9,141.64,724,0.0,51,13,6,0.078125,0
14821,1213.65,7,173.37857142857143,449,0.0,65,13,0,0.07352941176470588,0
14822,157.70000000000002,1,157.70000000000002,94,0.0,9,12,2,0.0,0
14823,321.43,3,107.14333333333333,88,0.0,56,14,6,0.04285714285714286,0
14824,3952.51,12,329.37583333333333,1934,0.16666666666666666,84,13,4,0.1419753086419753,0
14825,4671.68,27,173.0251851851852,2745,0.1111111111111111,188,14,1,0.1040268456375839,0
14826,385.2,2,192.6,152,0.0,10,9,4,0.1,1
14827,0.0,1,0.0,5,0.0,1,15,4,0.0,0
14828,9803.460000000001,14,700.2471428571429,9670,0.07142857142857142,72,9,3,0.12745098039215685,0
14829,1402.97,9,155.88555555555556,919,0.2222222222222222,77,13,2,0.09574468085106383,1
14830,188.88,1,188.88,164,0.0,39,14,0,0.10256410256410256,0
14831,1623.97,7,231.99571428571429,877,0.5714285714285714,67,14,3,0.07777777777777778,0
14832,-274.63,3,-91.54333333333334,-1,0.6666666666666666,1,15,4,0.0,1
14833,94.8,1,94.8,58,0.0,7,10,3,0.0,0
14834,2184.21,9,242.69,869,0.2222222222222222,55,10,3,0.15555555555555556,0
14835,293.09999999999997,3,97.69999999999999,178,0.3333333333333333,1,10,1,0.0,0
14836,102.44999999999999,3,34.15,45,0.0,5,13,2,0.3333333333333333,0
14837,3445.82,12,287.1516666666667,3022,0.25,171,10,6,0.13145539906103287,1
14838,769.9200000000001,2,384.96000000000004,361,0.0,69,15,1,0.14285714285714285,1
14839,915.28,3,305.0933333333333,927,0.0,61,16,0,0.0945945945945946,0
14840,340.21,3,113.40333333333332,173,0.3333333333333333,20,15,4,0.20833333333333334,1
14841,7163.0,14,511.64285714285717,4164,0.0,196,15,1,0.11666666666666667,0
14842,2456.8,8,307.1,1146,0.5,128,8,2,0.17088607594936708,0
14843,211.79999999999998,1,211.79999999999998,132,0.0,9,12,2,0.2222222222222222,0
14844,6688.43,12,557.3691666666667,4365,0.16666666666666666,159,13,0,0.1039426523297491,0
14845,150.0,1,150.0,600,0.0,1,10,0,0.0,0
14846,406.79999999999995,2,203.39999999999998,181,0.5,12,17,4,0.15384615384615385,0
14847,1320.6,4,330.15,529,0.25,56,9,3,0.046153846153846156,1
14848,310.56,1,310.56,260,0.0,11,12,6,0.09090909090909091,0
14849,15186.6,50,303.732,11687,0.14,279,12,3,0.12250332889480692,1
14850,1454.89,9,161.65444444444447,1264,0.2222222222222222,129,13,3,0.14130434782608695,0
14851,829.4100000000001,3,276.47,631,0.0,38,14,0,0.19047619047619047,1
14852,6108.88,21,290.8990476190476,4361,0.14285714285714285,152,13,4,0.15384615384615385,1
14853,1351.37,7,193.05285714285714,343,0.2857142857142857,26,9,1,0.12121212121212122,0
14854,4282.37,14,305.88357142857143,2974,0.21428571428571427,170,12,3,0.11764705882352941,0
14855,6500.8,7,928.6857142857143,3500,0.0,168,13,3,0.11165048543689321,0
14856,1290.53,3,430.1766666666667,711,0.0,65,9,4,0.13846153846153847,1
14857,3578.931,10,357.8931,2065,0.3,170,9,3,0.11467889908256881,1
14858,180.75,1,180.75,105,0.0,11,10,3,0.09090909090909091,0
14859,1703.94,6,283.99,886,0.16666666666666666,51,13,1,0.1791044776119403,0
14860,168.62,2,84.31,230,0.5,11,14,6,0.08333333333333333,0
14861,1318.4,14,94.17142857142858,1054,0.2857142857142857,62,13,1,0.12631578947368421,0
14862,841.1999999999999,2,420.59999999999997,772,0.0,47,10,0,0.1875,0
14863,266.76,1,266.76,132,0.0,11,15,3,0.0,1
14864,-48.75,1,-48.75,-17,1.0,2,17,1,0.5,0
14865,92.52000000000001,4,23.130000000000003,204,0.0,4,18,3,0.16666666666666666,1
14866,20554.09,20,1027.7045,8906,0.05,40,14,1,0.11428571428571428,1
14867,2910.41,19,153.1794736842105,993,0.15789473684210525,67,16,1,0.1,0
14868,4170.06,13,320.7738461538462,2224,0.07692307692307693,132,14,4,0.11682242990654206,0
14869,2705.05,9,300.56111111111113,2091,0.3333333333333333,187,15,6,0.13306451612903225,0
14870,1794.6000000000001,9,199.4,478,0.3333333333333333,43,11,0,0.10144927536231885,0
14871,1221.57,9,135.73,442,0.0,123,13,1,0.11458333333333333,0
14872,802.6800000000001,4,200.67000000000002,614,0.25,34,14,1,0.11363636363636363,1
14873,854.13,2,427.065,311,0.0,48,13,4,0.16326530612244897,0
14874,116.18,1,116.18,148,0.0,6,14,1,0.5,0
14875,2841.55,7,405.9357142857143,1327,0.5714285714285714,89,10,2,0.11827956989247312,0
14876,256.7,2,128.35,162,0.0,12,13,3,0.07692307692307693,0
14877,419.95,2,209.975,164,0.0,57,12,6,0.11475409836065574,0
14878,3741.16,28,133.61285714285714,2145,0.10714285714285714,160,11,6,0.12876712328767123,0
14879,185.06,1,185.06,104,0.0,27,11,6,0.18518518518518517,1
14880,690.59,3,230.1966666666667,365,0.0,45,13,4,0.17391304347826086,1
14881,255.4,1,255.4,316,0.0,17,11,6,0.23529411764705882,0
14882,3345.05,15,223.00333333333336,1422,0.06666666666666667,32,10,6,0.14925373134328357,1
14883,756.64,7,108.09142857142857,789,0.14285714285714285,39,9,3,0.09259259259259259,0
14884,120.6,1,120.6,72,0.0,8,12,0,0.0,0
14885,1496.12,4,374.03,1284,0.25,24,12,6,0.125,0
14886,364.8,1,364.8,160,0.0,18,8,4,0.0,0
14887,1862.0,1,1862.0,1100,0.0,6,15,2,0.16666666666666666,1
14888,369.2,1,369.2,184,0.0,20,14,0,0.15,0
14889,135.9,1,135.9,90,0.0,10,15,4,0.1,1
14890,817.25,3,272.4166666666667,636,0.0,55,9,3,0.07017543859649122,1
14891,1106.73,4,276.6825,788,0.0,55,12,6,0.15873015873015872,0
14892,202.35000000000002,1,202.35000000000002,79,0.0,13,8,0,0.07692307692307693,1
14893,1782.26,6,297.04333333333335,1034,0.5,99,10,0,0.16363636363636364,1
14894,1412.21,5,282.442,591,0.4,39,13,2,0.08163265306122448,0
14895,24487.13,48,510.1485416666667,10644,0.20833333333333334,445,15,4,0.12745098039215685,0
14896,1702.1000000000001,10,170.21,903,0.2,150,10,6,0.1450980392156863,0
14897,3100.7400000000002,9,344.5266666666667,1158,0.1111111111111111,94,9,1,0.0859375,0
14898,3170.43,18,176.135,2133,0.2222222222222222,185,14,3,0.10175438596491228,0
14899,1300.28,1,1300.28,560,0.0,126,15,1,0.07936507936507936,0
14900,13.919999999999998,1,13.919999999999998,48,0.0,1,15,0,0.0,0
14901,1883.2,13,144.86153846153846,868,0.07692307692307693,103,11,1,0.08888888888888889,0
14902,1000.27,5,200.054,703,0.4,51,10,4,0.13846153846153847,0
14903,2719.83,10,271.983,1479,0.5,227,12,6,0.12359550561797752,0
14904,1622.64,4,405.66,2513,0.0,127,12,2,0.10526315789473684,0
14905,1939.69,10,193.969,987,0.2,45,14,0,0.20987654320987653,0
14906,-66.98,3,-22.326666666666668,-1,0.6666666666666666,1,16,0,0.3333333333333333,0
14907,5476.62,23,238.11391304347825,2549,0.30434782608695654,153,10,1,0.1223021582733813,0
14908,381.9,2,190.95,182,0.0,14,12,0,0.0,0
14909,1380.98,5,276.196,886,0.4,61,14,0,0.14634146341463414,0
14910,389.86,7,55.69428571428572,221,0.42857142857142855,25,11,6,0.11428571428571428,0
14911,265757.91,510,521.0939411764706,141750,0.2196078431372549,2557,14,3,0.11805312827682629,0
14912,748.5799999999998,11,68.05272727272725,1803,0.45454545454545453,46,9,2,0.11764705882352941,1
14913,4073.13,8,509.14125,3955,0.0,176,14,4,0.11740890688259109,0
14914,-5.85,1,-5.85,-3,1.0,1,10,1,1.0,0
14915,1752.65,13,134.81923076923078,699,0.15384615384615385,65,14,0,0.09782608695652174,0
14916,2888.21,11,262.56454545454545,2379,0.2727272727272727,113,10,2,0.08571428571428572,0
14917,1123.75,2,561.875,891,0.0,29,11,3,0.06896551724137931,0
14918,5955.81,9,661.7566666666667,2551,0.0,79,11,3,0.1347517730496454,1
14919,359.35,1,359.35,129,0.0,13,13,4,0.07692307692307693,0
14920,1607.17,3,535.7233333333334,886,0.0,90,10,2,0.12371134020618557,0
14921,1316.07,2,658.035,953,0.0,78,12,6,0.16666666666666666,0
14922,843.74,2,421.87,376,0.0,49,9,1,0.12,1
14923,749.1,1,749.1,418,0.0,44,11,3,0.18181818181818182,0
14924,931.01,3,310.33666666666664,312,0.0,30,15,3,0.06451612903225806,0
14925,-7.95,1,-7.95,-1,1.0,1,13,1,0.0,0
14926,337.65,3,112.55,189,0.3333333333333333,2,9,1,0.0,0
14927,308.2,1,308.2,196,0.0,20,12,0,0.05,1
14928,204.46,2,102.23,263,0.5,21,9,0,0.125,1
14929,836.69,2,418.345,487,0.0,34,12,3,0.11764705882352941,0
14930,5126.74,9,569.6377777777777,2186,0.3333333333333333,213,11,1,0.11971830985915492,1
14931,964.6800000000001,6,160.78,416,0.16666666666666666,30,9,0,0.14285714285714285,0
14932,666.13,2,333.065,257,0.0,29,11,3,0.15625,0
14933,885.0,5,177.0,300,0.2,1,10,2,0.4,0
14934,2444.1,9,271.56666666666666,1446,0.4444444444444444,116,11,4,0.13306451612903225,0
14935,2849.83,2,1424.915,1931,0.0,25,11,1,0.038461538461538464,1
14936,12378.46,14,884.1757142857142,6271,0.14285714285714285,267,13,2,0.11886792452830189,1
14937,1617.63,4,404.4075,483,0.25,33,12,4,0.11428571428571428,0
14938,2289.43,4,572.3575,1361,0.5,71,13,2,0.07894736842105263,0
14939,-934.66,1,-934.66,-1,1.0,1,12,4,0.0,0
14940,531.49,2,265.745,384,0.0,32,10,0,0.15625,0
14941,182.1,1,182.1,80,0.0,7,11,0,0.14285714285714285,0
14942,706.56,5,141.31199999999998,353,0.2,13,10,0,0.05,0
14943,107.62,1,107.62,46,0.0,5,16,6,0.0,0
14944,9674.92,24,403.12166666666667,4833,0.20833333333333334,184,9,2,0.11290322580645161,0
14945,179.4,1,179.4,156,0.0,11,11,4,0.09090909090909091,0
14946,100.9,1,100.9,22,0.0,3,13,4,0.0,0
14947,1049.79,6,174.965,416,0.0,47,11,3,0.07407407407407407,0
14948,1066.57,7,152.36714285714285,661,0.14285714285714285,56,8,2,0.15625,0
14949,498.55,6,83.09166666666667,243,0.3333333333333333,16,15,4,0.16666666666666666,1
14950,361.25,2,180.625,135,0.5,19,13,6,0.05,0
14951,311.69,1,311.69,311,0.0,20,15,2,0.05,0
14952,17347.25,43,403.4244186046512,6875,0.2558139534883721,243,10,3,0.08895705521472393,0
14953,944.13,5,188.826,984,0.2,202,12,6,0.12083333333333333,0
14954,434.12,2,217.06,205,0.0,111,14,6,0.10344827586206896,0
14955,157.87,1,157.87,72,0.0,30,11,0,0.06666666666666667,0
14956,1325.0,1,1325.0,2500,0.0,4,16,3,0.25,0
14957,260.59,2,130.295,95,0.0,27,10,4,0.1111111111111111,0
14958,941.99,6,156.99833333333333,248,0.0,52,16,4,0.15492957746478872,1
14959,678.72,5,135.744,486,0.2,37,11,2,0.11666666666666667,0
14960,202.06,2,101.03,186,0.0,23,12,3,0.0,0
14961,16328.9,28,583.175,8335,0.21428571428571427,328,11,3,0.10588235294117647,1
14962,366.91,4,91.7275,123,0.0,14,9,0,0.0,1
14963,3019.9,13,232.3,2240,0.07692307692307693,306,12,3,0.13507625272331156,0
14964,206.21,1,206.21,143,0.0,13,14,2,0.0,0
14965,592.84,2,296.42,358,0.0,80,13,6,0.0875,1
14966,1044.66,6,174.11,1046,0.0,125,12,1,0.136986301369863,0
14967,1680.52,7,240.0742857142857,651,0.14285714285714285,23,12,4,0.2,0
14968,501.24,2,250.62,257,0.0,83,13,1,0.13095238095238096,1
14969,906.23,1,906.23,665,0.0,13,12,1,0.23076923076923078,0
14970,3593.4,16,224.5875,763,0.25,75,12,6,0.14960629921259844,0
14971,1068.0,3,356.0,611,0.0,144,13,3,0.1,0
14972,145.07,2,72.535,40,0.0,20,14,2,0.15,0
14973,1314.45,3,438.15000000000003,369,0.0,29,15,3,0.1875,1
14974,89.94,1,89.94,37,0.0,17,13,2,0.0,0
14975,472.39,2,236.195,507,0.0,25,14,3,0.15384615384615385,1
14976,765.86,8,95.7325,230,0.125,47,16,3,0.0958904109589041,0
14977,31.929999999999996,1,31.929999999999996,17,0.0,4,10,0,0.0,0
14978,3022.64,12,251.88666666666666,724,0.16666666666666666,175,12,2,0.09655172413793103,1
14979,357.55,1,357.55,184,0.0,42,12,4,0.11904761904761904,1
14980,150.68,1,150.68,79,0.0,24,14,2,0.041666666666666664,0
14981,313.52,3,104.50666666666666,229,0.3333333333333333,20,11,1,0.16666666666666666,0
14982,237.78,1,237.78,125,0.0,39,15,6,0.20512820512820512,0
14983,183.20000000000002,1,183.20000000000002,90,0.0,30,17,1,0.2,0
14984,1260.51,6,210.085,348,0.0,48,14,6,0.037037037037037035,0
14985,288.71,2,144.355,254,0.0,78,19,3,0.0975609756097561,0
14986,546.35,2,273.175,323,0.0,87,15,6,0.09375,1
14987,1469.05,9,163.22777777777776,575,0.1111111111111111,4,12,3,0.1875,0
14988,1998.75,7,285.5357142857143,1243,0.0,171,12,3,0.15584415584415584,0
14989,342.4,1,342.4,200,0.0,18,10,1,0.16666666666666666,0
14990,304.17,2,152.085,129,0.0,41,13,1,0.07142857142857142,0
14991,314.67,1,314.67,191,0.0,21,13,1,0.14285714285714285,1
14992,210.5,1,210.5,145,0.0,27,17,3,0.07407407407407407,0
14993,34.83,1,34.83,19,0.0,9,12,1,0.0,0
14994,833.49,8,104.18625,455,0.375,234,11,4,0.13,1
14995,231.98000000000002,2,115.99000000000001,102,0.0,53,13,4,0.1,0
14996,424.28999999999996,2,212.14499999999998,398,0.0,37,13,6,0.18421052631578946,1
14997,771.38,5,154.276,1390,0.2,36,13,0,0.1282051282051282,0
14998,737.96,4,184.49,334,0.0,111,16,1,0.10569105691056911,0
14999,129.48000000000002,1,129.48000000000002,88,0.0,9,10,0,0.0,0
15000,489.67,1,489.67,217,0.0,76,11,6,0.10526315789473684,1
15001,193.60999999999999,2,96.80499999999999,66,0.0,44,13,2,0.09090909090909091,0
15002,4040.33,9,448.92555555555555,2177,0.0,220,11,1,0.08761329305135952,0
15003,1017.43,7,145.34714285714284,517,0.14285714285714285,253,11,1,0.14329268292682926,1
15004,1220.77,1,1220.77,623,0.0,154,14,4,0.12337662337662338,0
15005,13202.1,76,173.71184210526317,8420,0.2631578947368421,594,14,3,0.12618556701030928,0
15006,674.88,2,337.44,343,0.0,165,15,2,0.1488095238095238,0
15007,156.91,1,156.91,69,0.0,12,16,6,0.16666666666666666,1
15008,360.0,2,180.0,1500,0.0,6,11,0,0.16666666666666666,1
15009,1255.18,3,418.3933333333334,634,0.0,148,17,6,0.16292134831460675,0
15010,308.94,1,308.94,184,0.0,20,12,4,0.05,0
15011,416.6,2,208.3,289,0.0,17,12,1,0.1,0
15012,622.94,3,207.64666666666668,371,0.0,165,12,2,0.1043956043956044,1
15013,1568.22,10,156.822,1666,0.0,177,12,6,0.09937888198757763,0
15014,168.47,2,84.235,93,0.0,29,20,3,0.10344827586206896,0
15015,2247.27,20,112.3635,1544,0.35,158,19,3,0.1188118811881188,0
15016,607.79,6,101.29833333333333,234,0.16666666666666666,93,13,0,0.09433962264150944,1
15017,125.58,1,125.58,63,0.0,20,10,6,0.05,0
15018,456.26,4,114.065,188,0.25,30,12,1,0.125,0
15019,235.01,1,235.01,146,0.0,64,12,4,0.15625,1
15020,198.47,1,198.47,111,0.0,27,13,3,0.14814814814814814,0
15021,2358.41,17,138.73,1026,0.29411764705882354,355,12,2,0.11201298701298701,0
15022,1100.74,5,220.148,626,0.0,115,12,6,0.13740458015267176,0
15023,11406.45,23,495.9326086956522,4695,0.13043478260869565,486,13,3,0.1111111111111111,0
15024,3488.39,16,218.024375,1870,0.0,168,12,0,0.1282051282051282,0
15025,974.79,2,487.395,499,0.0,132,13,3,0.12318840579710146,0
15026,1039.55,5,207.91,643,0.0,109,13,4,0.08823529411764706,1
15027,2923.04,13,224.84923076923076,2200,0.23076923076923078,69,14,3,0.12903225806451613,0
15028,951.69,6,158.615,664,0.0,65,12,4,0.10891089108910891,0
15029,362.15,2,181.075,233,0.5,10,12,1,0.18181818181818182,0
15030,1964.66,9,218.29555555555555,1223,0.1111111111111111,26,17,3,0.08571428571428572,0
15031,2716.64,16,169.79,1348,0.125,250,19,2,0.10070257611241218,0
15032,10505.15,10,1050.5149999999999,6295,0.2,39,15,2,0.0625,0
15033,2466.21,11,224.2009090909091,1619,0.09090909090909091,315,13,0,0.10537190082644628,1
15034,8133.3,17,478.4294117647059,4712,0.17647058823529413,416,12,4,0.12,1
15035,241.48000000000002,1,241.48000000000002,242,0.0,26,11,6,0.15384615384615385,0
15036,420.64,3,140.21333333333334,309,0.0,107,15,2,0.13043478260869565,1
15037,384.01,2,192.005,287,0.0,40,12,6,0.075,0
15038,1078.73,10,107.873,341,0.1,190,11,6,0.08583690987124463,1
15039,38420.83,107,359.0731775700935,17448,0.1308411214953271,562,11,0,0.12331838565022421,1
15040,7.49,1,7.49,1,0.0,1,11,2,0.0,0
15041,254.4,2,127.2,166,0.0,98,16,2,0.09900990099009901,1
15042,315.45,2,157.725,238,0.0,9,16,1,0.1111111111111111,0
15043,2867.77,6,477.96166666666664,1018,0.0,39,15,3,0.1,0
15044,15245.31,47,324.3682978723404,5071,0.2553191489361702,345,13,6,0.11738148984198646,1
15045,633.66,3,211.22,106,0.3333333333333333,11,11,0,0.15384615384615385,0
15046,7383.33,28,263.6903571428571,4405,0.10714285714285714,248,12,6,0.116751269035533,0
15047,343.62,1,343.62,222,0.0,22,10,1,0.13636363636363635,0
15048,377.52,5,75.50399999999999,180,0.2,86,11,0,0.14736842105263157,1
15049,121.17000000000002,1,121.17000000000002,63,0.0,3,12,4,0.0,0
15050,3758.6,7,536.9428571428572,2405,0.2857142857142857,116,13,3,0.09154929577464789,1
15051,3845.86,10,384.586,3003,0.1,226,14,1,0.11071428571428571,0
15052,204.78,1,204.78,78,0.0,27,15,0,0.07407407407407407,0
15053,684.23,3,228.07666666666668,948,0.0,49,12,0,0.14925373134328357,0
15054,300.68,2,150.34,194,0.0,105,14,6,0.16964285714285715,0
15055,530.37,3,176.79,215,0.0,77,15,2,0.18181818181818182,0
15056,113.64999999999999,1,113.64999999999999,69,0.0,6,15,2,0.16666666666666666,0
15057,3184.56,6,530.76,1382,0.16666666666666666,62,9,2,0.09859154929577464,0
15058,3289.26,17,193.4858823529412,1611,0.058823529411764705,232,13,0,0.10089020771513353,0
15059,3352.66,27,124.1725925925926,1560,0.2962962962962963,309,12,6,0.11016949152542373,0
15060,288.5,4,72.125,244,0.0,81,14,2,0.0990990990990991,0
15061,124961.98,138,905.5215942028985,73554,0.07971014492753623,131,14,1,0.11771177117711772,0
15062,2585.62,8,323.2025,1872,0.0,98,10,3,0.08176100628930817,0
15063,370.79999999999995,1,370.79999999999995,56,0.0,5,13,1,0.0,0
15064,1254.41,4,313.6025,810,0.0,75,14,0,0.1111111111111111,1
15065,3304.71,7,472.1014285714286,1418,0.2857142857142857,156,11,1,0.13609467455621302,0
15066,760.59,2,380.295,279,0.5,42,13,0,0.1320754716981132,0
15067,3850.13,6,641.6883333333334,2150,0.16666666666666666,170,14,4,0.10112359550561797,1
15068,1168.45,4,292.1125,827,0.0,178,14,6,0.14351851851851852,1
15069,1109.53,1,1109.53,520,0.0,70,14,0,0.08571428571428572,1
15070,737.0500000000001,3,245.68333333333337,339,0.0,26,15,1,0.09375,0
15071,1455.56,4,363.89,416,0.0,41,13,2,0.12962962962962962,0
15072,187.51999999999998,1,187.51999999999998,164,0.0,13,15,1,0.15384615384615385,0
15073,2357.04,9,261.8933333333333,1196,0.1111111111111111,115,12,0,0.13812154696132597,0
15074,1553.1299999999999,3,517.7099999999999,1039,0.0,63,14,4,0.08333333333333333,1
15075,773.03,1,773.03,447,0.0,27,12,4,0.07407407407407407,0
15076,1425.84,5,285.168,864,0.4,68,8,0,0.0975609756097561,0
15077,2423.88,4,605.97,526,0.5,28,17,2,0.11764705882352941,0
15078,17101.37,64,267.20890625,8693,0.171875,118,13,4,0.1240506329113924,0
15079,3544.8,17,208.51764705882354,1439,0.35294117647058826,120,13,1,0.10666666666666667,1
15080,546.25,2,273.125,287,0.0,31,10,0,0.1935483870967742,0
15081,1837.1200000000001,13,141.31692307692308,747,0.07692307692307693,75,10,1,0.1262135922330097,0
15082,93.35000000000001,1,93.35000000000001,43,0.0,6,10,1,0.0,1
15083,88.2,1,88.2,38,0.0,5,12,0,0.0,0
15084,965.2,2,482.6,600,0.0,31,11,3,0.0967741935483871,0
15085,347.54,1,347.54,169,0.0,9,11,3,0.1111111111111111,1
15086,218.53,2,109.265,95,0.0,10,13,2,0.0,0
15087,306.94,1,306.94,470,0.0,15,10,3,0.13333333333333333,1
15088,1140.27,3,380.09,457,0.3333333333333333,53,14,0,0.16666666666666666,1
15089,2420.84,6,403.47333333333336,1359,0.0,139,14,2,0.12413793103448276,0
15090,381.32,1,381.32,208,0.0,23,14,4,0.043478260869565216,0
15091,1023.11,6,170.51833333333335,574,0.5,56,12,0,0.11666666666666667,0
15092,773.16,4,193.29,228,0.25,39,12,4,0.043478260869565216,1
15093,12790.79,34,376.199705882353,10507,0.3235294117647059,104,14,1,0.12462006079027356,0
15094,83.0,2,41.5,28,0.0,4,12,4,0.0,0
15095,3135.74,11,285.0672727272727,2231,0.09090909090909091,90,14,4,0.10317460317460317,1
15096,219.39000000000001,1,219.39000000000001,120,0.0,11,10,4,0.36363636363636365,0
15097,265.75,5,53.15,172,0.4,59,14,2,0.05970149253731343,1
15098,649.5,5,129.9,60,0.4,2,15,4,0.4,0
15099,410.48,1,410.48,343,0.0,23,13,4,0.08695652173913043,0
15100,1750.1,14,125.00714285714285,226,0.5,11,14,3,0.13043478260869565,1
15101,1303.49,11,118.49909090909091,655,0.45454545454545453,53,16,3,0.078125,0
15102,554.67,2,277.335,339,0.0,26,10,4,0.14814814814814814,0
15103,703.36,2,351.68,329,0.0,35,14,1,0.17142857142857143,0
15104,968.64,3,322.88,633,0.3333333333333333,66,12,4,0.17391304347826086,0
15105,3094.91,9,343.87888888888887,1747,0.0,129,11,1,0.09271523178807947,1
15106,1407.73,7,201.1042857142857,1144,0.2857142857142857,90,8,3,0.1568627450980392,0
15107,740.26,12,61.68833333333333,321,0.25,33,8,3,0.14583333333333334,0
15108,1291.75,5,258.35,497,0.2,50,10,3,0.08196721311475409,1
15109,961.9,4,240.475,254,0.25,46,9,4,0.1568627450980392,0
15110,1482.95,9,164.77222222222224,332,0.3333333333333333,23,9,2,0.12280701754385964,0
15111,2442.37,5,488.474,1058,0.0,109,8,1,0.1259259259259259,0
15112,209.4,1,209.4,72,0.0,7,14,2,0.14285714285714285,1
15113,3258.81,4,814.7025,2242,0.25,77,15,6,0.06382978723404255,0
15114,3400.12,12,283.3433333333333,3532,0.0,151,16,2,0.09956709956709957,1
15115,528.1,3,176.03333333333333,244,0.3333333333333333,35,14,0,0.1111111111111111,1
15116,1352.75,4,338.1875,648,0.0,37,12,3,0.08888888888888889,1
15117,2484.32,9,276.03555555555556,3092,0.1111111111111111,89,15,3,0.10606060606060606,1
15118,244.8,1,244.8,1440,0.0,1,14,3,0.0,0
15119,266.4,1,266.4,88,0.0,14,9,4,0.14285714285714285,0
15120,343.82,2,171.91,292,0.5,21,9,4,0.13636363636363635,1
15121,457.72,2,228.86,199,0.0,28,12,3,0.21428571428571427,0
15122,4451.22,16,278.20125,2007,0.3125,155,14,1,0.11914893617021277,0
15123,4656.17,5,931.234,2524,0.0,149,13,1,0.1366120218579235,0
15124,450.82,4,112.705,462,0.0,30,10,4,0.0967741935483871,1
15125,16124.33,36,447.8980555555556,8135,0.3333333333333333,152,13,0,0.13793103448275862,1
15126,449.49,2,224.745,273,0.0,25,12,0,0.08,0
15127,711.5,2,355.75,464,0.0,27,10,2,0.0,0
15128,1732.22,9,192.4688888888889,1566,0.4444444444444444,89,12,4,0.12121212121212122,1
15129,6860.18,23,298.2686956521739,4002,0.0,86,13,3,0.12077294685990338,0
15130,330.11,1,330.11,197,0.0,22,10,3,0.22727272727272727,1
15131,80.28,1,80.28,88,0.0,7,12,2,0.2857142857142857,0
15132,977.9300000000001,5,195.586,679,0.0,49,11,4,0.1346153846153846,0
15133,1806.9,5,361.38,960,0.0,45,10,2,0.061224489795918366,0
15134,1596.29,10,159.629,1057,0.0,47,12,2,0.11764705882352941,1
15135,293.78,3,97.92666666666666,82,0.3333333333333333,17,13,1,0.047619047619047616,0
15136,1282.45,5,256.49,775,0.2,61,16,6,0.14492753623188406,0
15137,747.55,5,149.51,507,0.6,39,9,2,0.15,0
15138,486.59000000000003,2,243.29500000000002,278,0.5,31,9,3,0.15151515151515152,0
15139,178.96,2,89.48,208,0.0,13,12,4,0.15384615384615385,0
15140,3239.44,9,359.9377777777778,2005,0.1111111111111111,103,13,1,0.061946902654867256,0
15141,1378.31,9,153.14555555555555,1184,0.2222222222222222,44,15,4,0.0963855421686747,1
15142,2608.97,7,372.71,2154,0.14285714285714285,115,9,0,0.16083916083916083,0
15143,563.63,2,281.815,320,0.0,27,13,6,0.0967741935483871,0
15144,12006.51,33,363.83363636363634,5205,0.12121212121212122,199,15,3,0.1274787535410765,0
15145,1194.73,4,298.6825,756,0.0,54,15,1,0.13432835820895522,0
15146,1313.66,3,437.8866666666667,1459,0.3333333333333333,90,13,0,0.09473684210526316,1
15147,608.65,2,304.325,363,0.5,28,15,2,0.06896551724137931,1
15148,301.29,1,301.29,187,0.0,20,8,1,0.15,0
15149,1554.6100000000001,5,310.922,380,0.0,62,13,1,0.08695652173913043,1
15150,8967.44,14,640.5314285714286,6142,0.07142857142857142,495,12,0,0.11498257839721254,1
15151,2085.61,2,1042.805,795,0.0,56,16,1,0.21052631578947367,0
15152,5197.97,18,288.7761111111111,2983,0.2222222222222222,215,15,6,0.1266233766233766,0
15153,329.25,1,329.25,198,0.0,22,17,1,0.13636363636363635,0
15154,1285.22,4,321.305,318,0.25,166,17,2,0.09941520467836257,0
15155,383.96999999999997,1,383.96999999999997,192,0.0,24,12,6,0.125,1
15156,961.49,3,320.49666666666667,597,0.0,51,9,0,0.16363636363636364,0
15157,2587.54,7,369.6485714285714,3316,0.2857142857142857,153,13,3,0.1875,0
15158,437.66,3,145.88666666666668,210,0.3333333333333333,11,13,1,0.07692307692307693,0
15159,22049.4,38,580.2473684210527,13465,0.10526315789473684,413,14,0,0.09390243902439024,0
15160,589.27,4,147.3175,307,0.0,17,15,1,0.30434782608695654,0
15161,119.92,1,119.92,144,0.0,33,16,1,0.12121212121212122,1
15162,241.5,2,120.75,66,0.5,12,13,1,0.125,0
15163,304.47,2,152.235,186,0.0,29,13,0,0.1724137931034483,0
15164,1974.4,10,197.44,889,0.1,243,13,6,0.1069364161849711,0
15165,487.75,1,487.75,160,0.0,27,14,2,0.07407407407407407,0
15166,167.16,1,167.16,140,0.0,12,12,6,0.25,1
15167,1602.72,5,320.544,849,0.0,262,14,3,0.13131313131313133,0
15168,106.56,1,106.56,52,0.0,5,11,0,0.0,1
15169,562.92,2,281.46,353,0.0,58,11,6,0.10344827586206896,0
15170,81.15,1,81.15,33,0.0,4,10,4,0.25,0
15171,1034.5,2,517.25,190,0.5,5,15,2,0.0,0
15172,1624.05,5,324.81,1611,0.0,106,11,4,0.12727272727272726,0
15173,1399.26,8,174.9075,828,0.125,68,12,2,0.14772727272727273,0
15174,481.46,2,240.73,382,0.0,34,9,0,0.23529411764705882,0
15175,224.14,1,224.14,454,0.0,23,11,3,0.17391304347826086,0
15176,985.09,2,492.545,447,0.5,52,10,2,0.11320754716981132,1
15177,948.93,1,948.93,485,0.0,26,12,6,0.15384615384615385,0
15178,40.5,1,40.5,30,0.0,3,15,3,0.0,0
15179,7426.82,17,436.87176470588236,5363,0.23529411764705882,229,12,4,0.11801242236024845,0
15180,816.9300000000001,3,272.31,654,0.0,46,15,3,0.19230769230769232,1
15181,953.4,8,119.175,638,0.375,17,13,1,0.21739130434782608,0
15182,2942.752,14,210.19657142857142,1174,0.21428571428571427,78,10,2,0.1328125,1
15183,637.03,4,159.2575,295,0.25,33,11,1,0.15384615384615385,1
15184,685.39,4,171.3475,462,0.0,72,12,3,0.19047619047619047,0
15185,310.62,1,310.62,666,0.0,21,14,4,0.23809523809523808,0
15186,1403.2,5,280.64,716,0.0,29,14,4,0.19230769230769232,0
15187,4670.08,18,259.44888888888886,1869,0.1111111111111111,61,15,3,0.16129032258064516,1
15188,310.43,1,310.43,233,0.0,23,13,0,0.13043478260869565,1
15189,17101.13,58,294.8470689655173,6788,0.20689655172413793,90,12,3,0.08045977011494253,1
15190,834.4399999999999,1,834.4399999999999,790,0.0,40,13,4,0.075,1
15191,588.05,3,196.01666666666665,287,0.0,33,12,2,0.17142857142857143,1
15192,1666.39,5,333.278,1448,0.0,56,15,3,0.12087912087912088,1
15193,499.32,1,499.32,144,0.0,19,8,0,0.10526315789473684,0
15194,11781.52,39,302.0902564102564,8833,0.28205128205128205,278,10,1,0.14314115308151093,0
15195,3861.0,1,3861.0,1404,0.0,1,12,2,0.0,0
15196,307.1,2,153.55,126,0.0,34,11,6,0.125,0
15197,1427.84,10,142.784,1037,0.4,45,14,1,0.07575757575757576,1
15198,559.45,6,93.24166666666667,325,0.16666666666666666,28,14,3,0.09375,0
15199,3122.4,10,312.24,894,0.0,17,10,3,0.1568627450980392,0
15200,549.05,1,549.05,195,0.0,30,9,0,0.2,1
15201,1525.9,14,108.99285714285715,1409,0.5,44,14,2,0.09923664122137404,0
15202,-2570.1800000000003,8,-321.27250000000004,-2,0.625,1,12,4,0.25,0
15203,4400.18,15,293.3453333333334,4182,0.0,150,12,2,0.10495626822157435,1
15204,316.58,1,316.58,258,0.0,9,13,4,0.1111111111111111,0
15205,648.8299999999999,3,216.27666666666664,377,0.3333333333333333,38,16,3,0.10526315789473684,0
15206,420.29999999999995,4,105.07499999999999,162,0.0,3,11,1,0.1111111111111111,0
15207,653.77,5,130.754,398,0.4,20,12,4,0.1111111111111111,0
15208,968.02,7,138.28857142857143,354,0.14285714285714285,27,14,1,0.08163265306122448,0
15209,178.98000000000002,1,178.98000000000002,94,0.0,13,17,2,0.07692307692307693,1
15210,1176.19,3,392.06333333333333,841,0.0,66,9,3,0.1044776119402985,0
15211,894.4100000000001,2,447.20500000000004,240,0.0,52,13,0,0.11538461538461539,0
15212,195.42999999999998,3,65.14333333333333,81,0.3333333333333333,7,13,1,0.25,0
15213,325.05,3,108.35000000000001,270,0.3333333333333333,22,11,4,0.08,1
15214,1661.44,8,207.68,1254,0.0,109,9,0,0.08181818181818182,0
15215,1496.46,11,136.04181818181817,470,0.36363636363636365,85,11,1,0.10062893081761007,0
15216,486.09,2,243.045,217,0.0,24,9,2,0.25,0
15217,426.24,1,426.24,190,0.0,28,13,1,0.14285714285714285,0
15218,11326.85,25,453.074,6452,0.12,140,11,4,0.10301507537688442,0
15219,685.45,2,342.725,271,0.0,26,11,0,0.07692307692307693,1
15220,1758.92,7,251.27428571428572,1377,0.14285714285714285,110,12,4,0.08403361344537816,0
15221,1702.0,7,243.14285714285714,214,0.42857142857142855,21,10,4,0.10256410256410256,0
15222,3415.66,17,200.92117647058822,4141,0.35294117647058826,98,15,2,0.07006369426751592,0
15223,1117.1,6,186.1833333333333,270,0.16666666666666666,26,12,0,0.17391304347826086,1
15224,838.51,8,104.81375,424,0.375,24,15,3,0.15384615384615385,0
15225,409.40000000000003,1,409.40000000000003,226,0.0,23,14,1,0.13043478260869565,1
15226,154.41,1,154.41,71,0.0,8,11,2,0.125,0
15227,2488.4900000000002,9,276.4988888888889,1217,0.0,86,10,1,0.08333333333333333,0
15228,5570.5199999999995,7,795.7885714285713,3372,0.14285714285714285,184,14,1,0.10638297872340426,0
15229,160.5,1,160.5,114,0.0,9,13,6,0.1111111111111111,0
15230,429.6,2,214.8,351,0.0,23,11,2,0.21739130434782608,0
15231,228.35999999999999,2,114.17999999999999,182,0.5,14,15,6,0.11764705882352941,1
15232,612.06,2,306.03,686,0.0,26,12,4,0.0967741935483871,1
15233,59.400000000000006,1,59.400000000000006,12,0.0,1,13,2,0.0,0
15234,197.0,1,197.0,196,0.0,14,8,1,0.0,1
15235,2772.76,16,173.2975,1676,0.0,161,9,3,0.12359550561797752,0
15236,321.05,1,321.05,269,0.0,15,10,0,0.3333333333333333,0
15237,1412.32,4,353.08,1071,0.0,94,15,1,0.13131313131313133,0
15238,1056.54,5,211.308,689,0.4,49,15,0,0.11538461538461539,0
15239,764.34,3,254.78,591,0.3333333333333333,48,9,3,0.15384615384615385,0
15240,4320.45,20,216.02249999999998,3155,0.4,135,9,1,0.11983471074380166,0
15241,3032.31,12,252.6925,3325,0.08333333333333333,120,15,1,0.11351351351351352,1
15242,302.04,1,302.04,196,0.0,4,15,2,0.5,0
15243,927.2800000000001,2,463.64000000000004,543,0.0,56,17,3,0.04918032786885246,1
15244,850.1800000000001,4,212.54500000000002,470,0.25,44,13,2,0.12,0
15245,4610.84,8,576.355,3021,0.0,72,13,2,0.17567567567567569,0
15246,780.4,3,260.1333333333333,359,0.0,45,14,4,0.1568627450980392,0
15247,967.11,4,241.7775,513,0.25,13,14,6,0.05555555555555555,0
15248,1865.03,4,466.2575,1057,0.25,103,14,2,0.06306306306306306,1
15249,9147.15,21,435.5785714285714,4947,0.14285714285714285,304,11,4,0.14785992217898833,1
15250,60.0,1,60.0,48,0.0,3,7,1,0.3333333333333333,1
15251,20095.6,31,648.2451612903226,11980,0.3225806451612903,184,10,1,0.15447154471544716,1
15252,2053.06,7,293.2942857142857,1415,0.2857142857142857,106,10,3,0.10743801652892562,1
15253,2033.29,12,169.44083333333333,1577,0.3333333333333333,102,16,0,0.11570247933884298,0
15254,1073.4,4,268.35,710,0.25,65,10,4,0.11764705882352941,0
15255,3617.67,11,328.8790909090909,2189,0.18181818181818182,137,12,3,0.11518324607329843,0
15256,170.4,2,85.2,92,0.0,6,11,3,0.1,0
15257,600.9,3,200.29999999999998,70,0.3333333333333333,11,12,1,0.3076923076923077,0
15258,623.16,2,311.58,142,0.0,32,12,4,0.058823529411764705,1
15259,1182.3799999999999,4,295.59499999999997,631,0.0,50,15,4,0.07017543859649122,0
15260,8677.88,30,289.26266666666663,4431,0.16666666666666666,187,9,0,0.12144702842377261,0
15261,1508.0,4,377.0,806,0.0,87,11,4,0.07608695652173914,0
15262,418.82,3,139.60666666666665,218,0.0,22,12,3,0.15384615384615385,0
15263,156.51,1,156.51,89,0.0,12,10,3,0.08333333333333333,0
15264,844.2,3,281.40000000000003,441,0.3333333333333333,52,13,6,0.03508771929824561,1
15265,3345.64,4,836.41,1570,0.0,179,11,2,0.11917098445595854,0
15266,841.7,6,140.28333333333333,235,0.16666666666666666,39,13,3,0.0,0
15267,1717.36,5,343.472,944,0.0,8,10,4,0.09090909090909091,0
15268,941.2500000000001,4,235.31250000000003,422,0.25,21,11,1,0.037037037037037035,1
15269,1225.3600000000001,3,408.4533333333334,372,0.0,33,12,6,0.11428571428571428,0
15270,7150.24,31,230.65290322580645,3669,0.3225806451612903,66,11,3,0.109375,1
15271,4334.65,26,166.71730769230768,2305,0.07692307692307693,369,14,3,0.11433756805807622,0
15272,2021.06,6,336.8433333333333,662,0.0,257,13,6,0.13780918727915195,0
15273,228.96,1,228.96,216,0.0,1,11,0,0.0,0
15274,716.57,2,358.285,619,0.0,44,14,0,0.19148936170212766,1
15275,609.19,2,304.595,497,0.5,41,11,2,0.19047619047619047,0
15276,574.63,5,114.926,286,0.2,160,12,4,0.11764705882352941,0
15277,476.34,2,238.17,373,0.0,23,16,6,0.0,1
15278,496.15999999999997,4,124.03999999999999,458,0.0,29,14,4,0.06896551724137931,0
15279,1554.84,7,222.11999999999998,738,0.2857142857142857,74,10,0,0.12371134020618557,0
15280,392.52,3,130.84,503,0.0,48,12,0,0.05084745762711865,0
15281,8317.62,22,378.0736363636364,5181,0.2727272727272727,428,12,4,0.11213235294117647,0
15282,348.59,1,348.59,395,0.0,27,16,1,0.1111111111111111,0
15283,135.43,4,33.8575,25,0.25,9,15,4,0.1,0
15284,24.75,1,24.75,5,0.0,1,13,1,0.0,0
15285,94.92,1,94.92,120,0.0,6,9,3,0.16666666666666666,0
15286,240.55,1,240.55,55,0.0,3,11,4,0.0,1
15287,854.58,6,142.43,1009,0.16666666666666666,23,12,3,0.02702702702702703,0
15288,3697.1800000000003,10,369.718,1324,0.0,128,12,4,0.10596026490066225,0
15289,1570.71,7,224.38714285714286,1609,0.2857142857142857,67,11,0,0.1111111111111111,0
15290,10355.58,30,345.186,6496,0.13333333333333333,106,12,2,0.13953488372093023,0
15291,13122.44,53,247.5932075471698,4556,0.24528301886792453,117,11,2,0.13584905660377358,1
15292,178.39,1,178.39,55,0.0,24,15,6,0.0,0
15293,247.5,1,247.5,178,0.0,19,11,4,0.10526315789473684,1
15294,222.3,2,111.15,95,0.5,15,11,0,0.11764705882352941,1
15295,203.64,1,203.64,135,0.0,50,13,1,0.14,0
15296,10204.13,20,510.20649999999995,5426,0.4,342,15,3,0.12637362637362637,0
15297,635.04,4,158.76,290,0.25,30,16,1,0.0975609756097561,0
15298,7958.43,29,274.4286206896552,5608,0.20689655172413793,200,13,2,0.13302752293577982,0
15299,5427.61,15,361.84066666666666,3347,0.3333333333333333,10,12,3,0.25,1
15300,496.44,1,496.44,292,0.0,28,17,3,0.07142857142857142,1
15301,6867.4400000000005,19,361.4442105263158,3756,0.10526315789473684,231,9,2,0.10888252148997135,0
15302,291.05,2,145.525,101,0.5,15,13,2,0.125,0
15303,1178.78,4,294.695,510,0.25,63,13,1,0.08450704225352113,0
15304,782.3,11,71.11818181818181,108,0.18181818181818182,8,8,0,0.1111111111111111,0
15305,93.6,1,93.6,40,0.0,5,13,2,0.2,0
15306,3480.98,10,348.098,3073,0.1,123,12,3,0.13496932515337423,1
15307,205.3,1,205.3,37,0.0,12,11,0,0.0,0
15308,302.27,2,151.135,173,0.5,19,13,3,0.23809523809523808,0
15309,715.53,10,71.553,417,0.6,49,13,4,0.09836065573770492,0
15310,1634.64,1,1634.64,1476,0.0,45,11,2,0.15555555555555556,1
15311,111649.68,270,413.5173333333333,68816,0.22962962962962963,870,13,1,0.12187637001315213,0
15312,2916.4900000000002,14,208.3207142857143,1689,0.14285714285714285,118,12,0,0.09696969696969697,0
15313,52.0,1,52.0,25,0.0,1,16,6,0.0,1
15314,800.65,4,200.1625,738,0.25,49,15,3,0.1568627450980392,0
15315,551.54,3,183.84666666666666,838,0.3333333333333333,35,12,3,0.13157894736842105,0
15316,165.0,1,165.0,100,0.0,1,11,0,0.0,1
15317,112.05000000000001,2,56.025000000000006,39,0.5,6,15,6,0.16666666666666666,0
15318,312.62,1,312.62,642,0.0,33,11,1,0.12121212121212122,0
15319,204.5,1,204.5,175,0.0,16,12,1,0.25,1
15320,267.13,1,267.13,326,0.0,36,13,2,0.16666666666666666,0
15321,6573.400000000001,18,365.1888888888889,3615,0.3333333333333333,243,9,1,0.10670731707317073,0
15322,1322.45,3,440.81666666666666,930,0.3333333333333333,76,9,3,0.16853932584269662,0
15323,320.9,4,80.225,139,0.25,30,15,2,0.08108108108108109,0
15324,140.22000000000003,1,140.22000000000003,74,0.0,8,14,3,0.125,0
15325,1588.21,9,176.46777777777777,1371,0.1111111111111111,164,13,1,0.12162162162162163,1
15326,1529.82,10,152.982,1320,0.5,95,16,4,0.14383561643835616,0
15327,208.75,1,208.75,116,0.0,10,11,1,0.1,0
15328,107.24,1,107.24,88,0.0,8,9,3,0.125,0
15329,2735.18,20,136.759,1159,0.45,99,15,1,0.1724137931034483,0
15330,714.96,2,357.48,1312,0.0,10,12,0,0.15384615384615385,0
15331,755.41,4,188.8525,697,0.25,41,14,4,0.15217391304347827,1
15332,4892.68,6,815.4466666666667,2306,0.0,113,13,2,0.12987012987012986,0
15333,1028.56,1,1028.56,344,0.0,16,13,6,0.0,1
15334,347.72,3,115.90666666666668,269,0.0,67,11,2,0.17708333333333334,0
15335,167.72,1,167.72,77,0.0,34,12,0,0.17647058823529413,1
15336,240.5,1,240.5,84,0.0,15,12,2,0.06666666666666667,0
15337,344.72,2,172.36,192,0.5,21,15,6,0.125,0
15338,272.07,1,272.07,144,0.0,56,14,6,0.08928571428571429,0
15339,1651.12,11,150.10181818181817,1100,0.36363636363636365,162,13,1,0.12217194570135746,0
15340,105.5,1,105.5,76,0.0,7,10,3,0.0,1
15341,2401.02,3,800.34,1006,0.3333333333333333,23,9,1,0.08,0
15342,391.76,2,195.88,276,0.5,24,10,1,0.15384615384615385,0
15343,364.5,1,364.5,84,0.0,21,13,1,0.14285714285714285,0
15344,476.58,5,95.316,106,0.4,21,14,0,0.03125,0
15345,367.69,2,183.845,78,0.5,20,11,1,0.13043478260869565,0
15346,591.65,4,147.9125,257,0.25,36,11,1,0.13157894736842105,0
15347,1132.3,6,188.71666666666667,536,0.3333333333333333,29,12,1,0.07894736842105263,1
15348,158.04,1,158.04,84,0.0,9,13,2,0.3333333333333333,1
15349,461.36,2,230.68,318,0.0,65,15,6,0.05714285714285714,1
15350,547.6,2,273.8,272,0.0,26,15,6,0.16666666666666666,0
15351,3202.07,15,213.47133333333335,1286,0.3333333333333333,201,12,6,0.11075949367088607,0
15352,111.15,1,111.15,40,0.0,34,11,2,0.08823529411764706,0
15353,2755.72,8,344.465,1364,0.125,274,14,2,0.11363636363636363,1
15354,-94.8,7,-13.542857142857143,-1,0.5714285714285714,1,16,3,0.0,0
15355,277.05,2,138.525,45,0.0,9,15,0,0.07142857142857142,0
15356,3180.9700000000003,13,244.69000000000003,1862,0.0,290,13,4,0.09603658536585366,1
15357,-36.75,1,-36.75,-1,1.0,1,16,1,0.0,1
15358,16213.65,55,294.7936363636364,14744,0.23636363636363636,360,12,3,0.11081081081081082,0
15359,162.6,9,18.066666666666666,130,0.1111111111111111,10,10,4,0.11764705882352941,0
15360,427.93,1,427.93,223,0.0,13,9,0,0.23076923076923078,0
15361,689.07,4,172.2675,373,0.0,10,9,0,0.2,0
15362,613.08,2,306.54,368,0.0,38,9,1,0.2,0
15363,670.16,3,223.38666666666666,382,0.3333333333333333,32,8,2,0.08333333333333333,0
15364,913.19,2,456.595,493,0.0,29,9,0,0.06896551724137931,0
15365,3573.26,15,238.21733333333336,1805,0.13333333333333333,127,10,0,0.09803921568627451,0
15366,2389.08,7,341.29714285714283,2447,0.0,86,10,6,0.12318840579710146,1
15367,5005.7300000000005,13,385.0561538461539,2936,0.15384615384615385,214,14,1,0.14590747330960854,0
15368,722.74,2,361.37,406,0.0,8,14,2,0.25,1
15369,1752.49,13,134.80692307692308,1786,0.15384615384615385,46,13,1,0.12871287128712872,0
15370,3450.71,9,383.4122222222222,1371,0.1111111111111111,90,12,0,0.1111111111111111,0
15371,59.400000000000006,1,59.400000000000006,12,0.0,1,13,0,0.0,0
15372,5954.42,10,595.442,6336,0.2,45,16,0,0.15,0
15373,2854.84,18,158.60222222222222,696,0.05555555555555555,107,14,2,0.15104166666666666,0
15374,297.12,2,148.56,278,0.0,8,12,3,0.1111111111111111,0
15375,60.959999999999994,1,60.959999999999994,84,0.0,6,15,0,0.16666666666666666,1
15376,1203.8600000000001,3,401.2866666666667,609,0.0,100,15,6,0.1391304347826087,1
15377,1179.95,5,235.99,249,0.2,15,11,2,0.09090909090909091,0
15378,246.5,2,123.25,130,0.0,8,8,0,0.16666666666666666,0
15379,4806.4400000000005,9,534.048888888889,2988,0.1111111111111111,177,13,3,0.12452830188679245,0
15380,3192.1000000000004,13,245.54615384615389,936,0.15384615384615385,27,16,3,0.2,0
15381,1887.62,6,314.6033333333333,801,0.16666666666666666,20,16,2,0.16,0
15382,13646.5,20,682.325,9130,0.4,315,9,4,0.12305295950155763,0
15383,-10.5,1,-10.5,-1,1.0,1,16,1,0.0,1
15384,2021.14,5,404.228,1764,0.2,83,12,1,0.15,0
15385,942.08,3,314.0266666666667,428,0.0,18,15,6,0.0,0
15386,394.14,1,394.14,446,0.0,31,13,0,0.12903225806451613,0
15387,468.65,1,468.65,335,0.0,20,16,2,0.25,0
15388,140.54,1,140.54,88,0.0,10,13,0,0.0,0
15389,2733.8,5,546.76,3940,0.0,2,12,2,0.0,0
15390,1216.66,2,608.33,894,0.0,77,17,1,0.11688311688311688,1
15391,282.92,2,141.46,108,0.5,12,15,1,0.23076923076923078,0
15392,2891.82,8,361.4775,2132,0.125,100,10,0,0.1310344827586207,1
15393,891.34,5,178.268,378,0.0,37,16,4,0.13636363636363635,0
15394,5251.4,13,403.95384615384614,2368,0.15384615384615385,129,14,3,0.11353711790393013,1
15395,107.45,1,107.45,17,0.0,7,12,1,0.0,0
15396,796.38,2,398.19,278,0.0,16,10,4,0.0625,0
15397,94.0,1,94.0,20,0.0,6,9,2,0.16666666666666666,1
15398,1339.63,3,446.54333333333335,767,0.3333333333333333,60,16,2,0.12162162162162163,0
15399,815.77,3,271.92333333333335,611,0.0,45,15,3,0.12,0
15400,1252.8,9,139.2,632,0.1111111111111111,16,8,4,0.14285714285714285,0
15401,216.95000000000002,2,108.47500000000001,93,0.0,14,10,3,0.0,1
15402,1805.39,7,257.91285714285715,2029,0.14285714285714285,79,12,1,0.11363636363636363,0
15403,170.88,2,85.44,492,0.0,6,12,2,0.0,1
15404,257.06,1,257.06,334,0.0,16,11,0,0.0625,0
15405,659.84,2,329.92,348,0.0,29,15,2,0.2,1
15406,878.72,6,146.45333333333335,524,0.3333333333333333,108,13,6,0.10483870967741936,0
15407,1042.63,4,260.6575,547,0.0,142,11,6,0.1917808219178082,0
15408,267.18,1,267.18,106,0.0,34,15,6,0.14705882352941177,0
15409,117.2,2,58.6,54,0.5,9,15,4,0.08333333333333333,1
15410,4685.72,10,468.572,1902,0.0,80,8,0,0.08024691358024691,1
15411,1329.93,5,265.986,525,0.2,86,15,6,0.07142857142857142,0
15412,190.53,1,190.53,108,0.0,10,15,1,0.0,1
15413,-2531.3799999999997,7,-361.62571428571425,2692,0.2857142857142857,21,15,1,0.14814814814814814,1
15414,774.9000000000001,3,258.3,443,0.0,37,9,2,0.15384615384615385,1
15415,554.57,1,554.57,539,0.0,46,14,6,0.043478260869565216,0
15416,4554.65,9,506.0722222222222,2418,0.2222222222222222,190,8,3,0.12608695652173912,0
15417,508.8,1,508.8,284,0.0,28,15,3,0.14285714285714285,1
15418,442.5,2,221.25,256,0.0,64,13,6,0.125,0
15419,135.86,1,135.86,230,0.0,8,9,1,0.0,0
15420,743.0,6,123.83333333333333,844,0.0,52,15,6,0.07142857142857142,0
15421,3790.09,10,379.009,1916,0.0,170,13,4,0.1414790996784566,1
15422,1601.62,8,200.2025,701,0.125,80,11,6,0.15966386554621848,0
15423,219.14,4,54.785,193,0.25,13,13,6,0.058823529411764705,0
15424,597.78,3,199.26,873,0.0,33,13,2,0.24242424242424243,0
15425,1926.77,4,481.6925,1034,0.0,114,12,6,0.17142857142857143,1
15426,2075.18,11,188.65272727272725,1005,0.18181818181818182,327,15,6,0.1011764705882353,0
15427,1366.1,3,455.3666666666666,897,0.0,233,14,6,0.14285714285714285,1
15428,762.75,4,190.6875,347,0.0,39,13,2,0.06818181818181818,0
15429,353.65,3,117.88333333333333,362,0.3333333333333333,77,13,6,0.1625,0
15430,903.75,3,301.25,301,0.3333333333333333,36,15,1,0.0975609756097561,0
15431,153.24,1,153.24,84,0.0,2,12,6,0.0,0
15432,301.26,4,75.315,90,0.5,16,16,2,0.16666666666666666,0
15433,417.87,3,139.29,399,0.3333333333333333,40,14,3,0.1320754716981132,0
15434,2517.11,13,193.62384615384616,1413,0.15384615384615385,82,12,3,0.12949640287769784,0
15435,149.29,1,149.29,54,0.0,29,16,3,0.13793103448275862,1
15436,1013.52,3,337.84,533,0.0,243,16,6,0.09747292418772563,0
15437,392.15000000000003,2,196.07500000000002,175,0.0,56,13,1,0.17857142857142858,0
15438,156.57999999999998,1,156.57999999999998,59,0.0,25,14,6,0.16,0
15439,1269.05,4,317.2625,572,0.0,49,12,2,0.07017543859649122,0
15440,381.44,3,127.14666666666666,195,0.0,50,12,6,0.18333333333333332,0
15441,1254.21,3,418.07,587,0.0,45,11,0,0.08771929824561403,1
15442,594.0,1,594.0,120,0.0,2,12,1,0.0,0
15443,4868.23,16,304.264375,2561,0.125,408,12,6,0.115,1
15444,1398.46,2,699.23,744,0.0,191,17,2,0.1179245283018868,1
15445,284.5,2,142.25,118,0.0,12,15,2,0.2857142857142857,1
15446,372.15000000000003,5,74.43,247,0.4,91,11,6,0.12037037037037036,0
15447,484.93,6,80.82166666666667,227,0.16666666666666666,27,11,2,0.06666666666666667,0
15448,788.81,2,394.405,487,0.0,49,10,0,0.14285714285714285,0
15449,971.22,5,194.244,810,0.4,47,10,2,0.14516129032258066,0
15450,429.84,1,429.84,376,0.0,30,17,2,0.2,0
15451,226.86,2,113.43,76,0.0,56,13,4,0.11666666666666667,0
15452,1764.76,6,294.12666666666667,1070,0.0,158,14,4,0.125,1
15453,1306.47,7,186.63857142857142,740,0.0,169,12,3,0.09090909090909091,0
15454,288.49,2,144.245,132,0.0,35,14,6,0.13157894736842105,1
15455,38.25,1,38.25,3,0.0,2,12,2,0.0,1
15456,2091.52,10,209.152,2727,0.0,128,13,1,0.13656387665198239,0
15457,228.67,1,228.67,128,0.0,56,15,1,0.05357142857142857,1
15458,370.43999999999994,2,185.21999999999997,300,0.0,13,13,0,0.0,1
15459,202.82999999999998,2,101.41499999999999,121,0.0,6,14,4,0.14285714285714285,0
15460,199.11,1,199.11,100,0.0,53,16,0,0.18867924528301888,0
15461,391.29999999999995,3,130.4333333333333,226,0.3333333333333333,4,11,1,0.0,0
15462,737.05,4,184.2625,495,0.0,32,10,0,0.0975609756097561,0
15463,126.14,1,126.14,106,0.0,7,12,3,0.0,1
15464,1044.65,1,1044.65,348,0.0,155,15,2,0.15483870967741936,1
15465,11670.9,39,299.25384615384615,2596,0.1794871794871795,94,10,6,0.14068441064638784,1
15466,1542.06,4,385.515,927,0.0,211,12,3,0.1328125,1
15467,509.93,4,127.4825,303,0.25,41,14,6,0.1346153846153846,0
15468,1387.48,7,198.21142857142857,1390,0.5714285714285714,80,9,4,0.13636363636363635,0
15469,834.4,6,139.06666666666666,280,0.5,38,16,3,0.10638297872340426,0
15470,63.419999999999995,1,63.419999999999995,232,0.0,4,9,3,0.25,0
15471,1229.2,3,409.73333333333335,620,0.0,122,14,2,0.10869565217391304,1
15472,371.56,1,371.56,251,0.0,76,15,3,0.06578947368421052,0
15473,1740.0,11,158.1818181818182,656,0.2727272727272727,5,14,2,0.11764705882352941,1
15474,150.35,1,150.35,55,0.0,19,11,4,0.10526315789473684,0
15475,454.10999999999996,1,454.10999999999996,319,0.0,29,15,4,0.1724137931034483,1
15476,2180.28,5,436.05600000000004,1168,0.2,67,14,3,0.0875,0
15477,368.4,1,368.4,216,0.0,2,10,6,0.0,0
15478,1976.68,3,658.8933333333333,886,0.0,53,11,3,0.11764705882352941,0
15479,147.4,1,147.4,38,0.0,9,15,6,0.3333333333333333,0
15480,3592.25,7,513.1785714285714,1850,0.2857142857142857,199,15,4,0.11059907834101383,0
15481,1993.34,1,1993.34,1450,0.0,38,14,2,0.07894736842105263,0
15482,7932.63,24,330.52625,4493,0.20833333333333334,74,10,3,0.12359550561797752,0
15483,750.09,10,75.009,837,0.0,216,13,4,0.10080645161290322,0
15484,4620.9,7,660.1285714285714,4058,0.14285714285714285,180,13,3,0.13278008298755187,1
15485,4638.42,8,579.8025,2122,0.125,82,17,2,0.07857142857142857,1
15486,102.0,1,102.0,40,0.0,1,13,2,0.0,1
15487,231.32,1,231.32,144,0.0,14,12,4,0.07142857142857142,0
15488,431.92,5,86.384,251,0.0,10,11,2,0.18181818181818182,0
15489,2327.36,12,193.9466666666667,1225,0.3333333333333333,75,16,3,0.10569105691056911,0
15490,129.01,2,64.505,56,0.5,22,13,1,0.13043478260869565,0
15491,3090.85,7,441.55,1624,0.14285714285714285,108,10,0,0.14193548387096774,0
15492,659.4599999999999,2,329.72999999999996,483,0.0,32,14,0,0.22857142857142856,0
15493,3907.0,11,355.1818181818182,1143,0.18181818181818182,289,11,0,0.1141396933560477,0
15494,3650.75,6,608.4583333333334,3024,0.16666666666666666,308,16,2,0.1408839779005525,0
15495,246.5,1,246.5,194,0.0,20,13,3,0.0,0
15496,146.14000000000001,1,146.14000000000001,98,0.0,22,13,3,0.0,0
15497,8643.46,11,785.7690909090908,2932,0.18181818181818182,66,13,0,0.10569105691056911,0
15498,23092.34,55,419.8607272727273,12077,0.2,599,12,4,0.1068062827225131,1
15499,156.95000000000002,1,156.95000000000002,57,0.0,40,12,2,0.1,0
15500,1131.56,4,282.89,572,0.0,64,13,0,0.10294117647058823,0
15501,397.0,2,198.5,204,0.0,64,12,2,0.1323529411764706,1
15502,8577.380000000001,27,317.68074074074076,5178,0.48148148148148145,232,11,0,0.16666666666666666,0
15503,256.45,2,128.225,129,0.0,112,10,6,0.11206896551724138,1
15504,327.25,5,65.45,120,0.2,42,12,0,0.08771929824561403,1
15505,3497.14,7,499.59142857142854,2348,0.2857142857142857,90,7,4,0.16161616161616163,1
15506,1948.1499999999999,6,324.69166666666666,1585,0.0,180,12,6,0.11372549019607843,0
15507,414.21,1,414.21,143,0.0,41,11,1,0.17073170731707318,0
15508,1000.27,6,166.71166666666667,440,0.0,78,15,4,0.16304347826086957,0
15509,152.41,1,152.41,58,0.0,26,14,2,0.11538461538461539,1
15510,250.0,1,250.0,2,0.0,1,12,3,0.0,0
15511,883.63,5,176.726,255,0.0,117,15,3,0.07947019867549669,1
15512,321.58,4,80.395,231,0.0,29,12,6,0.16666666666666666,0
15513,25950.95,41,632.95,10261,0.14634146341463414,280,12,3,0.12321428571428572,1
15514,5166.4,20,258.32,3699,0.1,171,12,4,0.1303030303030303,0
15515,171.81,1,171.81,131,0.0,7,13,2,0.14285714285714285,0
15516,62.43,3,20.81,27,0.0,15,11,0,0.13333333333333333,0
15517,267.03,1,267.03,293,0.0,27,14,2,0.1111111111111111,1
15518,4021.28,23,174.83826086956523,2736,0.34782608695652173,251,12,1,0.12416851441241686,1
15519,344.61,2,172.305,116,0.0,34,14,6,0.10810810810810811,0
15520,343.5,1,343.5,314,0.0,18,10,3,0.1111111111111111,1
15521,6618.24,24,275.76,4322,0.3333333333333333,186,12,2,0.13908872901678657,0
15522,387.49,2,193.745,547,0.0,47,12,1,0.12727272727272726,1
15523,17016.29,18,945.3494444444445,15597,0.1111111111111111,66,15,1,0.12385321100917432,1
15524,591.4,2,295.7,28,0.0,9,9,0,0.1111111111111111,0
15525,833.91,5,166.78199999999998,504,0.2,152,14,2,0.1111111111111111,1
15526,148.44,2,74.22,24,0.0,4,15,6,0.0,1
15527,4923.43,31,158.82032258064518,2072,0.25806451612903225,228,12,2,0.10285714285714286,1
15528,229.33,1,229.33,123,0.0,26,16,2,0.11538461538461539,1
15529,4732.27,13,364.02076923076925,4231,0.07692307692307693,451,11,2,0.12371134020618557,0
15530,1768.48,5,353.696,1300,0.0,111,11,3,0.1417910447761194,0
15531,1959.17,2,979.585,1069,0.0,196,17,2,0.09859154929577464,0
15532,3653.96,12,304.49666666666667,1312,0.16666666666666666,417,16,6,0.12479740680713128,0
15533,746.92,5,149.384,256,0.4,73,15,6,0.11627906976744186,0
15534,162.25,1,162.25,63,0.0,8,12,0,0.125,1
15535,947.62,10,94.762,297,0.4,88,14,6,0.09022556390977443,0
15536,259.09,1,259.09,242,0.0,16,16,1,0.125,0
15537,110.92,1,110.92,29,0.0,24,13,2,0.041666666666666664,0
15538,3036.1,11,276.0090909090909,989,0.45454545454545453,20,16,4,0.09375,0
15539,538.46,1,538.46,410,0.0,41,13,4,0.12195121951219512,0
15540,460.68,2,230.34,444,0.0,31,11,0,0.03225806451612903,0
15541,85.13000000000001,1,85.13000000000001,49,0.0,29,14,2,0.0,0
15542,831.44,4,207.86,397,0.25,212,13,2,0.15555555555555556,0
15543,240.56,2,120.28,165,0.0,50,11,0,0.09259259259259259,0
15544,7779.58,26,299.2146153846154,6732,0.23076923076923078,175,10,4,0.1378026070763501,0
15545,288.96999999999997,2,144.48499999999999,162,0.0,78,13,6,0.125,0
15546,539.5500000000001,3,179.85000000000002,99,0.3333333333333333,6,11,0,0.05555555555555555,0
15547,9774.34,28,349.0835714285714,7113,0.07142857142857142,653,13,6,0.12490302560124127,1
15548,158.09,1,158.09,64,0.0,23,12,4,0.043478260869565216,0
15549,2239.01,9,248.7788888888889,904,0.1111111111111111,139,15,3,0.1032258064516129,0
15550,1961.85,14,140.13214285714284,1117,0.14285714285714285,167,11,4,0.12393162393162394,0
15551,1600.46,9,177.82888888888888,773,0.2222222222222222,117,12,4,0.0851063829787234,0
15552,252.52,2,126.26,166,0.0,29,14,4,0.1,0
15553,406.08,1,406.08,440,0.0,51,14,0,0.17647058823529413,0
15554,217.2,1,217.2,74,0.0,14,9,0,0.21428571428571427,0
15555,10736.61,46,233.4045652173913,8085,0.21739130434782608,668,16,6,0.12903225806451613,0
15556,279.77,1,279.77,236,0.0,31,16,1,0.0967741935483871,0
15557,407.63,1,407.63,193,0.0,16,12,4,0.25,0
15558,131.88,2,65.94,49,0.5,23,15,2,0.125,0
15559,1109.4,1,1109.4,526,0.0,62,14,3,0.0967741935483871,1
15560,153.52,2,76.76,72,0.0,10,10,6,0.0,0
15561,1813.74,9,201.52666666666667,1311,0.1111111111111111,65,12,6,0.021739130434782608,0
15562,667.53,3,222.51,558,0.0,32,15,6,0.125,1
15563,2760.27,11,250.93363636363637,2948,0.36363636363636365,179,11,3,0.1076923076923077,1
15564,70.74000000000001,2,35.370000000000005,42,0.0,4,15,0,0.25,0
15565,173.16,2,86.58,60,0.0,8,10,3,0.125,0
15566,227.87,2,113.935,153,0.0,9,12,4,0.08333333333333333,0
15567,186.01,1,186.01,223,0.0,7,10,0,0.0,0
15568,758.29,3,252.76333333333332,461,0.0,27,11,2,0.11320754716981132,0
15569,3579.7,10,357.96999999999997,1731,0.0,123,11,6,0.1079136690647482,1
15570,8415.65,27,311.69074074074075,3958,0.07407407407407407,442,14,1,0.13068181818181818,1
15571,3807.2,14,271.9428571428571,2368,0.0,442,14,6,0.10517241379310345,0
15572,3922.28,10,392.228,2063,0.0,259,10,2,0.14626865671641792,1
15573,1126.75,5,225.35,736,0.0,181,11,3,0.11940298507462686,0
15574,1019.02,7,145.5742857142857,628,0.14285714285714285,191,15,3,0.09954751131221719,0
15575,30.1,1,30.1,6,0.0,3,12,1,0.0,0
15576,921.37,1,921.37,394,0.0,43,12,2,0.11627906976744186,0
15577,396.03000000000003,5,79.206,120,0.0,58,16,0,0.2033898305084746,0
15578,127.1,1,127.1,52,0.0,13,13,3,0.0,0
15579,1174.8,7,167.82857142857142,621,0.2857142857142857,140,14,6,0.05660377358490566,0
15580,1177.4,14,84.10000000000001,876,0.42857142857142855,155,11,6,0.07818930041152264,1
15581,5150.99,43,119.79046511627907,2931,0.11627906976744186,542,13,2,0.10689170182841069,1
15582,682.9100000000001,3,227.63666666666668,453,0.0,39,13,1,0.09090909090909091,0
15583,92.36,1,92.36,52,0.0,37,15,6,0.08108108108108109,1
15584,1254.83,7,179.26142857142855,474,0.14285714285714285,174,12,6,0.10550458715596331,0
15585,455.3,1,455.3,320,0.0,31,8,3,0.06451612903225806,0
15586,1128.66,4,282.165,1302,0.25,30,10,4,0.1794871794871795,0
15587,1522.0800000000002,7,217.44000000000003,528,0.0,3,9,3,0.14285714285714285,1
15588,579.6,1,579.6,96,0.0,4,12,6,0.25,0
15589,456.58,4,114.145,242,0.25,28,9,1,0.03333333333333333,0
15590,1466.41,6,244.40166666666667,831,0.16666666666666666,76,13,6,0.17045454545454544,0
15591,217.9,3,72.63333333333334,58,0.0,6,9,3,0.14285714285714285,0
15592,388.58,1,388.58,354,0.0,24,8,0,0.041666666666666664,1
15593,199.8,1,199.8,60,0.0,5,11,4,0.0,0
15594,1767.53,6,294.5883333333333,982,0.16666666666666666,85,10,0,0.09615384615384616,1
15595,357.6,1,357.6,144,0.0,4,12,0,0.25,1
15596,2621.27,16,163.829375,1185,0.4375,82,12,0,0.13253012048192772,0
15597,554.52,3,184.84,390,0.3333333333333333,35,13,4,0.15789473684210525,0
15598,543.02,4,135.755,400,0.5,32,9,4,0.13157894736842105,0
15599,1250.06,3,416.68666666666667,1098,0.0,77,10,0,0.07228915662650602,0
15600,1178.71,5,235.74200000000002,651,0.2,56,9,1,0.05405405405405406,1
15601,14150.84,35,404.3097142857143,10384,0.14285714285714285,310,12,3,0.1141826923076923,0
15602,2883.42,25,115.3368,2140,0.36,63,9,2,0.10869565217391304,1
15603,74.73,3,24.91,117,0.3333333333333333,4,10,0,0.0,1
15604,216.39,1,216.39,159,0.0,17,14,1,0.29411764705882354,1
15605,1738.55,10,173.855,637,0.1,80,14,2,0.11,0
15606,4733.47,19,249.13000000000002,1443,0.10526315789473684,84,15,3,0.15723270440251572,1
15607,1578.57,13,121.42846153846153,1434,0.3076923076923077,96,12,4,0.11304347826086956,0
15608,1785.98,5,357.196,1262,0.0,93,10,2,0.11428571428571428,0
15609,270.03000000000003,2,135.01500000000001,145,0.5,16,13,2,0.0,0
15610,112.46000000000001,1,112.46000000000001,66,0.0,6,10,2,0.0,1
15611,2858.37,32,89.3240625,722,0.1875,43,14,2,0.21,0
15612,195.15,2,97.575,52,0.0,4,12,3,0.0,0
15613,433.71999999999997,1,433.71999999999997,700,0.0,27,12,3,0.07407407407407407,1
15614,3008.86,7,429.83714285714285,1606,0.42857142857142855,74,10,1,0.08235294117647059,0
15615,21282.07,54,394.1124074074074,12055,0.12962962962962962,294,14,3,0.11597374179431072,1
15616,317.11,1,317.11,137,0.0,13,13,0,0.07692307692307693,0
15617,828.5500000000001,3,276.18333333333334,485,0.0,41,10,2,0.21428571428571427,0
15618,747.031,5,149.40619999999998,428,0.2,39,8,0,0.061224489795918366,0
15619,336.40000000000003,1,336.40000000000003,136,0.0,3,8,1,0.0,1
15620,1909.93,8,238.74125,1228,0.5,114,11,1,0.17647058823529413,1
15621,1079.81,6,179.96833333333333,439,0.3333333333333333,11,13,0,0.11764705882352941,0
15622,7335.93,30,244.531,3964,0.43333333333333335,332,10,3,0.12581344902386118,1
15623,2437.05,8,304.63125,1087,0.0,91,10,3,0.1388888888888889,0
15624,588.13,4,147.0325,357,0.0,26,15,0,0.11764705882352941,1
15625,3203.25,14,228.80357142857142,2993,0.35714285714285715,106,12,1,0.1016949152542373,0
15626,1049.37,4,262.3425,1133,0.25,73,10,3,0.10975609756097561,0
15627,566.9,2,283.45,344,0.0,23,11,0,0.08333333333333333,1
15628,5284.18,21,251.62761904761905,3547,0.19047619047619047,136,12,2,0.09836065573770492,1
15629,2240.9,4,560.225,1518,0.0,39,11,4,0.09090909090909091,1
15630,1475.45,4,368.8625,986,0.25,76,15,1,0.1111111111111111,0
15631,596.67,1,596.67,525,0.0,39,14,6,0.10256410256410256,0
15632,3147.31,10,314.731,2049,0.2,107,11,3,0.1016949152542373,0
15633,4156.91,18,230.93944444444443,2014,0.2777777777777778,77,9,3,0.09239130434782608,1
15634,554.65,2,277.325,227,0.0,34,15,6,0.17647058823529413,0
15635,100.35,1,100.35,5,0.0,2,8,1,1.0,1
15636,1444.58,4,361.145,560,0.0,39,11,2,0.14035087719298245,0
15637,797.59,5,159.518,651,0.0,37,8,1,0.0975609756097561,0
15638,2137.2,9,237.46666666666664,1078,0.3333333333333333,20,15,2,0.10344827586206896,1
15639,1023.29,5,204.658,820,0.4,61,14,1,0.1267605633802817,1
15640,23283.35,34,684.8044117647058,12061,0.14705882352941177,304,14,6,0.12975098296199214,0
15641,5345.55,12,445.46250000000003,4422,0.0,249,14,3,0.14469453376205788,0
15642,105.78000000000002,1,105.78000000000002,270,0.0,6,11,3,0.0,0
15643,647.4,6,107.89999999999999,242,0.5,31,14,2,0.2222222222222222,0
15644,784.2,4,196.05,538,0.0,166,14,6,0.1415929203539823,1
15645,1035.1,4,258.775,385,0.25,59,11,0,0.1044776119402985,1
15646,762.3100000000001,6,127.05166666666668,815,0.16666666666666666,65,14,3,0.13043478260869565,1
15647,169.0,1,169.0,124,0.0,11,15,2,0.0,0
15648,582.0500000000001,4,145.51250000000002,210,0.5,24,15,3,0.07407407407407407,0
15649,1660.35,4,415.0875,365,0.0,8,16,2,0.2727272727272727,1
15650,539.03,3,179.67666666666665,207,0.3333333333333333,33,11,6,0.08108108108108109,0
15651,1259.06,5,251.81199999999998,871,0.0,52,8,3,0.11666666666666667,0
15652,1397.44,6,232.90666666666667,655,0.16666666666666666,93,16,2,0.1553398058252427,0
15653,877.4399999999999,2,438.71999999999997,1200,0.0,4,9,1,0.0,1
15654,922.53,2,461.265,475,0.0,15,13,2,0.0,1
15655,511.32,2,255.66,319,0.5,34,15,6,0.13513513513513514,0
15656,748.5,4,187.125,343,0.0,46,13,1,0.14893617021276595,0
15657,30.0,1,30.0,24,0.0,1,12,3,0.0,0
15658,1964.14,13,151.08769230769232,600,0.38461538461538464,80,10,3,0.12605042016806722,1
15659,532.49,3,177.49666666666667,161,0.0,14,9,3,0.09523809523809523,1
15660,2554.84,18,141.93555555555557,1770,0.16666666666666666,73,16,3,0.14838709677419354,0
15661,1215.95,8,151.99375,779,0.0,27,7,0,0.11363636363636363,1
15662,283.73,2,141.865,145,0.0,12,16,1,0.25,1
15663,138.14,1,138.14,106,0.0,9,15,3,0.0,1
15664,1212.35,7,173.19285714285712,511,0.42857142857142855,55,12,3,0.06756756756756757,0
15665,3929.87,5,785.9739999999999,2752,0.0,163,15,6,0.12186379928315412,0
15666,628.59,2,314.295,466,0.0,62,15,6,0.1076923076923077,0
15667,301.32,1,301.32,240,0.0,13,10,0,0.15384615384615385,0
15668,76.32000000000001,1,76.32000000000001,72,0.0,1,10,4,0.0,0
15669,677.69,5,135.538,339,0.2,31,17,3,0.05714285714285714,1
15670,315.2,3,105.06666666666666,124,0.3333333333333333,19,10,2,0.05,1
15671,2635.4900000000002,10,263.54900000000004,1681,0.3,52,9,0,0.1111111111111111,1
15672,45.300000000000004,1,45.300000000000004,10,0.0,3,16,0,0.3333333333333333,1
15673,5845.51,10,584.551,3141,0.1,177,16,0,0.10465116279069768,0
15674,6217.85,18,345.43611111111113,3444,0.2777777777777778,262,15,1,0.16042780748663102,0
15675,542.04,4,135.51,624,0.0,32,14,6,0.08571428571428572,0
15676,3324.09,5,664.818,2231,0.4,191,14,4,0.1388888888888889,0
15677,1305.63,3,435.21000000000004,675,0.0,63,15,3,0.1388888888888889,0
15678,1734.59,3,578.1966666666666,992,0.0,77,14,1,0.12790697674418605,1
15679,781.28,4,195.32,1170,0.0,98,16,2,0.08181818181818182,0
15680,3985.59,12,332.1325,2733,0.16666666666666666,156,14,2,0.13865546218487396,0
15681,2480.2,16,155.0125,1126,0.125,48,13,4,0.13592233009708737,1
15682,316.99,3,105.66333333333334,221,0.3333333333333333,25,15,0,0.11538461538461539,1
15683,524.54,2,262.27,332,0.0,25,12,0,0.2692307692307692,1
15684,147.8,6,24.633333333333336,72,0.5,10,16,4,0.14285714285714285,0
15685,55.980000000000004,1,55.980000000000004,36,0.0,17,13,2,0.23529411764705882,1
15686,90.0,1,90.0,72,0.0,1,13,4,0.0,0
15687,2981.5,11,271.04545454545456,1308,0.18181818181818182,119,13,2,0.1130952380952381,1
15688,187.17000000000002,1,187.17000000000002,91,0.0,26,12,6,0.23076923076923078,0
15689,521.03,3,173.67666666666665,207,0.0,20,9,3,0.16666666666666666,0
15690,239.76,2,119.88,408,0.0,19,15,0,0.05263157894736842,0
15691,511.8,5,102.36,202,0.2,12,16,6,0.06666666666666667,0
15692,191.04,1,191.04,138,0.0,12,14,4,0.16666666666666666,0
15693,37.5,1,37.5,30,0.0,1,14,3,0.0,1
15694,9734.13,29,335.65965517241375,2424,0.1724137931034483,55,11,3,0.11920529801324503,0
15695,1131.04,4,282.76,484,0.0,55,10,2,0.1016949152542373,0
15696,3693.6,21,175.88571428571427,1356,0.38095238095238093,163,14,6,0.15086206896551724,0
15697,246.75,1,246.75,127,0.0,14,9,1,0.07142857142857142,0
15698,46.2,1,46.2,60,0.0,2,17,3,0.0,0
15699,309.65,1,309.65,113,0.0,18,8,1,0.16666666666666666,0
15700,660.28,3,220.09333333333333,325,0.3333333333333333,85,15,6,0.09090909090909091,1
15701,1497.37,4,374.3425,893,0.0,193,12,6,0.12556053811659193,0
15702,140.39000000000001,2,70.19500000000001,103,0.0,30,14,4,0.23333333333333334,0
15703,211.5,1,211.5,66,0.0,5,10,6,0.0,0
15704,3630.48,8,453.81,1678,0.25,130,14,6,0.12315270935960591,1
15705,143.1,1,143.1,62,0.0,6,15,6,0.16666666666666666,1
15706,1001.8100000000001,7,143.1157142857143,305,0.42857142857142855,50,14,0,0.1694915254237288,0
15707,887.95,4,221.9875,567,0.0,126,14,3,0.12886597938144329,0
15708,3773.06,14,269.5042857142857,1416,0.35714285714285715,135,11,6,0.12349397590361445,0
15709,325.9,2,162.95,168,0.0,26,18,3,0.19230769230769232,0
15710,898.87,1,898.87,641,0.0,110,17,0,0.07272727272727272,1
15711,420.25,2,210.125,199,0.0,25,12,1,0.16,1
15712,3467.46,13,266.72769230769234,1276,0.07692307692307693,86,11,6,0.11377245508982035,0
15713,814.84,6,135.80666666666667,447,0.3333333333333333,48,9,2,0.05555555555555555,0
15714,783.96,5,156.792,361,0.0,45,11,0,0.020833333333333332,1
15715,658.02,5,131.60399999999998,246,0.0,33,12,1,0.07894736842105263,0
15716,2419.9700000000003,11,219.99727272727276,1331,0.0,188,12,6,0.11029411764705882,0
15717,607.0,5,121.4,224,0.0,17,13,3,0.125,0
15718,293.79,1,293.79,95,0.0,18,16,3,0.0,0
15719,10086.0,39,258.61538461538464,5322,0.20512820512820512,449,12,3,0.13014084507042253,0
15720,739.22,2,369.61,327,0.0,152,14,1,0.0915032679738562,0
15721,451.46000000000004,1,451.46000000000004,379,0.0,80,12,0,0.1375,1
15722,5050.45,15,336.69666666666666,2249,0.26666666666666666,94,15,1,0.1256544502617801,1
15723,927.35,4,231.8375,424,0.0,108,12,4,0.10743801652892562,0
15724,299.8,5,59.96,114,0.4,17,10,3,0.1,0
15725,415.25,1,415.25,221,0.0,32,14,3,0.15625,0
15726,321.91,1,321.91,123,0.0,23,16,6,0.08695652173913043,1
15727,9204.91,15,613.6606666666667,5804,0.0,426,11,2,0.12180451127819548,1
15728,409.80000000000007,3,136.60000000000002,98,0.3333333333333333,10,14,1,0.1875,0
15729,154.70000000000002,5,30.940000000000005,40,0.4,10,12,2,0.07692307692307693,0
15730,1708.18,7,244.0257142857143,1053,0.2857142857142857,102,12,1,0.1565217391304348,0
15731,125.3,1,125.3,122,0.0,8,10,4,0.125,0
15732,1499.42,12,124.95166666666667,1255,0.16666666666666666,53,10,0,0.06862745098039216,1
15733,162.3,1,162.3,62,0.0,10,9,2,0.0,0
15734,2263.3,4,565.825,516,0.0,36,14,2,0.13953488372093023,0
15735,327.68,1,327.68,206,0.0,19,13,3,0.0,0
15736,1655.92,3,551.9733333333334,1198,0.3333333333333333,95,14,3,0.1568627450980392,0
15737,1121.21,12,93.43416666666667,584,0.3333333333333333,60,10,0,0.10126582278481013,0
15738,13005.42,45,289.00933333333336,9002,0.08888888888888889,70,12,3,0.10515463917525773,1
15739,449.12,1,449.12,472,0.0,8,13,1,0.0,0
15740,154.88,1,154.88,152,0.0,9,14,4,0.1111111111111111,0
15741,208.62,2,104.31,70,0.0,11,16,1,0.08333333333333333,1
15742,156.87,1,156.87,51,0.0,41,15,1,0.1951219512195122,1
15743,772.59,4,193.1475,212,0.0,59,13,2,0.08333333333333333,0
15744,34.8,1,34.8,120,0.0,3,9,4,0.0,0
15745,1071.24,6,178.54,412,0.3333333333333333,57,10,6,0.2,1
15746,182.96,2,91.48,130,0.5,28,15,3,0.13793103448275862,0
15747,2453.73,10,245.373,1324,0.1,116,14,0,0.10426540284360189,0
15748,597.3100000000001,3,199.10333333333335,259,0.0,34,12,6,0.08571428571428572,1
15749,21535.9,4,5383.975,9014,0.25,6,13,0,0.2,0
15750,6339.201,24,264.133375,4245,0.25,390,17,2,0.13679245283018868,0
15751,1318.84,14,94.20285714285714,437,0.21428571428571427,90,12,6,0.12686567164179105,0
15752,3880.36,10,388.036,2767,0.1,359,11,2,0.11418685121107267,0
15753,79.2,1,79.2,144,0.0,1,12,1,0.0,1
15754,3001.86,12,250.155,1755,0.25,114,13,0,0.1037037037037037,0
15755,5936.95,20,296.84749999999997,3999,0.15,281,15,0,0.14136125654450263,0
15756,527.23,4,131.8075,239,0.0,160,14,6,0.11052631578947368,0
15757,2940.36,6,490.06,1757,0.0,162,12,3,0.11398963730569948,0
15758,205.25,1,205.25,47,0.0,9,10,1,0.1111111111111111,0
15759,810.98,10,81.098,518,0.3,10,10,4,0.15,0
15760,-5795.87,5,-1159.174,-1,0.6,1,11,4,0.2,0
15761,143.05,1,143.05,31,0.0,5,9,3,0.0,0
15762,583.75,2,291.875,251,0.0,37,15,4,0.08108108108108109,0
15763,1048.67,3,349.5566666666667,268,0.3333333333333333,58,12,4,0.09523809523809523,0
15764,4453.28,14,318.09142857142854,2925,0.42857142857142855,187,15,2,0.10810810810810811,0
15765,370.63,1,370.63,335,0.0,25,10,3,0.04,0
15766,799.66,4,199.915,330,0.25,21,17,3,0.10714285714285714,0
15767,-242.70000000000002,2,-121.35000000000001,-50,1.0,9,15,0,0.1111111111111111,1
15768,15014.66,36,417.07388888888886,4121,0.05555555555555555,440,14,3,0.10829103214890017,0
15769,84177.58,51,1650.5407843137255,47054,0.09803921568627451,27,10,0,0.10330578512396695,0
15770,321.45,1,321.45,67,0.0,18,11,1,0.1111111111111111,1
15771,1006.54,3,335.5133333333333,512,0.0,26,12,1,0.0,1
15772,280.88,1,280.88,110,0.0,16,13,6,0.125,0
15773,774.52,2,387.26,410,0.0,46,15,1,0.14893617021276595,0
15774,1273.75,7,181.96428571428572,461,0.14285714285714285,89,12,6,0.18181818181818182,1
15775,150.5,2,75.25,260,0.0,9,12,4,0.0,0
15776,241.62,1,241.62,138,0.0,18,13,4,0.1111111111111111,0
15777,1732.1599999999999,9,192.4622222222222,595,0.2222222222222222,29,16,0,0.12195121951219512,1
15778,307.95,1,307.95,101,0.0,17,15,0,0.17647058823529413,0
15779,124.08000000000001,2,62.040000000000006,20,0.0,8,15,3,0.0,0
15780,475.28000000000003,3,158.42666666666668,220,0.0,26,9,0,0.1724137931034483,0
15781,333.56,4,83.39,178,0.25,20,14,0,0.23809523809523808,0
15782,3985.65,6,664.275,1842,0.3333333333333333,52,14,6,0.1111111111111111,1
15783,246.3,1,246.3,212,0.0,14,9,1,0.14285714285714285,0
15784,848.3299999999999,2,424.16499999999996,381,0.0,33,14,4,0.023255813953488372,0
15785,5825.33,26,224.05115384615385,4427,0.38461538461538464,102,16,3,0.10245901639344263,1
15786,8379.65,9,931.0722222222222,5869,0.4444444444444444,358,13,0,0.12681912681912683,0
15787,919.25,3,306.4166666666667,519,0.0,156,14,6,0.11917098445595854,0
15788,215.53,2,107.765,112,0.5,14,12,0,0.26666666666666666,1
15789,1932.01,7,276.00142857142856,2475,0.14285714285714285,110,11,6,0.1357142857142857,0
15790,218.75,1,218.75,113,0.0,34,14,1,0.14705882352941177,0
15791,3541.79,9,393.53222222222223,1949,0.4444444444444444,122,15,3,0.08333333333333333,1
15792,933.84,2,466.92,606,0.0,57,8,4,0.10526315789473684,0
15793,2382.92,9,264.7688888888889,1684,0.1111111111111111,12,9,0,0.06451612903225806,0
15794,777.0,2,388.5,288,0.0,15,15,2,0.13333333333333333,0
15795,1979.8700000000001,8,247.48375000000001,1411,0.0,111,12,6,0.15267175572519084,0
15796,4957.0,22,225.3181818181818,1690,0.22727272727272727,143,15,6,0.08843537414965986,0
15797,2821.08,6,470.18,1281,0.0,12,10,1,0.16666666666666666,0
15798,1535.37,3,511.78999999999996,915,0.0,73,9,3,0.10843373493975904,0
15799,1402.29,4,350.5725,1314,0.0,143,12,6,0.087248322147651,0
15800,1211.96,7,173.13714285714286,550,0.0,198,14,2,0.10526315789473684,0
15801,1042.19,4,260.5475,562,0.25,61,15,0,0.11594202898550725,0
15802,-451.42,3,-150.47333333333333,-1,0.6666666666666666,1,11,2,0.3333333333333333,0
15803,1929.66,4,482.415,1030,0.0,48,13,0,0.11764705882352941,1
15804,3848.55,19,202.55526315789476,2515,0.3157894736842105,170,10,2,0.10218978102189781,1
15805,9668.62,40,241.71550000000002,6087,0.25,341,12,1,0.12410071942446044,0
15806,784.58,3,261.5266666666667,602,0.0,24,9,1,0.16129032258064516,1
15807,1807.57,6,301.26166666666666,1531,0.16666666666666666,86,14,4,0.12359550561797752,1
15808,16864.39,24,702.6829166666666,6601,0.125,349,14,1,0.11901681759379043,0
15809,862.88,9,95.87555555555555,649,0.2222222222222222,51,13,3,0.16417910447761194,0
15810,2724.8,13,209.60000000000002,1510,0.38461538461538464,89,10,2,0.08290155440414508,0
15811,3266.4900000000002,10,326.649,1701,0.3,205,16,1,0.08560311284046693,0
15812,5184.92,13,398.84000000000003,3431,0.07692307692307693,87,13,3,0.104,0
15813,1303.9099999999999,2,651.9549999999999,603,0.0,40,9,3,0.15,1
15814,2531.84,8,316.48,1704,0.25,84,14,3,0.11,0
15815,2100.6,5,420.12,1856,0.0,33,12,4,0.12244897959183673,0
15816,93.3,3,31.099999999999998,51,0.3333333333333333,11,12,1,0.0,1
15817,2766.4,3,922.1333333333333,1596,0.0,133,12,2,0.17105263157894737,1
15818,340.5,1,340.5,284,0.0,11,12,4,0.0,0
15819,3921.28,11,356.48,2921,0.09090909090909091,183,11,1,0.12927756653992395,0
15820,206.98,1,206.98,128,0.0,17,12,0,0.0,0
15821,570.96,2,285.48,202,0.0,57,13,6,0.11290322580645161,0
15822,1697.51,8,212.18875,866,0.25,50,13,2,0.2,1
15823,3018.86,6,503.1433333333334,1486,0.5,159,15,1,0.1206896551724138,0
15824,890.94,2,445.47,478,0.0,24,13,6,0.0,0
15825,532.94,1,532.94,220,0.0,20,13,0,0.25,0
15826,2583.13,6,430.5216666666667,1811,0.3333333333333333,100,17,4,0.11570247933884298,0
15827,3240.03,42,77.14357142857143,1640,0.3333333333333333,125,13,3,0.1067193675889328,1
15828,1108.82,1,1108.82,367,0.0,74,16,0,0.0945945945945946,1
15829,636.14,2,318.07,996,0.0,44,10,4,0.13725490196078433,1
15830,547.7,2,273.85,409,0.5,39,10,2,0.17073170731707318,0
15831,731.28,4,182.82,1060,0.25,64,13,2,0.15151515151515152,1
15832,836.79,1,836.79,465,0.0,54,15,2,0.12962962962962962,1
15833,80.4,1,80.4,24,0.0,5,11,2,0.2,1
15834,3546.95,9,394.10555555555555,1780,0.2222222222222222,333,14,0,0.1284153005464481,0
15835,954.09,4,238.5225,439,0.0,47,10,3,0.04,1
15836,117.47,2,58.735,24,0.5,10,17,3,0.16666666666666666,0
15837,777.01,2,388.505,405,0.0,52,10,2,0.09615384615384616,0
15838,71975.01,38,1894.0792105263156,50674,0.10526315789473684,63,9,3,0.13875598086124402,1
15839,1020.74,5,204.148,670,0.4,56,12,1,0.23076923076923078,1
15840,345.66,3,115.22000000000001,394,0.3333333333333333,26,11,0,0.07142857142857142,0
15841,2716.5,12,226.375,2374,0.25,60,8,3,0.11458333333333333,0
15842,528.75,3,176.25,288,0.3333333333333333,24,14,3,0.07142857142857142,0
15843,118.95000000000002,1,118.95000000000002,27,0.0,8,10,2,0.25,0
15844,130.73999999999998,1,130.73999999999998,134,0.0,11,15,0,0.09090909090909091,0
15845,4273.65,14,305.26071428571424,2085,0.21428571428571427,129,9,4,0.13513513513513514,1
15846,104.51,1,104.51,77,0.0,27,14,4,0.037037037037037035,0
15847,822.57,5,164.514,643,0.0,39,14,3,0.0625,1
15848,137.99,1,137.99,45,0.0,34,10,6,0.17647058823529413,0
15849,-5876.34,1,-5876.34,-1,1.0,1,12,3,0.0,0
15850,960.4399999999999,6,160.07333333333332,1218,0.0,269,12,1,0.12542372881355932,0
15851,109.73,1,109.73,67,0.0,8,12,3,0.125,0
15852,257.26,3,85.75333333333333,60,0.0,31,13,3,0.12121212121212122,0
15853,100.6,1,100.6,131,0.0,29,10,2,0.10344827586206896,0
15854,5578.28,21,265.6323809523809,1691,0.0,168,11,6,0.10546875,1
15855,1046.82,6,174.47,710,0.0,72,10,1,0.11702127659574468,1
15856,31658.010000000002,58,545.8277586206897,19299,0.10344827586206896,386,17,4,0.11464968152866242,0
15857,570.48,2,285.24,584,0.0,21,12,0,0.16666666666666666,1
15858,3483.16,15,232.21066666666667,2700,0.13333333333333333,274,12,3,0.10161662817551963,0
15859,438.46,1,438.46,174,0.0,22,12,6,0.13636363636363635,0
15860,2267.69,17,133.39352941176472,1196,0.0,249,11,6,0.1303030303030303,0
15861,4158.56,15,277.23733333333337,3787,0.2,455,20,3,0.10445859872611465,0
15862,2478.2400000000002,13,190.63384615384618,1498,0.0,417,11,3,0.09631147540983606,0
15863,355.1,5,71.02000000000001,162,0.0,74,10,3,0.16883116883116883,0
15864,2014.22,9,223.8022222222222,1338,0.2222222222222222,18,10,1,0.1111111111111111,0
15865,2241.42,5,448.284,1141,0.0,119,13,1,0.12698412698412698,1
15866,211.89,1,211.89,124,0.0,43,14,1,0.09302325581395349,1
15867,8829.25,35,252.2642857142857,5047,0.11428571428571428,549,16,0,0.11575875486381323,1
15868,94.53,1,94.53,57,0.0,4,14,2,0.0,0
15869,297.76,3,99.25333333333333,264,0.0,29,16,1,0.06451612903225806,0
15870,812.21,4,203.0525,487,0.0,127,10,0,0.14074074074074075,0
15871,33.099999999999994,1,33.099999999999994,5,0.0,5,14,1,0.4,0
15872,671.99,4,167.9975,444,0.0,164,11,4,0.12716763005780346,0
15873,138.23999999999998,5,27.647999999999996,576,0.2,3,11,2,0.0,1
15874,11011.52,25,440.4608,4978,0.16,268,12,4,0.11506849315068493,1
15875,85.62,1,85.62,62,0.0,18,16,2,0.1111111111111111,0
15876,1449.1399999999999,2,724.5699999999999,886,0.0,11,18,1,0.18181818181818182,1
15877,436.63,3,145.54333333333332,240,0.3333333333333333,122,11,1,0.18253968253968253,0
15878,325.67,2,162.835,241,0.0,47,12,6,0.1,0
15879,1116.3,4,279.075,625,0.0,171,17,2,0.12994350282485875,1
15880,295.73,2,147.865,176,0.5,95,13,6,0.125,0
15881,438.24,8,54.78,199,0.375,26,16,0,0.0625,0
15882,1098.5900000000001,10,109.85900000000001,637,0.2,49,13,0,0.06557377049180328,1
15883,396.48,2,198.24,223,0.0,42,17,2,0.2653061224489796,0
15884,238.65000000000003,3,79.55000000000001,151,0.3333333333333333,15,18,3,0.0,0
15885,1737.57,20,86.8785,597,0.25,83,12,1,0.09016393442622951,0
15886,1052.8700000000001,4,263.21750000000003,667,0.0,58,15,1,0.12903225806451613,1
15887,1027.15,3,342.3833333333334,605,0.0,27,11,2,0.21621621621621623,0
15888,397.02,4,99.255,117,0.25,33,9,3,0.075,0
15889,1374.27,9,152.69666666666666,772,0.1111111111111111,256,13,3,0.13559322033898305,1
15890,535.65,5,107.13,119,0.0,10,12,2,0.3,0
15891,511.68,1,511.68,418,0.0,60,12,2,0.15,0
15892,128.2,1,128.2,46,0.0,38,16,0,0.07894736842105263,0
15893,305.28000000000003,1,305.28000000000003,288,0.0,1,11,6,0.0,0
15894,236.35000000000002,2,118.17500000000001,159,0.0,35,14,6,0.2,0
15895,179.17,1,179.17,94,0.0,11,10,2,0.18181818181818182,0
15896,-1899.67,1,-1899.67,-1,1.0,1,12,3,0.0,1
15897,193.74,2,96.87,220,0.0,17,13,6,0.23809523809523808,0
15898,4894.1,29,168.76206896551724,2127,0.13793103448275862,284,12,4,0.09531502423263329,0
15899,56.25,1,56.25,39,0.0,4,10,0,0.0,0
15900,860.5799999999999,5,172.11599999999999,639,0.2,100,11,2,0.13821138211382114,1
15901,643.05,9,71.44999999999999,663,0.2222222222222222,146,12,4,0.1411042944785276,1
15902,145.01,1,145.01,124,0.0,18,16,2,0.1111111111111111,0
15903,8859.82,15,590.6546666666667,3917,0.2,58,14,4,0.15966386554621848,1
15904,164.68,1,164.68,84,0.0,30,14,3,0.06666666666666667,1
15905,114.69,1,114.69,82,0.0,22,16,0,0.09090909090909091,0
15906,2426.94,12,202.245,736,0.16666666666666666,143,13,6,0.11822660098522167,1
15907,717.11,3,239.03666666666666,391,0.0,175,12,1,0.11386138613861387,0
15908,749.87,2,374.935,168,0.0,37,19,3,0.02702702702702703,1
15909,191.94,1,191.94,98,0.0,7,10,6,0.0,0
15910,2491.23,15,166.082,2067,0.0,394,11,3,0.12947189097103917,0
15911,1379.05,10,137.905,781,0.2,163,11,2,0.10852713178294573,0
15912,1048.15,9,116.46111111111112,750,0.0,83,13,3,0.12903225806451613,1
15913,6.300000000000001,1,6.300000000000001,3,0.0,1,16,2,0.0,0
15914,205.99,2,102.995,149,0.0,13,16,4,0.15384615384615385,1
15915,325.83,1,325.83,354,0.0,105,11,2,0.08571428571428572,0
15916,2876.54,17,169.20823529411766,1569,0.23529411764705882,229,13,3,0.11038961038961038,1
15917,514.75,5,102.95,233,0.0,127,15,3,0.15671641791044777,0
15918,579.93,3,193.30999999999997,239,0.0,49,11,3,0.1,0
15919,459.17,2,229.585,359,0.0,103,11,6,0.15454545454545454,0
15920,550.34,9,61.14888888888889,232,0.0,93,15,4,0.09615384615384616,0
15921,770.26,4,192.565,334,0.0,69,11,0,0.11538461538461539,0
15922,363.6,2,181.8,136,0.5,11,13,2,0.0,0
15923,127.08,1,127.08,122,0.0,21,12,3,0.19047619047619047,0
15924,90.92,1,90.92,101,0.0,14,15,1,0.21428571428571427,0
15925,207.15,1,207.15,93,0.0,12,15,6,0.25,0
15926,134.44,1,134.44,155,0.0,7,15,1,0.2857142857142857,1
15927,94.74,1,94.74,62,0.0,13,13,1,0.07692307692307693,1
15928,293.53,1,293.53,164,0.0,11,15,6,0.09090909090909091,0
15929,594.0,1,594.0,120,0.0,1,14,4,0.0,1
15930,426.63,1,426.63,139,0.0,21,14,0,0.19047619047619047,0
15931,239.9,1,239.9,118,0.0,14,16,3,0.21428571428571427,1
15932,2461.85,11,223.80454545454543,2311,0.2727272727272727,93,14,0,0.18487394957983194,1
15933,1107.46,3,369.15333333333336,885,0.0,63,13,4,0.10810810810810811,0
15934,2190.66,2,1095.33,2166,0.0,29,10,0,0.13793103448275862,0
15935,108.03999999999999,3,36.01333333333333,-171,0.3333333333333333,33,17,1,0.058823529411764705,0
15936,282.79,2,141.395,211,0.0,16,11,6,0.05263157894736842,0
15937,145.35,1,145.35,73,0.0,7,15,3,0.14285714285714285,0
15938,734.81,9,81.64555555555555,449,0.0,27,10,1,0.07692307692307693,0
15939,8442.62,17,496.624705882353,5910,0.058823529411764705,52,12,1,0.11016949152542373,1
15940,-3.552713678800501e-15,3,-1.1842378929335002e-15,-1,0.6666666666666666,2,16,1,0.0,1
15941,230.6,2,115.3,28,0.5,6,14,4,0.3,0
15942,337.44,1,337.44,232,0.0,14,9,4,0.0,0
15943,271.28999999999996,2,135.64499999999998,183,0.0,12,11,6,0.16666666666666666,0
15944,2164.24,4,541.06,859,0.0,25,14,2,0.15789473684210525,0
15945,646.27,4,161.5675,345,0.0,24,17,4,0.03571428571428571,1
15946,2304.18,3,768.06,1614,0.0,25,12,6,0.15384615384615385,0
15947,1708.24,1,1708.24,898,0.0,29,10,6,0.1724137931034483,0
15948,1509.0900000000001,3,503.03000000000003,852,0.0,63,8,3,0.1368421052631579,1
15949,364.72,2,182.36,284,0.0,12,17,3,0.0,0
15950,6791.7300000000005,13,522.4407692307693,3247,0.23076923076923078,226,11,3,0.1297709923664122,1
15951,974.52,4,243.63,413,0.25,44,11,6,0.08196721311475409,0
15952,781.91,4,195.4775,391,0.0,65,12,6,0.15476190476190477,0
15953,3295.49,21,156.92809523809524,1638,0.14285714285714285,102,14,2,0.12138728323699421,0
15954,190.75,1,190.75,119,0.0,20,13,3,0.15,0
15955,8050.2300000000005,25,322.0092,3952,0.12,223,14,3,0.11494252873563218,0
15956,617.6,2,308.8,278,0.0,18,13,6,0.05555555555555555,1
15957,813.3,3,271.09999999999997,397,0.0,121,12,4,0.11851851851851852,1
15958,428.02,4,107.005,142,0.0,50,12,0,0.13559322033898305,0
15959,542.89,3,180.96333333333334,269,0.0,58,16,1,0.056338028169014086,0
15960,394.0,5,78.8,257,0.2,24,15,3,0.1111111111111111,0
15961,451.28999999999996,1,451.28999999999996,154,0.0,42,15,3,0.11904761904761904,0
15962,233.13,1,233.13,189,0.0,43,13,3,0.11627906976744186,1
15963,470.76,2,235.38,298,0.0,26,13,1,0.03571428571428571,1
15964,269.21000000000004,1,269.21000000000004,93,0.0,20,15,6,0.05,0
15965,2535.92,14,181.13714285714286,1201,0.07142857142857142,202,13,1,0.13651877133105803,0
15966,399.58,2,199.79,268,0.5,27,10,2,0.21875,1
15967,2858.85,13,219.91153846153844,1122,0.07692307692307693,316,13,0,0.12147505422993492,1
15968,339.36,1,339.36,210,0.0,70,13,1,0.07142857142857142,0
15969,1043.85,6,173.975,219,0.16666666666666666,31,12,6,0.05555555555555555,0
15970,1017.32,2,508.66,498,0.0,19,11,1,0.08333333333333333,0
15971,4726.43,20,236.32150000000001,1907,0.1,12,10,1,0.09090909090909091,1
15972,1668.43,5,333.68600000000004,445,0.0,104,14,6,0.10526315789473684,0
15973,472.57,5,94.514,176,0.4,8,8,3,0.15384615384615385,1
15974,3429.55,8,428.69375,2256,0.125,141,10,3,0.096045197740113,1
15975,371.01,1,371.01,243,0.0,24,13,4,0.125,0
15976,1624.75,6,270.7916666666667,1013,0.0,265,11,6,0.1388888888888889,1
15977,1009.73,2,504.865,980,0.0,48,13,1,0.15625,0
15978,3272.62,5,654.524,2440,0.4,107,14,4,0.09923664122137404,0
15979,329.22,1,329.22,450,0.0,22,11,4,0.13636363636363635,0
15980,6481.28,9,720.1422222222222,4774,0.2222222222222222,101,14,1,0.10344827586206896,0
15981,9268.07,27,343.2618518518518,4778,0.2222222222222222,152,12,1,0.11186440677966102,0
15982,324.51,1,324.51,131,0.0,45,15,1,0.1111111111111111,0
15983,2996.9,8,374.6125,1773,0.0,137,12,4,0.124,1
15984,7772.88,32,242.9025,5316,0.0625,458,14,2,0.11702127659574468,0
15985,2610.28,8,326.285,2500,0.125,50,11,2,0.12380952380952381,0
15986,354.42,2,177.21,368,0.0,25,15,2,0.08,0
15987,1508.69,8,188.58625,1578,0.0,143,12,3,0.11392405063291139,1
15988,738.89,3,246.29666666666665,476,0.0,114,12,6,0.10833333333333334,0
15989,361.17,2,180.585,165,0.0,81,12,0,0.0963855421686747,1
15990,1997.75,7,285.39285714285717,1086,0.0,117,12,6,0.12429378531073447,0
15991,150.55,1,150.55,41,0.0,6,15,2,0.16666666666666666,0
15992,896.6,3,298.8666666666667,514,0.0,53,14,0,0.14814814814814814,0
15993,2686.88,10,268.688,1954,0.3,336,16,2,0.15630885122410546,0
15994,1106.19,5,221.238,446,0.4,93,12,6,0.08571428571428572,1
15995,689.34,1,689.34,348,0.0,108,13,3,0.1574074074074074,0
15996,1342.25,8,167.78125,634,0.125,140,15,6,0.1569767441860465,1
15997,-23.4,1,-23.4,-12,1.0,1,13,3,1.0,0
15998,8093.75,21,385.4166666666667,5267,0.23809523809523808,682,12,1,0.11714890613973183,1
15999,20.4,1,20.4,24,0.0,1,12,4,0.0,0
16000,12393.7,3,4131.233333333334,5110,0.0,9,12,2,0.2222222222222222,0
16001,519.06,2,259.53,305,0.5,34,17,1,0.1282051282051282,0
16002,169.21,1,169.21,70,0.0,42,13,2,0.23809523809523808,1
16003,5613.83,10,561.383,2210,0.0,146,9,3,0.1724137931034483,0
16004,2146.39,5,429.27799999999996,1076,0.0,63,15,1,0.18888888888888888,0
16005,2298.95,11,208.99545454545452,1238,0.09090909090909091,315,11,0,0.1278825995807128,1
16006,315.71999999999997,2,157.85999999999999,199,0.0,75,12,2,0.13333333333333333,0
16007,3011.26,7,430.18,2581,0.0,337,13,6,0.10542635658914729,0
16008,5339.13,15,355.942,3237,0.0,63,13,6,0.1067193675889328,1
16009,961.21,4,240.3025,361,0.0,68,11,6,0.08860759493670886,0
16010,1644.66,12,137.055,885,0.08333333333333333,122,11,6,0.10108303249097472,0
16011,5544.15,30,184.80499999999998,3298,0.03333333333333333,181,16,3,0.12440191387559808,1
16012,2957.01,5,591.402,1737,0.0,207,13,2,0.1459227467811159,0
16013,49770.92,94,529.4778723404255,22911,0.10638297872340426,57,12,4,0.11934156378600823,0
16014,1082.92,6,180.48666666666668,449,0.16666666666666666,219,16,6,0.12408759124087591,0
16015,668.86,4,167.215,884,0.25,146,12,4,0.11797752808988764,1
16016,1986.65,14,141.90357142857144,844,0.21428571428571427,181,12,2,0.13588850174216027,0
16017,1495.53,5,299.106,609,0.0,99,12,6,0.1487603305785124,1
16018,698.13,4,174.5325,503,0.0,48,13,0,0.10714285714285714,0
16019,16503.46,35,471.5274285714286,6610,0.22857142857142856,256,10,1,0.09808612440191387,0
16020,851.01,3,283.67,487,0.0,42,13,2,0.08695652173913043,0
16021,469.34,2,234.67,260,0.0,117,14,1,0.08333333333333333,0
16022,586.4,1,586.4,241,0.0,68,13,3,0.1323529411764706,0
16023,719.81,3,239.93666666666664,358,0.0,90,14,1,0.1782178217821782,0
16024,476.65,3,158.88333333333333,486,0.0,78,13,6,0.15853658536585366,1
16025,439.65999999999997,1,439.65999999999997,338,0.0,28,11,3,0.10714285714285714,0
16026,226.59,1,226.59,237,0.0,30,13,3,0.13333333333333333,1
16027,1799.8400000000001,18,99.99111111111112,2020,0.16666666666666666,21,10,4,0.13157894736842105,1
16028,82.2,1,82.2,18,0.0,5,11,4,0.0,0
16029,91303.87,125,730.4309599999999,48489,0.144,59,11,2,0.09701492537313433,1
16030,312.64,1,312.64,279,0.0,28,11,3,0.03571428571428571,1
16031,541.65,2,270.825,418,0.0,91,13,3,0.10416666666666667,1
16032,1920.47,6,320.0783333333333,1446,0.0,130,18,3,0.10784313725490197,0
16033,10410.38,36,289.1772222222222,4137,0.25,605,13,6,0.12152269399707175,1
16034,902.07,7,128.86714285714285,581,0.14285714285714285,43,11,1,0.08928571428571429,0
16035,217.73,1,217.73,33,0.0,21,15,4,0.047619047619047616,0
16036,2556.84,4,639.21,1369,0.0,120,14,0,0.1,1
16037,1489.44,7,212.77714285714288,764,0.2857142857142857,62,12,1,0.1232876712328767,0
16038,454.33000000000004,4,113.58250000000001,241,0.25,24,11,6,0.14285714285714285,0
16039,449.65,3,149.88333333333333,408,0.3333333333333333,28,10,1,0.15151515151515152,0
16040,2383.7000000000003,8,297.96250000000003,1161,0.125,95,13,2,0.1484375,0
16041,3166.4,3,1055.4666666666667,1584,0.0,6,16,3,0.3333333333333333,0
16042,2183.1,11,198.46363636363637,1417,0.2727272727272727,88,12,3,0.14705882352941177,0
16043,1856.5900000000001,8,232.07375000000002,1011,0.0,56,11,3,0.1232876712328767,0
16044,340.84000000000003,1,340.84000000000003,170,0.0,19,18,3,0.15789473684210525,0
16045,3187.03,9,354.1144444444445,1942,0.1111111111111111,111,14,3,0.15723270440251572,0
16046,235.78,1,235.78,248,0.0,22,13,2,0.22727272727272727,1
16047,107.14,1,107.14,1,0.0,1,16,1,0.0,0
16048,800.09,6,133.34833333333333,423,0.3333333333333333,31,11,4,0.21052631578947367,0
16049,1779.25,6,296.5416666666667,1068,0.0,383,16,6,0.07575757575757576,0
16050,300.7,3,100.23333333333333,388,0.0,19,11,6,0.047619047619047616,0
16051,188.44,1,188.44,80,0.0,12,9,2,0.08333333333333333,1
16052,362.06,1,362.06,282,0.0,34,15,6,0.029411764705882353,0
16053,3589.64,8,448.705,3059,0.25,169,11,1,0.14795918367346939,0
16054,2090.68,7,298.6685714285714,779,0.42857142857142855,109,13,6,0.13385826771653545,0
16055,134.8,1,134.8,22,0.0,8,9,1,0.0,1
16056,650.75,1,650.75,345,0.0,66,15,1,0.10606060606060606,1
16057,3202.07,17,188.35705882352943,1432,0.4117647058823529,175,11,0,0.1471698113207547,1
16058,62.7,1,62.7,18,0.0,2,16,4,0.5,1
16059,3033.9700000000003,12,252.83083333333335,1421,0.0,233,12,2,0.11428571428571428,0
16060,541.95,3,180.65,243,0.0,22,15,0,0.25,0
16061,44.95,3,14.983333333333334,13,0.6666666666666666,3,15,0,0.0,1
16062,2863.45,8,357.93125,2035,0.0,134,11,1,0.0972972972972973,1
16063,335.32,1,335.32,262,0.0,23,14,3,0.13043478260869565,1
16064,109.31,1,109.31,55,0.0,17,16,0,0.29411764705882354,0
16065,1918.39,10,191.839,1178,0.2,214,13,3,0.15743440233236153,0
16066,1516.69,5,303.338,932,0.0,77,11,6,0.13,0
16067,2861.21,6,476.86833333333334,1150,0.5,60,18,1,0.10666666666666667,0
16068,112.43,1,112.43,46,0.0,34,11,6,0.08823529411764706,0
16069,457.7,1,457.7,138,0.0,25,10,0,0.16,0
16070,852.15,2,426.075,457,0.0,32,16,0,0.09090909090909091,0
16071,1076.8,4,269.2,697,0.0,62,10,2,0.0547945205479452,0
16072,4012.76,4,1003.19,1475,0.0,414,16,3,0.125,1
16073,94.35,2,47.175,37,0.5,1,12,0,0.0,0
16074,241.6,1,241.6,36,0.0,23,13,6,0.08695652173913043,0
16075,726.98,3,242.32666666666668,270,0.3333333333333333,41,15,0,0.09523809523809523,0
16076,2193.93,11,199.4481818181818,1387,0.09090909090909091,71,12,3,0.12403100775193798,0
16077,600.0,2,300.0,528,0.5,8,10,2,0.2222222222222222,0
16078,362.99,2,181.495,200,0.0,39,13,0,0.1282051282051282,1
16079,1352.0,3,450.6666666666667,864,0.0,18,13,6,0.14285714285714285,0
16080,472.9,6,78.81666666666666,256,0.3333333333333333,29,14,2,0.12121212121212122,0
16081,4259.31,8,532.41375,2166,0.0,235,13,1,0.13774104683195593,0
16082,106.75,1,106.75,39,0.0,16,15,6,0.125,0
16083,2351.42,4,587.855,1514,0.0,61,11,1,0.08450704225352113,0
16084,436.18,1,436.18,216,0.0,38,16,6,0.05263157894736842,0
16085,2328.08,13,179.08307692307693,1375,0.07692307692307693,260,14,2,0.11528150134048257,0
16086,2685.65,11,244.15,1449,0.09090909090909091,66,13,2,0.13846153846153847,0
16087,1739.92,5,347.98400000000004,664,0.0,6,12,1,0.1,0
16088,1437.43,2,718.715,373,0.0,3,10,1,0.3333333333333333,0
16089,259.74,2,129.87,118,0.0,42,15,6,0.06521739130434782,0
16090,180.56,1,180.56,58,0.0,18,13,3,0.05555555555555555,0
16091,315.06,2,157.53,154,0.0,16,9,2,0.1111111111111111,0
16092,1515.49,10,151.549,1151,0.4,60,15,2,0.1276595744680851,0
16093,17.0,1,17.0,20,0.0,1,11,3,0.0,0
16094,3599.16,19,189.4294736842105,1992,0.42105263157894735,102,16,3,0.13270142180094788,0
16095,447.05,1,447.05,265,0.0,30,16,3,0.1,1
16096,1584.97,4,396.2425,700,0.0,58,15,3,0.07575757575757576,1
16097,185.04999999999998,1,185.04999999999998,87,0.0,10,13,2,0.2,0
16098,3965.7,14,283.2642857142857,1996,0.0,83,10,1,0.1476510067114094,1
16099,1568.25,8,196.03125,959,0.125,44,8,0,0.1,0
16100,582.64,1,582.64,438,0.0,37,11,4,0.10810810810810811,1
16101,3167.42,7,452.48857142857145,1823,0.42857142857142855,153,10,4,0.15,0
16102,1842.14,3,614.0466666666667,942,0.0,41,12,2,0.08771929824561403,1
16103,6002.76,27,222.32444444444445,2606,0.18518518518518517,111,14,2,0.13526570048309178,1
16104,2508.31,11,228.02818181818182,1006,0.18181818181818182,187,10,6,0.1375,1
16105,2386.19,5,477.238,2125,0.0,92,13,2,0.11818181818181818,0
16106,108.38,1,108.38,74,0.0,6,10,2,0.16666666666666666,0
16107,3204.1600000000003,7,457.7371428571429,1176,0.0,16,12,4,0.12903225806451613,0
16108,2171.93,8,271.49125,1446,0.5,124,11,4,0.15384615384615385,0
16109,923.58,4,230.895,1090,0.25,31,9,3,0.0625,0
16110,1738.28,4,434.57,829,0.0,343,14,1,0.11722488038277512,0
16111,545.58,1,545.58,230,0.0,72,19,3,0.08333333333333333,1
16112,195.73999999999998,4,48.934999999999995,574,0.0,15,16,0,0.125,0
16113,161.38,1,161.38,176,0.0,30,16,3,0.13333333333333333,1
16114,135.75000000000003,1,135.75000000000003,43,0.0,8,10,2,0.375,0
16115,2513.98,12,209.49833333333333,1573,0.0,230,12,6,0.13349514563106796,0
16116,592.88,2,296.44,246,0.5,34,12,3,0.14285714285714285,1
16117,650.05,4,162.5125,318,0.25,64,11,1,0.08888888888888889,1
16118,4255.43,5,851.086,2822,0.8,42,9,3,0.1276595744680851,0
16119,1720.81,8,215.10125,811,0.0,37,13,2,0.07407407407407407,0
16120,2870.36,7,410.0514285714286,2100,0.14285714285714285,84,15,2,0.14285714285714285,1
16121,1259.74,6,209.95666666666668,792,0.16666666666666666,256,11,6,0.125,0
16122,895.62,6,149.27,1280,0.0,28,10,1,0.07407407407407407,0
16123,307.78,1,307.78,170,0.0,16,9,2,0.0625,0
16124,1709.39,6,284.89833333333337,789,0.3333333333333333,63,10,2,0.07954545454545454,0
16125,4220.15,14,301.4392857142857,1802,0.0,168,15,0,0.09187279151943463,0
16126,14597.15,15,973.1433333333333,6128,0.0,144,14,3,0.12962962962962962,0
16127,801.31,2,400.655,391,0.0,75,13,0,0.12,0
16128,3748.4,14,267.74285714285713,2419,0.21428571428571427,158,13,4,0.13368983957219252,0
16129,1396.05,3,465.34999999999997,1261,0.0,91,15,1,0.11458333333333333,0
16130,987.48,4,246.87,296,0.0,53,13,2,0.12727272727272726,0
16131,9866.27,15,657.7513333333334,4753,0.2,131,10,3,0.13333333333333333,1
16132,664.1999999999999,2,332.09999999999997,280,0.0,14,10,0,0.29411764705882354,0
16133,22228.88,78,284.98564102564103,13454,0.28205128205128205,305,12,1,0.10445205479452055,1
16134,2119.99,7,302.85571428571427,1622,0.2857142857142857,85,9,3,0.14166666666666666,0
16135,819.45,2,409.725,395,0.0,35,12,1,0.15384615384615385,1
16136,921.08,5,184.216,622,0.2,44,9,1,0.10416666666666667,0
16137,422.7,1,422.7,210,0.0,28,15,3,0.10714285714285714,0
16138,902.4,4,225.6,773,0.25,35,12,4,0.13157894736842105,0
16139,1111.15,5,222.23000000000002,602,0.0,47,13,3,0.07017543859649122,0
16140,1412.05,5,282.40999999999997,1269,0.4,51,12,4,0.10606060606060606,0
16141,955.94,2,477.97,410,0.0,47,13,0,0.06,0
16142,535.34,1,535.34,422,0.0,37,10,0,0.16216216216216217,1
16143,4511.13,16,281.945625,1849,0.25,108,11,2,0.11842105263157894,0
16144,175.2,1,175.2,16,0.0,1,10,3,1.0,0
16145,6693.6,29,230.8137931034483,5183,0.3448275862068966,217,10,1,0.12200956937799043,0
16146,946.38,4,236.595,544,0.0,34,15,4,0.0975609756097561,0
16147,2367.02,7,338.1457142857143,1322,0.2857142857142857,113,10,4,0.10714285714285714,0
16148,370.37,4,92.5925,247,0.5,12,10,2,0.0,0
16149,422.22,3,140.74,598,0.0,30,15,2,0.1,1
16150,3761.27,20,188.0635,1924,0.5,143,12,0,0.12350597609561753,1
16151,-4217.59,1,-4217.59,-1,1.0,1,11,1,0.0,1
16152,1829.04,1,1829.04,642,0.0,29,9,2,0.1724137931034483,0
16153,5037.51,13,387.50076923076927,3656,0.15384615384615385,162,9,4,0.1091703056768559,1
16154,-10.5,1,-10.5,-1,1.0,1,16,1,0.0,1
16155,781.05,6,130.17499999999998,482,0.16666666666666666,45,11,4,0.04,0
16156,5863.99,26,225.53807692307691,2996,0.23076923076923078,200,14,1,0.18115942028985507,0
16157,644.24,4,161.06,344,0.25,12,11,2,0.21052631578947367,1
16158,611.32,10,61.132000000000005,180,0.1,29,12,4,0.08333333333333333,0
16159,1230.29,5,246.058,633,0.2,32,14,3,0.18867924528301888,0
16160,1009.4499999999999,4,252.36249999999998,1153,0.5,20,10,3,0.18181818181818182,0
16161,12171.47,57,213.53456140350875,6110,0.24561403508771928,459,11,1,0.12725709372312985,1
16162,37.4,1,37.4,4,0.0,2,15,4,0.0,0
16163,1822.03,14,130.145,549,0.5714285714285714,61,10,2,0.0375,1
16164,749.4300000000001,4,187.35750000000002,414,0.25,27,9,1,0.11764705882352941,0
16165,79.9,1,79.9,2,0.0,1,14,3,0.0,0
16166,327.48,4,81.87,156,0.5,21,14,6,0.15384615384615385,1
16167,1149.8700000000001,6,191.645,1459,0.16666666666666666,55,17,3,0.07042253521126761,0
16168,10263.28,73,140.59287671232877,4955,0.0958904109589041,137,10,0,0.13479623824451412,1
16169,1822.97,4,455.7425,1325,0.0,71,15,3,0.1411764705882353,0
16170,6813.67,25,272.5468,6031,0.2,254,13,3,0.12831858407079647,1
16171,73.2,1,73.2,24,0.0,3,14,1,0.0,0
16172,1884.55,8,235.56875,1419,0.0,81,13,0,0.11504424778761062,1
16173,1406.57,7,200.9385714285714,571,0.14285714285714285,70,10,4,0.06896551724137931,0
16174,2246.75,7,320.9642857142857,1431,0.0,28,9,3,0.09230769230769231,0
16175,1836.44,7,262.34857142857146,932,0.0,59,14,1,0.12244897959183673,0
16176,1964.04,7,280.57714285714286,913,0.42857142857142855,53,13,3,0.08641975308641975,0
16177,2141.61,12,178.4675,1001,0.3333333333333333,79,13,3,0.15625,1
16178,612.6,2,306.3,304,0.0,24,14,2,0.08,1
16179,215.83,1,215.83,99,0.0,11,9,0,0.0,0
16180,16170.27,16,1010.641875,9785,0.1875,173,11,2,0.11527377521613832,1
16181,305.54,1,305.54,152,0.0,11,13,1,0.0,0
16182,9971.65,9,1107.961111111111,5887,0.0,20,9,2,0.11764705882352941,1
16183,1077.81,4,269.4525,351,0.0,32,14,3,0.07317073170731707,0
16184,1155.54,7,165.07714285714286,560,0.14285714285714285,26,13,4,0.13043478260869565,0
16185,644.72,3,214.90666666666667,321,0.0,39,11,3,0.1,0
16186,8676.23,30,289.2076666666666,6566,0.13333333333333333,172,12,1,0.115234375,1
16187,6841.24,17,402.4258823529412,5004,0.11764705882352941,160,9,3,0.11447811447811448,1
16188,1077.71,6,179.61833333333334,837,0.16666666666666666,72,10,2,0.10666666666666667,0
16189,215.48,2,107.74,134,0.0,9,15,3,0.2727272727272727,0
16190,2723.55,8,340.44375,1231,0.0,89,12,0,0.09243697478991597,0
16191,15116.52,40,377.913,9130,0.4,115,12,4,0.11811023622047244,1
16192,351.3,1,351.3,208,0.0,11,12,4,0.0,0
16193,630.43,2,315.215,379,0.0,38,10,0,0.10526315789473684,0
16194,308.59999999999997,1,308.59999999999997,140,0.0,8,13,0,0.125,0
16195,323.25,1,323.25,123,0.0,16,14,2,0.1875,1
16196,93.3,1,93.3,26,0.0,4,11,6,0.25,1
16197,2016.71,9,224.07888888888888,1420,0.0,52,15,0,0.13978494623655913,0
16198,1030.0410000000002,2,515.0205000000001,384,0.0,31,13,1,0.12121212121212122,1
16199,942.75,7,134.67857142857142,321,0.0,2,18,2,0.2,1
16200,5421.85,13,417.06538461538463,2838,0.07692307692307693,362,15,2,0.1232876712328767,1
16201,2070.17,6,345.02833333333336,1402,0.16666666666666666,86,15,1,0.0859375,0
16202,2467.04,11,224.27636363636364,1282,0.18181818181818182,105,10,2,0.1349206349206349,0
16203,940.09,7,134.29857142857142,536,0.14285714285714285,56,13,3,0.1044776119402985,1
16204,891.26,4,222.815,654,0.25,86,13,2,0.12371134020618557,0
16205,1752.41,7,250.34428571428572,1402,0.0,147,12,0,0.11518324607329843,0
16206,2579.52,14,184.25142857142856,1374,0.07142857142857142,188,11,6,0.1087866108786611,1
16207,394.38,1,394.38,140,0.0,19,13,0,0.05263157894736842,0
16208,3409.75,10,340.975,1525,0.0,180,14,2,0.096,0
16209,4146.78,9,460.75333333333333,1895,0.0,51,11,0,0.1044776119402985,0
16210,33565.52,37,907.1762162162162,12366,0.05405405405405406,146,12,3,0.12355212355212356,1
16211,1086.34,4,271.585,518,0.25,35,12,0,0.02702702702702703,1
16212,1284.56,5,256.912,568,0.2,71,12,1,0.0875,0
16213,159.0,1,159.0,48,0.0,6,10,3,0.16666666666666666,0
16214,2038.25,4,509.5625,1308,0.0,84,13,3,0.04081632653061224,0
16215,242.35,1,242.35,104,0.0,14,10,1,0.07142857142857142,1
16216,914.9300000000001,1,914.9300000000001,254,0.0,37,15,3,0.10810810810810811,0
16217,259.39000000000004,4,64.84750000000001,76,0.5,14,15,2,0.0,0
16218,3872.3,19,203.80526315789476,2754,0.3157894736842105,82,11,2,0.1518987341772152,0
16219,40.8,1,40.8,48,0.0,1,11,1,0.0,0
16220,-10.17,1,-10.17,-3,1.0,1,13,4,1.0,1
16221,1999.77,10,199.977,1438,0.1,177,13,1,0.1452991452991453,0
16222,1262.0,2,631.0,458,0.0,133,13,1,0.11188811188811189,1
16223,1085.1,2,542.55,640,0.0,101,12,1,0.19672131147540983,0
16224,1616.54,5,323.308,1555,0.0,107,14,3,0.10344827586206896,0
16225,2794.65,18,155.25833333333333,1265,0.16666666666666666,189,12,0,0.09302325581395349,0
16226,672.1700000000001,5,134.43400000000003,521,0.0,23,11,4,0.0967741935483871,0
16227,948.82,6,158.13666666666668,382,0.5,28,14,0,0.14634146341463414,0
16228,877.3100000000001,4,219.32750000000001,553,0.25,45,18,3,0.09259259259259259,1
16229,2835.36,7,405.0514285714286,1286,0.14285714285714285,148,12,1,0.08333333333333333,1
16230,542.03,2,271.015,365,0.0,32,15,1,0.14285714285714285,0
16231,1063.77,4,265.9425,557,0.0,69,17,0,0.1134020618556701,0
16232,2692.02,10,269.202,1836,0.3,60,14,4,0.10185185185185185,0
16233,1671.31,12,139.27583333333334,665,0.25,50,10,3,0.11392405063291139,0
16234,312.78,4,78.195,162,0.25,13,10,4,0.0,0
16235,1990.6100000000001,11,180.96454545454546,780,0.18181818181818182,80,12,3,0.08196721311475409,0
16236,432.2,1,432.2,184,0.0,20,14,3,0.1,0
16237,136.65,1,136.65,57,0.0,7,17,1,0.0,0
16238,63.66,1,63.66,85,0.0,6,12,2,0.0,0
16239,1450.9,7,207.27142857142857,682,0.14285714285714285,24,9,4,0.1891891891891892,0
16240,3693.81,5,738.762,1634,0.6,127,13,4,0.15492957746478872,0
16241,3930.95,16,245.684375,2225,0.0,500,11,2,0.10105263157894737,0
16242,7242.09,18,402.33833333333337,3846,0.2222222222222222,348,15,0,0.13050075872534142,0
16243,409.1,2,204.55,110,0.0,49,12,6,0.1568627450980392,1
16244,1522.75,2,761.375,855,0.0,88,11,3,0.08791208791208792,1
16245,1352.3600000000001,5,270.47200000000004,1008,0.4,80,9,2,0.0967741935483871,0
16246,799.9,2,399.95,321,0.0,79,12,0,0.14285714285714285,0
16247,114.56,1,114.56,182,0.0,16,14,2,0.125,0
16248,152.94,1,152.94,78,0.0,7,11,6,0.14285714285714285,0
16249,1800.07,5,360.014,950,0.0,67,13,3,0.17391304347826086,0
16250,565.24,3,188.41333333333333,268,0.0,29,9,2,0.22857142857142856,0
16251,128.31,1,128.31,44,0.0,20,14,3,0.1,0
16252,2.6645352591003757e-15,2,1.3322676295501878e-15,0,0.5,21,11,0,0.14285714285714285,0
16253,7169.08,9,796.5644444444445,5877,0.2222222222222222,220,9,1,0.1206896551724138,0
16254,967.44,3,322.48,543,0.0,65,13,4,0.0945945945945946,1
16255,4435.74,19,233.45999999999998,2830,0.21052631578947367,231,12,6,0.13725490196078433,1
16256,1609.57,4,402.3925,1586,0.25,27,12,4,0.13333333333333333,0
16257,46.95,1,46.95,2,0.0,2,10,3,0.5,0
16258,11833.52,16,739.595,7180,0.0625,254,14,1,0.10144927536231885,0
16259,330.42,3,110.14,136,0.0,75,14,0,0.15,1
16260,1035.45,1,1035.45,311,0.0,18,9,3,0.1111111111111111,1
16261,1032.13,6,172.02166666666668,444,0.0,118,19,3,0.11320754716981132,0
16262,677.78,3,225.92666666666665,429,0.6666666666666666,47,13,4,0.1,0
16263,280.81,1,280.81,154,0.0,19,14,1,0.15789473684210525,0
16264,823.53,2,411.765,616,0.0,62,16,6,0.19047619047619047,1
16265,6893.62,15,459.57466666666664,3189,0.2,192,12,4,0.1,0
16266,1750.7,14,125.05,786,0.0,73,12,1,0.10185185185185185,0
16267,186.66,1,186.66,198,0.0,7,14,1,0.14285714285714285,1
16268,667.65,2,333.825,533,0.0,45,18,3,0.06666666666666667,0
16269,714.59,2,357.295,577,0.5,53,11,1,0.18518518518518517,1
16270,1141.24,1,1141.24,688,0.0,54,14,1,0.1111111111111111,1
16271,3267.29,11,297.0263636363636,2283,0.09090909090909091,176,12,3,0.07342657342657342,0
16272,411.7,1,411.7,224,0.0,25,10,0,0.08,1
16273,318.34000000000003,2,159.17000000000002,40,0.0,15,16,6,0.13333333333333333,1
16274,332.8,1,332.8,152,0.0,64,15,2,0.140625,0
16275,2151.11,3,717.0366666666667,1268,0.0,105,11,6,0.14414414414414414,0
16276,2629.3900000000003,3,876.4633333333335,1467,0.0,20,12,6,0.07692307692307693,0
16277,188.69,1,188.69,33,0.0,23,11,6,0.13043478260869565,0
16278,1056.59,7,150.94142857142856,327,0.5714285714285714,50,17,2,0.2,1
16279,5671.86,10,567.1859999999999,3673,0.1,243,11,3,0.12607449856733524,0
16280,238.05,1,238.05,101,0.0,16,15,0,0.1875,1
16281,3416.52,4,854.13,1568,0.25,27,14,1,0.125,0
16282,1307.58,3,435.85999999999996,790,0.0,31,11,0,0.06060606060606061,1
16283,4091.91,12,340.9925,2781,0.3333333333333333,387,16,6,0.09947643979057591,1
16284,954.42,3,318.14,650,0.0,108,13,3,0.16535433070866143,0
16285,176.9,1,176.9,60,0.0,31,16,2,0.12903225806451613,1
16286,263.65,4,65.9125,87,0.5,17,9,4,0.10526315789473684,0
16287,1006.98,5,201.39600000000002,1426,0.0,18,9,2,0.16666666666666666,0
16288,129.85,1,129.85,19,0.0,7,14,3,0.0,0
16289,98.81,2,49.405,87,0.5,21,14,4,0.18181818181818182,0
16290,1902.15,4,475.5375,932,0.0,85,11,6,0.13934426229508196,1
16291,117.72,1,117.72,1,0.0,1,16,1,0.0,0
16292,1171.46,9,130.16222222222223,680,0.4444444444444444,51,13,2,0.029850746268656716,1
16293,4253.45,19,223.8657894736842,1824,0.21052631578947367,168,10,4,0.12173913043478261,0
16294,126.05000000000001,1,126.05000000000001,54,0.0,8,12,4,0.25,0
16295,1328.55,4,332.1375,841,0.0,70,13,2,0.06329113924050633,0
16296,1245.97,6,207.66166666666666,632,0.3333333333333333,57,12,1,0.024096385542168676,0
16297,275.4,4,68.85,180,0.75,21,8,2,0.21739130434782608,1
16298,1080.0,9,120.0,306,0.2222222222222222,32,9,3,0.14285714285714285,0
16299,178.65,2,89.325,103,0.5,12,17,3,0.23076923076923078,1
16300,1335.64,3,445.21333333333337,617,0.0,190,12,1,0.12121212121212122,1
16301,107.33,1,107.33,41,0.0,6,10,3,0.0,1
16302,212.82,2,106.41,134,0.5,11,9,4,0.0,1
16303,7823.72,9,869.3022222222222,3816,0.2222222222222222,156,11,0,0.09897610921501707,0
16304,381.66,1,381.66,228,0.0,25,8,3,0.12,0
16305,361.21999999999997,1,361.21999999999997,256,0.0,22,12,6,0.045454545454545456,0
16306,1094.72,10,109.47200000000001,696,0.3,55,9,4,0.08571428571428572,0
16307,1194.92,3,398.3066666666667,1123,0.0,69,14,1,0.17333333333333334,0
16308,5120.0,7,731.4285714285714,16000,0.0,1,11,2,0.2857142857142857,0
16309,686.67,3,228.89,465,0.3333333333333333,39,11,2,0.09090909090909091,1
16310,460.08,2,230.04,270,0.0,26,14,3,0.14285714285714285,1
16311,616.26,2,308.13,394,0.0,35,13,4,0.10810810810810811,0
16312,171.15,1,171.15,53,0.0,10,14,6,0.2,0
16313,274.15000000000003,2,137.07500000000002,165,0.0,16,9,4,0.125,0
16314,1491.4,3,497.1333333333334,636,0.0,58,12,1,0.14516129032258066,0
16315,402.71,2,201.355,143,0.0,21,11,3,0.17391304347826086,0
16316,5533.31,19,291.2268421052632,3034,0.3157894736842105,193,14,1,0.10855263157894737,0
16317,2179.76,6,363.29333333333335,1235,0.16666666666666666,103,14,1,0.11016949152542373,1
16318,328.15,1,328.15,199,0.0,19,13,4,0.15789473684210525,0
16319,404.40000000000003,1,404.40000000000003,72,0.0,3,11,4,0.0,1
16320,4428.849999999999,8,553.6062499999999,3306,0.25,194,13,1,0.1440329218106996,0
16321,265.5,10,26.55,102,0.3,15,10,1,0.19444444444444445,0
16322,321.3,2,160.65,226,0.0,28,14,3,0.2,0
16323,353.66,2,176.83,146,0.0,4,9,1,0.25,0
16324,398.92,3,132.97333333333333,265,0.0,100,12,2,0.12037037037037036,0
16325,3463.84,17,203.75529411764705,2417,0.29411764705882354,105,9,3,0.14482758620689656,0
16326,4443.18,26,170.89153846153846,1032,0.07692307692307693,243,11,6,0.14442013129102846,1
16327,10057.87,20,502.8935,8018,0.2,289,13,0,0.11604095563139932,0
16328,310.83,1,310.83,141,0.0,16,14,1,0.0625,0
16329,1477.87,4,369.4675,744,0.0,83,14,2,0.14285714285714285,1
16330,580.98,8,72.6225,316,0.125,105,12,0,0.13793103448275862,0
16331,2037.7,6,339.6166666666667,756,0.0,33,10,6,0.029411764705882353,0
16332,1961.5,13,150.8846153846154,1075,0.15384615384615385,158,14,0,0.12755102040816327,0
16333,26626.8,22,1210.3090909090909,32184,0.0,9,12,4,0.15555555555555556,0
16334,263.73,1,263.73,206,0.0,54,16,2,0.1111111111111111,0
16335,2717.77,8,339.72125,992,0.125,193,11,6,0.12359550561797752,1
16336,3517.69,4,879.4225,1473,0.0,64,8,3,0.11764705882352941,0
16337,151.05,1,151.05,87,0.0,10,10,3,0.1,0
16338,214.79999999999998,1,214.79999999999998,94,0.0,11,13,1,0.18181818181818182,0
16339,91.15,1,91.15,19,0.0,17,13,0,0.17647058823529413,0
16340,1313.24,3,437.74666666666667,1112,0.0,277,14,6,0.10457516339869281,0
16341,3832.29,10,383.229,3006,0.3,103,14,2,0.10650887573964497,1
16342,322.41,4,80.6025,157,0.0,10,10,0,0.06666666666666667,0
16343,529.76,3,176.58666666666667,307,0.0,54,17,2,0.13432835820895522,1
16344,777.02,4,194.255,694,0.0,43,11,6,0.13333333333333333,1
16345,1143.85,2,571.925,591,0.0,95,17,4,0.11650485436893204,1
16346,224.51,1,224.51,289,0.0,15,15,4,0.4,0
16347,3241.0,13,249.30769230769232,1650,0.15384615384615385,210,11,3,0.1419939577039275,0
16348,1718.65,8,214.83125,1131,0.0,180,15,2,0.09205020920502092,1
16349,53.5,1,53.5,9,0.0,9,12,1,0.2222222222222222,0
16350,2222.49,12,185.20749999999998,1072,0.25,72,9,3,0.07874015748031496,0
16351,3279.13,18,182.17388888888888,2121,0.2777777777777778,124,14,3,0.1111111111111111,1
16352,494.44,2,247.22,300,0.0,28,8,1,0.10714285714285714,0
16353,9781.93,41,238.58365853658538,3478,0.07317073170731707,78,10,0,0.11363636363636363,1
16354,1079.26,5,215.852,576,0.0,116,12,1,0.1925925925925926,1
16355,344.13,2,172.065,142,0.5,47,14,0,0.08163265306122448,1
16356,388.02000000000004,7,55.431428571428576,173,0.14285714285714285,27,11,6,0.1206896551724138,0
16357,868.37,4,217.0925,389,0.0,43,16,6,0.0851063829787234,0
16358,2917.1,6,486.18333333333334,2064,0.16666666666666666,118,15,2,0.12258064516129032,0
16359,2379.4,20,118.97,1731,0.2,78,12,6,0.13846153846153847,0
16360,3158.06,8,394.7575,1937,0.25,365,12,1,0.13043478260869565,1
16361,876.52,4,219.13,411,0.0,87,13,3,0.22,1
16362,804.17,11,73.10636363636364,432,0.45454545454545453,67,14,4,0.09183673469387756,0
16363,109.36000000000001,1,109.36000000000001,52,0.0,5,14,0,0.0,1
16364,705.79,2,352.895,279,0.0,48,14,0,0.17307692307692307,1
16365,3156.94,16,197.30875,1018,0.0625,97,17,1,0.096,1
16366,1548.1299999999999,4,387.03249999999997,882,0.0,74,13,3,0.10256410256410256,0
16367,1263.48,3,421.16,1061,0.0,196,13,6,0.08837209302325581,0
16368,554.87,3,184.95666666666668,270,0.0,74,13,2,0.10975609756097561,1
16369,2654.86,7,379.2657142857143,1587,0.0,115,16,0,0.13690476190476192,0
16370,1263.6,4,315.9,622,0.0,143,12,6,0.14018691588785046,0
16371,157.2,1,157.2,108,0.0,11,12,4,0.2727272727272727,0
16372,1184.89,6,197.48166666666668,655,0.16666666666666666,271,12,1,0.10666666666666667,0
16373,294.49,2,147.245,115,0.0,25,13,6,0.21428571428571427,1
16374,1693.61,5,338.722,756,0.0,276,13,1,0.08504398826979472,0
16375,104.0,2,52.0,74,0.0,11,14,3,0.23076923076923078,1
16376,899.46,3,299.82,641,0.3333333333333333,104,16,1,0.11504424778761062,0
16377,1308.48,2,654.24,2928,0.0,6,10,3,0.1,0
16378,362.95,3,120.98333333333333,267,0.0,22,10,2,0.08695652173913043,0
16379,2131.9,5,426.38,1408,0.2,87,14,2,0.09174311926605505,0
16380,1626.99,1,1626.99,1236,0.0,28,15,6,0.10714285714285714,0
16381,246.15,2,123.075,106,0.0,60,13,6,0.15,0
16382,353.1,2,176.55,167,0.0,42,16,2,0.09090909090909091,1
16383,2661.02,9,295.6688888888889,1489,0.2222222222222222,239,13,3,0.13008130081300814,0
16384,1358.95,4,339.7375,861,0.0,80,12,2,0.13580246913580246,0
16385,881.35,5,176.27,476,0.0,94,13,0,0.09649122807017543,1
16386,1024.16,3,341.3866666666667,682,0.0,127,12,4,0.1297709923664122,1
16387,868.95,5,173.79000000000002,438,0.0,68,12,6,0.0625,0
16388,186.05,1,186.05,83,0.0,13,10,2,0.15384615384615385,0
16389,1362.27,5,272.454,1230,0.2,33,15,0,0.11428571428571428,0
16390,467.5,3,155.83333333333334,122,0.0,16,15,4,0.047619047619047616,1
16391,1016.61,4,254.1525,692,0.0,261,12,3,0.136986301369863,0
16392,735.45,3,245.15,572,0.0,125,11,4,0.09929078014184398,0
16393,5019.36,30,167.31199999999998,2863,0.23333333333333334,313,12,1,0.10146862483311081,0
16394,1412.06,9,156.89555555555555,2317,0.4444444444444444,61,14,2,0.15,1
16395,3353.43,17,197.2605882352941,2828,0.17647058823529413,419,12,3,0.12337662337662338,1
16396,102.69999999999999,3,34.23333333333333,46,0.6666666666666666,8,14,4,0.0,0
16397,123.13,1,123.13,43,0.0,9,15,6,0.1111111111111111,1
16398,1631.15,4,407.7875,745,0.5,75,9,3,0.06976744186046512,0
16399,610.06,3,203.35333333333332,356,0.0,97,16,0,0.1559633027522936,0
16400,3022.52,9,335.8355555555556,2045,0.0,214,12,0,0.12549019607843137,0
16401,6605.5199999999995,39,169.3723076923077,5879,0.41025641025641024,110,12,6,0.10263157894736842,0
16402,290.5,2,145.25,145,0.0,55,13,6,0.17857142857142858,0
16403,161.04999999999998,2,80.52499999999999,103,0.5,10,13,0,0.26666666666666666,0
16404,430.3,2,215.15,156,0.5,24,14,4,0.125,0
16405,167.25,2,83.625,187,0.0,3,17,2,0.4,1
16406,482.72,4,120.68,220,0.25,137,11,2,0.1597222222222222,1
16407,2711.25,14,193.66071428571428,1416,0.0,120,14,6,0.07692307692307693,0
16408,231.93,1,231.93,227,0.0,45,14,1,0.13333333333333333,0
16409,5564.49,12,463.7075,3612,0.0,335,14,6,0.12105263157894737,0
16410,130.32,1,130.32,348,0.0,5,14,5,0.0,1
16411,745.88,4,186.47,454,0.0,139,15,3,0.14606741573033707,0
16412,552.44,5,110.48800000000001,267,0.0,84,11,3,0.07272727272727272,1
16413,486.03,2,243.015,271,0.0,55,12,0,0.14516129032258066,0
16414,542.36,5,108.47200000000001,198,0.0,58,12,0,0.08064516129032258,0
16415,663.57,3,221.19000000000003,480,0.0,120,11,2,0.09701492537313433,1
16416,2891.22,10,289.12199999999996,2158,0.1,147,13,6,0.12568306010928962,1
16417,35.7,1,35.7,6,0.0,1,9,2,0.0,0
16418,999.87,5,199.974,545,0.0,121,12,2,0.17006802721088435,0
16419,1435.95,9,159.55,688,0.1111111111111111,62,12,1,0.06741573033707865,0
16420,75.0,1,75.0,120,0.0,2,15,0,0.0,0
16421,526.27,3,175.42333333333332,123,0.0,35,12,4,0.18421052631578946,0
16422,59493.94,146,407.4927397260274,60945,0.2534246575342466,114,11,2,0.09973045822102426,0
16423,346.12,1,346.12,230,0.0,18,9,1,0.1111111111111111,0
16424,392.06,3,130.68666666666667,206,0.3333333333333333,10,11,0,0.14285714285714285,0
16425,302.7,1,302.7,199,0.0,21,14,3,0.047619047619047616,0
16426,1824.71,10,182.471,1193,0.0,211,12,4,0.1416184971098266,0
16427,241.06,2,120.53,156,0.0,8,17,0,0.2222222222222222,0
16428,605.54,4,151.385,550,0.25,122,12,4,0.12598425196850394,1
16429,284.55,1,284.55,9,0.0,2,13,3,0.0,1
16430,1117.94,7,159.7057142857143,307,0.0,19,14,3,0.03571428571428571,0
16431,570.14,3,190.04666666666665,383,0.0,51,14,1,0.12307692307692308,0
16432,287.4,1,287.4,276,0.0,8,13,3,0.5,0
16433,384.52,2,192.26,214,0.0,33,12,2,0.029411764705882353,0
16434,2643.54,13,203.34923076923076,1297,0.07692307692307693,126,12,6,0.1005586592178771,0
16435,1000.5699999999999,3,333.5233333333333,606,0.0,119,12,3,0.12903225806451613,0
16436,231.84,4,57.96,205,0.25,39,13,1,0.11904761904761904,0
16437,301.25,2,150.625,197,0.0,17,16,1,0.14285714285714285,0
16438,795.85,5,159.17000000000002,461,0.0,74,19,6,0.16030534351145037,0
16439,310.70000000000005,1,310.70000000000005,74,0.0,9,14,3,0.1111111111111111,0
16440,3838.7200000000003,6,639.7866666666667,2095,0.0,202,12,4,0.09868421052631579,0
16441,994.33,6,165.72166666666666,470,0.16666666666666666,68,12,0,0.13095238095238096,0
16442,882.1,5,176.42000000000002,571,0.0,226,11,1,0.11885245901639344,0
16443,162.24,1,162.24,96,0.0,1,11,2,0.0,0
16444,3514.4,20,175.72,1915,0.15,218,12,6,0.12771739130434784,0
16445,572.86,4,143.215,281,0.0,143,12,6,0.07909604519774012,0
16446,-6.100000000005821,4,-1.5250000000014552,0,0.5,4,9,2,0.0,0
16447,712.12,3,237.37333333333333,313,0.0,59,12,2,0.04477611940298507,0
16448,361.12,2,180.56,176,0.0,45,16,2,0.16,0
16449,674.69,3,224.89666666666668,359,0.3333333333333333,40,12,4,0.09302325581395349,0
16450,1475.73,4,368.9325,657,0.25,37,13,1,0.06818181818181818,0
16451,1009.4,4,252.35,521,0.25,61,17,3,0.12121212121212122,0
16452,332.17,2,166.085,199,0.0,14,12,4,0.16666666666666666,0
16453,251.71,2,125.855,139,0.0,15,13,2,0.13333333333333333,0
16454,1.9000000000000004,8,0.23750000000000004,5,0.5,5,16,0,0.125,0
16455,3900.12,13,300.0092307692308,2804,0.15384615384615385,111,16,1,0.08737864077669903,0
16456,5294.46,14,378.17571428571426,3273,0.07142857142857142,227,11,6,0.11398963730569948,0
16457,208.36,1,208.36,140,0.0,9,13,3,0.1111111111111111,0
16458,5682.39,30,189.413,3385,0.0,91,12,0,0.11842105263157894,0
16459,71.78999999999999,1,71.78999999999999,59,0.0,5,12,3,0.0,0
16460,808.73,3,269.57666666666665,873,0.0,128,12,2,0.10077519379844961,1
16461,1503.83,3,501.27666666666664,915,0.0,223,13,2,0.10975609756097561,0
16462,102.0,4,25.5,12,0.25,1,8,1,0.25,0
16463,1383.7,7,197.67142857142858,1135,0.42857142857142855,74,14,4,0.09411764705882353,0
16464,1229.96,3,409.9866666666667,914,0.0,152,13,2,0.1004566210045662,1
16465,726.34,3,242.11333333333334,502,0.3333333333333333,45,10,1,0.12244897959183673,0
16466,3501.84,16,218.865,1692,0.0625,207,12,6,0.14106583072100312,0
16467,2862.4,8,357.8,7380,0.125,14,10,2,0.08,0
16468,787.52,3,262.50666666666666,371,0.0,38,16,3,0.06666666666666667,1
16469,789.6,5,157.92000000000002,322,0.0,167,13,1,0.12698412698412698,0
16470,2313.88,12,192.82333333333335,1243,0.08333333333333333,286,12,0,0.14157303370786517,0
16471,1186.18,6,197.6966666666667,666,0.3333333333333333,48,11,3,0.078125,0
16472,789.6,2,394.8,252,0.0,39,11,2,0.1282051282051282,0
16473,469.58,5,93.916,295,0.2,26,16,1,0.10344827586206896,0
16474,1646.91,11,149.7190909090909,819,0.36363636363636365,237,14,1,0.134375,0
16475,544.3,4,136.075,319,0.0,23,9,4,0.21428571428571427,0
16476,337.0,3,112.33333333333333,182,0.6666666666666666,24,10,0,0.19230769230769232,0
16477,4094.37,11,372.2154545454545,2507,0.0,177,9,0,0.11382113821138211,0
16478,331.0,3,110.33333333333333,224,0.0,15,12,2,0.058823529411764705,0
16479,300.83,2,150.415,102,0.0,35,13,1,0.11428571428571428,0
16480,766.85,1,766.85,451,0.0,51,11,6,0.058823529411764705,0
16481,428.23,3,142.74333333333334,185,0.6666666666666666,17,13,1,0.1,1
16482,220.62,1,220.62,346,0.0,18,12,3,0.0,1
16483,139.35,1,139.35,44,0.0,19,13,1,0.15789473684210525,0
16484,379.4,3,126.46666666666665,194,0.3333333333333333,25,10,3,0.2692307692307692,0
16485,2124.2400000000002,7,303.46285714285716,1119,0.2857142857142857,128,15,6,0.10526315789473684,0
16486,134.36,1,134.36,24,0.0,7,12,6,0.14285714285714285,0
16487,209.4,2,104.7,163,0.0,28,13,1,0.17142857142857143,0
16488,492.2,4,123.05,724,0.25,28,9,2,0.03225806451612903,0
16489,303.7,2,151.85,38,0.0,4,15,2,0.0,1
16490,179.16000000000003,2,89.58000000000001,106,0.5,13,16,2,0.0625,0
16491,1524.31,3,508.1033333333333,1057,0.3333333333333333,86,15,4,0.14772727272727273,1
16492,385.56,1,385.56,235,0.0,23,8,3,0.13043478260869565,0
16493,2107.17,9,234.13,1936,0.2222222222222222,77,13,4,0.11206896551724138,0
16494,809.28,1,809.28,668,0.0,47,12,2,0.0851063829787234,0
16495,566.71,3,188.90333333333334,313,0.0,78,13,1,0.07317073170731707,1
16496,2293.47,7,327.6385714285714,1744,0.14285714285714285,120,10,3,0.11428571428571428,0
16497,6695.28,23,291.0991304347826,3050,0.0,239,10,4,0.08902077151335312,0
16498,86.12,3,28.706666666666667,42,0.3333333333333333,15,19,3,0.125,0
16499,2509.64,13,193.04923076923075,1354,0.38461538461538464,104,9,4,0.12,1
16500,835.96,10,83.596,385,0.1,24,14,0,0.11428571428571428,0
16501,1032.46,1,1032.46,549,0.0,181,14,6,0.06077348066298342,0
16502,258.55,2,129.275,220,0.0,41,13,0,0.17073170731707318,0
16503,3597.89,13,276.7607692307692,1532,0.15384615384615385,161,15,1,0.10648148148148148,1
16504,449.31,1,449.31,481,0.0,76,15,0,0.09210526315789473,0
16505,777.6,1,777.6,576,0.0,4,12,1,0.5,0
16506,90.30000000000001,2,45.150000000000006,42,0.0,3,15,6,0.0,0
16507,141.85999999999999,1,141.85999999999999,110,0.0,37,12,6,0.10810810810810811,0
16508,236.0,1,236.0,102,0.0,42,13,4,0.023809523809523808,1
16509,363.7,1,363.7,64,0.0,13,9,2,0.15384615384615385,1
16510,1769.7,6,294.95,918,0.0,94,12,6,0.10810810810810811,0
16511,1695.14,6,282.52333333333337,735,0.0,235,10,4,0.11149825783972125,1
16512,-33.9,1,-33.9,-2,1.0,1,14,4,0.0,0
16513,874.59,4,218.6475,407,0.0,33,13,6,0.08571428571428572,1
16514,-134.86,1,-134.86,-1,1.0,1,13,4,1.0,0
16515,3132.81,10,313.281,1546,0.0,184,11,3,0.1222707423580786,0
16516,101.69999999999999,1,101.69999999999999,58,0.0,6,14,2,0.16666666666666666,1
16517,162.7,1,162.7,96,0.0,17,13,0,0.0,0
16518,938.27,6,156.37833333333333,516,0.3333333333333333,61,15,6,0.09859154929577464,1
16519,439.06,4,109.765,150,0.0,32,13,0,0.05555555555555555,0
16520,2129.18,8,266.1475,1041,0.25,252,16,3,0.10198300283286119,1
16521,1127.93,3,375.9766666666667,989,0.0,212,13,2,0.08936170212765958,1
16522,433.36,2,216.68,212,0.0,16,10,3,0.2777777777777778,0
16523,11760.54,39,301.5523076923077,4942,0.28205128205128205,181,13,3,0.16666666666666666,0
16524,306.19,2,153.095,259,0.0,50,13,6,0.09433962264150944,1
16525,22919.4,54,424.43333333333334,13492,0.1111111111111111,115,12,2,0.11497326203208556,0
16526,717.21,2,358.605,279,0.0,30,16,1,0.02857142857142857,0
16527,1224.99,2,612.495,707,0.0,66,13,0,0.08333333333333333,0
16528,244.41,1,244.41,171,0.0,17,12,1,0.29411764705882354,0
16529,1986.8,4,496.7,739,0.0,87,12,3,0.125,0
16530,48.349999999999994,1,48.349999999999994,17,0.0,3,15,1,0.0,0
16531,2263.58,12,188.63166666666666,1858,0.08333333333333333,109,13,4,0.10714285714285714,0
16532,8756.64,5,1751.328,2544,0.0,2,10,2,0.0,1
16533,1009.72,5,201.94400000000002,508,0.4,112,13,6,0.0898876404494382,0
16534,635.9,1,635.9,168,0.0,36,15,6,0.08333333333333333,0
16535,925.24,3,308.41333333333336,620,0.0,67,13,4,0.13432835820895522,0
16536,480.42,2,240.21,230,0.5,49,15,6,0.08,1
16537,18.55,1,18.55,35,0.0,3,13,0,0.0,0
16538,305.73,3,101.91000000000001,200,0.0,35,16,4,0.1282051282051282,1
16539,3289.66,10,328.966,1014,0.0,83,15,3,0.09923664122137404,1
16540,196.05,1,196.05,95,0.0,25,17,3,0.2,0
16541,419.78,2,209.89,172,0.5,39,13,4,0.1282051282051282,0
16542,257.32,2,128.66,142,0.0,13,14,2,0.0,0
16543,277.80999999999995,2,138.90499999999997,303,0.5,18,11,1,0.25,0
16544,91.55,6,15.258333333333333,49,0.3333333333333333,8,11,3,0.07692307692307693,0
16545,689.82,2,344.91,322,0.0,6,10,0,0.125,0
16546,4421.04,7,631.5771428571428,3358,0.2857142857142857,75,15,3,0.09473684210526316,1
16547,104.25999999999999,1,104.25999999999999,108,0.0,25,13,4,0.12,1
16548,30.15,1,30.15,6,0.0,6,16,0,0.0,0
16549,11994.29,37,324.17,6646,0.08108108108108109,837,15,6,0.11293074036165131,0
16550,8519.17,29,293.7644827586207,5333,0.3793103448275862,274,11,1,0.1,0
16551,2237.12,7,319.5885714285714,2076,0.0,67,12,0,0.09090909090909091,0
16552,379.73,2,189.865,219,0.0,17,10,0,0.0,1
16553,16500.12,36,458.33666666666664,16403,0.08333333333333333,195,13,0,0.11148648648648649,1
16554,2407.17,18,133.73166666666668,1169,0.5555555555555556,109,14,3,0.09345794392523364,0
16555,285.89,10,28.589,175,0.4,59,13,0,0.08695652173913043,1
16556,7610.2300000000005,24,317.09291666666667,4329,0.2916666666666667,282,14,2,0.114,0
16557,281.85,2,140.925,111,0.0,11,13,0,0.09090909090909091,0
16558,13145.81,47,279.69808510638296,7755,0.19148936170212766,383,13,4,0.12371134020618557,0
16559,175.0,1,175.0,61,0.0,17,13,6,0.058823529411764705,0
16560,3010.73,10,301.073,1600,0.2,140,12,6,0.14925373134328357,0
16561,511.12,2,255.56,244,0.0,29,9,1,0.12903225806451613,0
16562,223.85999999999999,1,223.85999999999999,264,0.0,34,11,4,0.23529411764705882,1
16563,4402.36,7,628.9085714285713,2572,0.14285714285714285,55,14,3,0.06666666666666667,0
16564,87.8,1,87.8,40,0.0,5,14,2,0.4,0
16565,700.45,5,140.09,191,0.2,7,12,2,0.15384615384615385,1
16566,614.01,6,102.335,361,0.16666666666666666,14,16,3,0.10526315789473684,1
16567,865.6,2,432.8,996,0.0,34,9,4,0.08571428571428572,0
16568,1020.9000000000001,2,510.45000000000005,366,0.0,5,10,4,0.0,1
16569,1455.23,5,291.046,988,0.0,27,15,3,0.2,1
16570,6841.82,31,220.70387096774192,4140,0.3548387096774194,117,10,3,0.13026819923371646,1
16571,4025.05,17,236.76764705882354,3601,0.4117647058823529,151,9,1,0.11971830985915492,1
16572,999.7,4,249.925,530,0.25,40,12,2,0.10344827586206896,0
16573,648.41,4,162.1025,354,0.5,40,9,4,0.1956521739130435,0
16574,1301.78,3,433.9266666666667,1002,0.0,86,11,4,0.11627906976744186,0
16575,-10.49,1,-10.49,-1,1.0,1,16,1,0.0,1
16576,513.1700000000001,5,102.63400000000001,309,0.6,32,13,4,0.08333333333333333,0
16577,380.0,1,380.0,142,0.0,23,9,3,0.13043478260869565,0
16578,156.6,1,156.6,108,0.0,9,15,1,0.0,0
16579,264.45,2,132.225,107,0.5,14,11,6,0.13333333333333333,0
16580,-5.0,1,-5.0,-2,1.0,2,12,4,0.0,1
16581,70.44,2,35.22,122,0.5,9,10,4,0.09090909090909091,0
16582,313.62,1,313.62,164,0.0,6,17,3,0.0,0
16583,297.95,2,148.975,153,0.0,18,12,2,0.1111111111111111,0
16584,3077.9700000000003,7,439.71000000000004,1885,0.2857142857142857,61,10,2,0.17582417582417584,0
16585,341.59,2,170.795,151,0.0,16,10,6,0.1111111111111111,1
16586,1462.78,3,487.5933333333333,348,0.0,27,10,1,0.10714285714285714,0
16587,225.15,1,225.15,71,0.0,13,15,3,0.15384615384615385,0
16588,1361.28,4,340.32,882,0.0,64,17,3,0.14084507042253522,1
16589,612.36,4,153.09,536,0.0,39,14,3,0.022727272727272728,1
16590,563.6,3,187.86666666666667,234,0.3333333333333333,26,12,3,0.030303030303030304,0
16591,213.5,1,213.5,41,0.0,10,10,6,0.2,0
16592,7624.46,34,224.24882352941177,5424,0.17647058823529413,221,13,0,0.1367713004484305,1
16593,1043.29,9,115.9211111111111,374,0.1111111111111111,57,13,6,0.08860759493670886,1
16594,181.09,1,181.09,64,0.0,53,14,6,0.11320754716981132,0
16595,1735.46,5,347.092,1316,0.0,337,14,6,0.11060948081264109,0
16596,458.98,4,114.745,180,0.0,23,10,3,0.08333333333333333,1
16597,90.04,1,90.04,184,0.0,7,15,0,0.14285714285714285,1
16598,140.7,2,70.35,70,0.5,10,11,6,0.18181818181818182,0
16599,172.8,1,172.8,159,0.0,12,12,4,0.08333333333333333,1
16600,2093.56,16,130.8475,2395,0.1875,106,12,1,0.11920529801324503,0
16601,670.25,3,223.41666666666666,388,0.0,60,11,6,0.14925373134328357,1
16602,711.63,5,142.326,406,0.6,37,15,3,0.0851063829787234,0
16603,482.47,2,241.235,480,0.0,34,13,4,0.08823529411764706,1
16604,326.25,3,108.75,115,0.3333333333333333,10,16,3,0.13333333333333333,0
16605,60.48,1,60.48,144,0.0,1,19,1,0.0,0
16606,357.66,2,178.83,148,0.0,16,13,4,0.09090909090909091,0
16607,5375.18,29,185.35103448275862,4390,0.13793103448275862,212,12,2,0.13245033112582782,1
16608,1232.92,2,616.46,595,0.0,94,11,6,0.1206896551724138,1
16609,5450.96,9,605.6622222222222,2410,0.2222222222222222,155,13,1,0.10714285714285714,0
16610,75.66,1,75.66,66,0.0,6,13,2,0.16666666666666666,1
16611,1768.3300000000002,7,252.61857142857144,871,0.14285714285714285,86,13,0,0.18181818181818182,0
16612,3243.48,10,324.348,1418,0.1,105,8,1,0.08333333333333333,0
16613,618.59,1,618.59,293,0.0,30,15,4,0.1,0
16614,1179.79,3,393.2633333333333,349,0.0,37,11,4,0.10204081632653061,0
16615,264.5,2,132.25,207,0.5,19,15,1,0.05,1
16616,500.42,2,250.21,370,0.0,31,16,3,0.030303030303030304,0
16617,151.85,1,151.85,91,0.0,5,10,0,0.0,0
16618,2630.64,6,438.44,1362,0.16666666666666666,79,13,4,0.14432989690721648,0
16619,1916.53,5,383.306,1051,0.2,103,12,0,0.059322033898305086,0
16620,1758.93,6,293.15500000000003,1146,0.0,78,14,1,0.0851063829787234,0
16621,813.48,4,203.37,302,0.0,22,11,6,0.13793103448275862,1
16622,205.6,2,102.8,40,0.5,12,10,0,0.14285714285714285,0
16623,1002.49,5,200.498,441,0.2,44,12,0,0.11538461538461539,0
16624,791.85,2,395.925,440,0.0,44,12,1,0.14893617021276595,0
16625,1651.08,6,275.18,1056,0.16666666666666666,82,14,0,0.16,0
16626,4379.65,20,218.9825,2670,0.15,86,12,4,0.10869565217391304,0
16627,322.8,1,322.8,162,0.0,20,14,2,0.05,0
16628,2313.09,8,289.13625,1257,0.125,84,12,3,0.11811023622047244,0
16629,408.63,2,204.315,489,0.0,58,16,6,0.11666666666666667,0
16630,104.30000000000001,2,52.150000000000006,70,0.5,4,14,3,0.0,1
16631,1867.02,8,233.3775,773,0.125,46,9,1,0.07407407407407407,1
16632,406.4,2,203.2,256,0.0,22,11,2,0.1111111111111111,0
16633,2878.15,7,411.1642857142857,1137,0.14285714285714285,115,14,1,0.1437908496732026,0
16634,1198.3,10,119.83,488,0.4,72,9,3,0.11214953271028037,1
16635,473.0,1,473.0,277,0.0,25,9,4,0.12,0
16636,3802.04,4,950.51,2186,0.0,62,14,2,0.0958904109589041,0
16637,1124.59,5,224.91799999999998,891,0.2,66,11,0,0.125,0
16638,2375.88,16,148.4925,1626,0.0625,130,9,3,0.10071942446043165,1
16639,1659.85,5,331.96999999999997,744,0.2,76,13,1,0.08433734939759036,0
16640,179.4,1,179.4,146,0.0,13,10,6,0.23076923076923078,1
16641,554.5,2,277.25,454,0.0,36,12,3,0.1111111111111111,0
16642,1051.46,5,210.292,744,0.4,50,14,0,0.10526315789473684,1
16643,915.5600000000001,3,305.18666666666667,550,0.3333333333333333,48,9,2,0.1206896551724138,0
16644,833.78,2,416.89,826,0.0,62,12,2,0.08064516129032258,1
16645,160.39,1,160.39,117,0.0,14,9,4,0.07142857142857142,0
16646,675.05,2,337.525,1071,0.5,29,13,3,0.13333333333333333,1
16647,541.9,4,135.475,396,0.0,28,14,3,0.15151515151515152,1
16648,653.0,4,163.25,491,0.25,37,8,4,0.07692307692307693,1
16649,306.58000000000004,1,306.58000000000004,82,0.0,20,15,2,0.1,0
16650,1916.11,7,273.72999999999996,1511,0.0,71,14,3,0.11224489795918367,0
16651,136.2,1,136.2,60,0.0,6,11,6,0.3333333333333333,0
16652,17312.83,24,721.3679166666667,7446,0.3333333333333333,124,10,2,0.11764705882352941,0
16653,1166.92,3,388.97333333333336,723,0.3333333333333333,67,13,3,0.11842105263157894,0
16654,1477.77,9,164.19666666666666,638,0.1111111111111111,64,13,0,0.09210526315789473,1
16655,6220.78,14,444.34142857142854,3810,0.07142857142857142,409,15,6,0.1265597147950089,1
16656,16307.72,44,370.63,14987,0.3181818181818182,22,10,1,0.14012738853503184,0
16657,864.81,4,216.2025,1121,0.0,158,12,2,0.13978494623655913,1
16658,570.53,9,63.392222222222216,235,0.3333333333333333,49,16,1,0.136986301369863,0
16659,39.12,1,39.12,72,0.0,2,15,4,0.0,1
16660,1167.71,8,145.96375,703,0.125,20,14,2,0.13043478260869565,0
16661,779.96,5,155.99200000000002,272,0.2,52,11,4,0.13513513513513514,1
16662,151.05,1,151.05,35,0.0,28,16,2,0.17857142857142858,0
16663,165.0,1,165.0,100,0.0,1,13,3,0.0,0
16664,109.2,1,109.2,24,0.0,8,17,2,0.125,0
16665,135.39999999999998,1,135.39999999999998,59,0.0,9,14,6,0.0,0
16666,205.81,2,102.905,352,0.0,42,14,6,0.0425531914893617,1
16667,567.1800000000001,2,283.59000000000003,236,0.0,52,15,6,0.17307692307692307,1
16668,862.42,13,66.34,773,0.0,28,12,0,0.18867924528301888,0
16669,174.35,5,34.87,853,0.4,141,12,2,0.14193548387096774,0
16670,7786.66,33,235.95939393939395,4451,0.3939393939393939,260,12,3,0.116600790513834,0
16671,1692.27,3,564.09,875,0.0,3,11,1,0.3333333333333333,0
16672,8093.59,23,351.89521739130436,2812,0.13043478260869565,23,10,3,0.1282051282051282,0
16673,171.13,1,171.13,95,0.0,19,14,4,0.3157894736842105,1
16674,304.24,2,152.12,181,0.0,89,11,6,0.07526881720430108,1
16675,602.26,2,301.13,292,0.0,21,13,2,0.22727272727272727,0
16676,2328.5,7,332.64285714285717,922,0.14285714285714285,106,13,6,0.11029411764705882,0
16677,849.77,3,283.25666666666666,454,0.3333333333333333,45,14,6,0.10204081632653061,0
16678,3013.83,17,177.28411764705882,2368,0.29411764705882354,93,13,2,0.09411764705882353,1
16679,663.31,3,221.10333333333332,247,0.0,15,13,2,0.1111111111111111,0
16680,631.45,3,210.48333333333335,277,0.0,24,9,2,0.2962962962962963,0
16681,1921.84,7,274.5485714285714,1492,0.0,22,10,0,0.10204081632653061,0
16682,1028.0,5,205.6,1040,0.0,15,11,6,0.2,0
16683,309.35,2,154.675,188,0.5,18,10,3,0.05263157894736842,0
16684,141502.25,65,2176.9576923076925,101095,0.15384615384615385,186,10,2,0.11615487316421896,1
16685,322.68,2,161.34,392,0.0,60,13,6,0.1,0
16686,4765.36,18,264.7422222222222,3346,0.1111111111111111,549,14,6,0.12139303482587065,0
16687,157.63,1,157.63,141,0.0,8,11,6,0.125,1
16688,1260.86,4,315.215,804,0.0,52,16,3,0.14516129032258066,0
16689,303.26,3,101.08666666666666,168,0.3333333333333333,13,13,6,0.1875,0
16690,336.08,5,67.216,208,0.2,12,15,2,0.05,0
16691,178.83,2,89.415,92,0.0,11,15,6,0.18181818181818182,0
16692,1914.6999999999998,4,478.67499999999995,878,0.0,3,14,0,0.0,1
16693,1153.88,5,230.776,646,0.0,149,11,6,0.12962962962962962,0
16694,98.30000000000001,1,98.30000000000001,26,0.0,3,15,2,0.3333333333333333,0
16695,176.25,2,88.125,167,0.0,30,12,3,0.2,1
16696,657.9000000000001,4,164.47500000000002,146,0.0,7,11,1,0.3,0
16697,108.25,1,108.25,25,0.0,20,17,1,0.15,0
16698,1998.0,2,999.0,840,0.0,4,13,3,0.2,0
16699,928.24,8,116.03,604,0.125,51,13,4,0.04918032786885246,0
16700,8747.12,31,282.1651612903226,6625,0.1935483870967742,263,13,3,0.10556621880998081,0
16701,9607.03,34,282.55970588235294,10781,0.23529411764705882,154,12,0,0.16319444444444445,1
16702,1100.8799999999999,5,220.176,691,0.2,84,15,1,0.08695652173913043,0
16703,-15.0,1,-15.0,-1,1.0,1,14,1,0.0,0
16704,641.26,2,320.63,419,0.0,50,14,4,0.09803921568627451,0
16705,42653.141,61,699.2318196721312,22001,0.3114754098360656,402,13,1,0.11772853185595568,0
16706,519.45,3,173.15,247,0.0,108,15,2,0.05737704918032787,0
16707,533.41,4,133.3525,396,0.0,64,15,3,0.16923076923076924,0
16708,656.63,1,656.63,285,0.0,27,12,1,0.18518518518518517,0
16709,8990.16,14,642.1542857142857,3238,0.0,220,13,3,0.11447811447811448,0
16710,5839.93,23,253.91000000000003,4135,0.043478260869565216,541,13,6,0.10961968680089486,0
16711,2751.48,10,275.148,1186,0.1,26,14,6,0.08571428571428572,0
16712,4135.04,13,318.08,2023,0.0,301,15,0,0.1157684630738523,0
16713,13924.91,41,339.6319512195122,8451,0.21951219512195122,541,12,1,0.12137823022709475,0
16714,1142.49,7,163.21285714285713,766,0.42857142857142855,97,13,2,0.15384615384615385,0
16715,625.52,2,312.76,1174,0.0,27,18,3,0.17857142857142858,1
16716,1568.2800000000002,4,392.07000000000005,836,0.25,7,11,4,0.1111111111111111,0
16717,5987.41,20,299.3705,2824,0.3,274,12,2,0.11224489795918367,0
16718,2840.7200000000003,5,568.144,1844,0.0,123,13,6,0.08333333333333333,1
16719,3339.82,17,196.46,2322,0.17647058823529413,204,10,0,0.12436548223350254,0
16720,551.67,4,137.9175,447,0.25,130,14,6,0.06428571428571428,1
16721,292.47,1,292.47,172,0.0,37,16,1,0.13513513513513514,0
16722,8168.31,26,314.16576923076923,7973,0.15384615384615385,145,15,3,0.07329842931937172,0
16723,1119.44,4,279.86,906,0.0,108,11,2,0.13636363636363635,1
16724,147.35,1,147.35,69,0.0,17,11,6,0.23529411764705882,0
16725,1598.66,16,99.91625,674,0.125,242,16,6,0.10029498525073746,0
16726,1912.8500000000001,7,273.26428571428573,1235,0.0,150,14,6,0.12605042016806722,0
16727,1339.38,4,334.845,1032,0.0,158,14,4,0.11398963730569948,1
16728,1032.73,4,258.1825,666,0.0,218,14,6,0.1076923076923077,0
16729,6992.52,26,268.94307692307694,5673,0.19230769230769232,235,12,1,0.11280487804878049,0
16730,673.11,4,168.2775,858,0.25,75,14,1,0.16049382716049382,0
16731,163.75,1,163.75,121,0.0,40,15,0,0.075,0
16732,3966.79,9,440.75444444444446,2382,0.5555555555555556,201,13,0,0.1565217391304348,0
16733,259.68,1,259.68,112,0.0,12,10,0,0.4166666666666667,0
16734,616.06,3,205.35333333333332,333,0.0,44,15,2,0.1276595744680851,1
16735,5539.01,22,251.77318181818183,3904,0.36363636363636365,181,13,3,0.08598726114649681,0
16736,2904.51,8,363.06375,1039,0.375,116,16,3,0.10884353741496598,0
16737,835.1999999999999,2,417.59999999999997,576,0.0,1,9,0,0.0,1
16738,3.75,1,3.75,3,0.0,1,9,1,0.0,0
16739,772.23,4,193.0575,387,0.5,33,9,0,0.07142857142857142,0
16740,206.51,1,206.51,104,0.0,30,13,1,0.13333333333333333,0
16741,173.06,1,173.06,81,0.0,11,15,2,0.09090909090909091,0
16742,2123.17,15,141.54466666666667,2140,0.06666666666666667,54,10,2,0.07920792079207921,0
16743,4150.82,15,276.7213333333333,3650,0.06666666666666667,118,13,3,0.11653116531165311,0
16744,1291.52,7,184.50285714285715,797,0.0,198,12,6,0.1574468085106383,0
16745,7134.7,18,396.3722222222222,6699,0.05555555555555555,148,12,3,0.13920454545454544,0
16746,17984.49,46,390.9671739130435,11860,0.08695652173913043,390,12,6,0.11088504577822991,1
16747,826.96,4,206.74,577,0.5,34,10,0,0.06666666666666667,1
16748,3632.29,15,242.15266666666668,2115,0.06666666666666667,55,10,2,0.0963855421686747,0
16749,4127.88,2,2063.94,1886,0.0,53,13,1,0.04225352112676056,1
16750,623.93,5,124.78599999999999,214,0.0,74,17,1,0.1368421052631579,0
16751,1619.72,1,1619.72,931,0.0,24,10,2,0.16666666666666666,1
16752,207.5,1,207.5,54,0.0,9,12,3,0.1111111111111111,0
16753,223.92000000000002,1,223.92000000000002,189,0.0,34,13,2,0.14705882352941177,1
16754,54558.18,35,1558.8051428571428,54190,0.17142857142857143,39,9,0,0.09696969696969697,0
16755,2839.83,10,283.983,1972,0.3,219,14,2,0.09876543209876543,0
16756,1287.42,9,143.04666666666668,700,0.2222222222222222,64,15,6,0.0975609756097561,0
16757,270.48,2,135.24,180,0.0,13,15,1,0.2,0
16758,369.34000000000003,1,369.34000000000003,203,0.0,22,14,2,0.09090909090909091,0
16759,772.84,4,193.21,608,0.25,40,9,2,0.046511627906976744,0
16760,228.0,1,228.0,168,0.0,17,15,1,0.058823529411764705,0
16761,316.62,1,316.62,341,0.0,13,11,6,0.07692307692307693,0
16762,1207.24,3,402.41333333333336,480,0.0,51,11,6,0.1111111111111111,0
16763,947.75,3,315.9166666666667,491,0.3333333333333333,44,11,2,0.13333333333333333,0
16764,2714.91,18,150.82833333333332,1219,0.2777777777777778,209,12,4,0.11789772727272728,0
16765,454.75,2,227.375,311,0.0,52,13,0,0.17307692307692307,0
16766,1145.6,2,572.8,536,0.0,17,13,4,0.23529411764705882,0
16767,7921.4800000000005,16,495.09250000000003,7028,0.0625,209,16,2,0.11320754716981132,0
16768,1597.27,14,114.09071428571428,745,0.35714285714285715,110,10,6,0.1497005988023952,0
16769,1062.15,4,265.5375,281,0.0,76,13,3,0.16304347826086957,0
16770,1719.17,11,156.2881818181818,1021,0.18181818181818182,202,12,6,0.08358208955223881,0
16771,3908.96,10,390.896,2292,0.0,303,12,2,0.11940298507462686,1
16772,2760.1,5,552.02,558,0.4,55,13,1,0.1,0
16773,395.24,3,131.74666666666667,238,0.0,53,15,3,0.11475409836065574,1
16774,1543.18,9,171.46444444444444,764,0.1111111111111111,89,12,1,0.11627906976744186,0
16775,2736.34,17,160.96117647058824,859,0.058823529411764705,132,15,1,0.0888030888030888,1
16776,535.16,2,267.58,397,0.0,105,13,0,0.07339449541284404,0
16777,1248.04,6,208.00666666666666,459,0.16666666666666666,125,9,4,0.07142857142857142,0
16778,245.94,2,122.97,194,0.0,16,13,0,0.25,0
16779,32368.5,62,522.0725806451613,19176,0.14516129032258066,296,12,1,0.1253507951356408,0
16780,584.15,3,194.71666666666667,345,0.0,73,16,2,0.09782608695652174,0
16781,606.4,3,202.13333333333333,190,0.3333333333333333,36,13,0,0.07317073170731707,1
16782,9192.4,50,183.84799999999998,3826,0.24,575,11,6,0.10549043800123381,0
16783,391.95,1,391.95,163,0.0,25,11,2,0.08,0
16784,884.08,5,176.816,489,0.0,138,12,6,0.08974358974358974,0
16785,533.78,1,533.78,313,0.0,35,10,1,0.2,0
16786,51.839999999999996,1,51.839999999999996,72,0.0,1,8,3,0.0,0
16787,1017.53,4,254.3825,472,0.0,102,11,6,0.07142857142857142,0
16788,1903.5,5,380.7,953,0.0,348,13,6,0.12076271186440678,0
16789,80.8,1,80.8,32,0.0,5,15,3,0.0,0
16790,1520.1200000000001,8,190.01500000000001,892,0.25,88,11,2,0.08421052631578947,1
16791,3845.96,18,213.66444444444446,1813,0.16666666666666666,393,12,1,0.09824046920821114,1
16792,597.36,5,119.47200000000001,318,0.0,90,13,0,0.08,0
16793,243.84,1,243.84,146,0.0,16,15,3,0.1875,0
16794,1995.84,17,117.40235294117646,1557,0.11764705882352941,245,15,6,0.12877263581488935,0
16795,1980.91,5,396.182,1172,0.4,309,15,1,0.12202380952380952,1
16796,305.62,1,305.62,186,0.0,18,14,6,0.1111111111111111,0
16797,1758.52,9,195.39111111111112,888,0.4444444444444444,292,12,2,0.10891089108910891,1
16798,821.16,4,205.29,200,0.25,142,19,3,0.10588235294117647,0
16799,427.48,3,142.49333333333334,144,0.3333333333333333,81,12,6,0.1724137931034483,1
16800,1117.48,1,1117.48,509,0.0,148,14,0,0.0945945945945946,1
16801,842.33,5,168.466,307,0.2,72,11,3,0.11666666666666667,1
16802,563.86,2,281.93,364,0.0,48,13,4,0.1346153846153846,0
16803,332.3,1,332.3,245,0.0,24,14,2,0.125,0
16804,536.99,3,178.99666666666667,246,0.0,59,16,2,0.21666666666666667,1
16805,1083.93,5,216.786,1115,0.0,213,15,1,0.12601626016260162,0
16806,760.21,4,190.0525,355,0.0,68,15,6,0.05434782608695652,0
16807,2064.88,8,258.11,1413,0.25,109,14,3,0.10416666666666667,0
16808,288.42,2,144.21,196,0.0,21,19,3,0.08695652173913043,0
16809,1710.56,10,171.05599999999998,1084,0.1,113,15,1,0.09689922480620156,0
16810,786.14,4,196.535,367,0.5,34,15,4,0.13157894736842105,0
16811,547.07,2,273.535,477,0.0,26,17,1,0.03571428571428571,0
16812,2216.8,5,443.36,1100,0.2,98,14,0,0.12931034482758622,1
16813,1627.31,10,162.731,1486,0.0,248,13,3,0.1360381861575179,0
16814,11897.75,37,321.56081081081084,4827,0.02702702702702703,247,12,3,0.11633986928104575,0
16815,401.77,2,200.885,232,0.0,66,12,0,0.09859154929577464,0
16816,417.06,4,104.265,274,0.0,28,15,6,0.25,0
16817,2392.85,18,132.9361111111111,1335,0.2777777777777778,107,10,1,0.09210526315789473,0
16818,3317.97,13,255.22846153846152,2163,0.15384615384615385,172,12,2,0.11518324607329843,0
16819,182.59,2,91.295,253,0.0,17,17,1,0.17647058823529413,1
16820,497.61,1,497.61,307,0.0,26,12,0,0.19230769230769232,0
16821,113.35,1,113.35,13,0.0,7,10,1,0.14285714285714285,0
16822,144.84,3,48.28,166,0.6666666666666666,12,14,4,0.0,1
16823,2192.79,8,274.09875,1143,0.125,149,15,2,0.1377245508982036,0
16824,686.24,3,228.74666666666667,390,0.0,34,12,3,0.20512820512820512,1
16825,1826.89,5,365.37800000000004,1297,0.0,48,9,1,0.171875,1
16826,341.7,1,341.7,158,0.0,22,14,2,0.09090909090909091,1
16827,310.77,5,62.153999999999996,101,0.0,10,14,3,0.0,0
16828,128.5,2,64.25,59,0.0,8,13,4,0.125,0
16829,513.32,2,256.66,215,0.0,25,18,1,0.18518518518518517,1
16830,1183.7,5,236.74,693,0.2,65,12,1,0.08974358974358974,0
16831,91.8,1,91.8,48,0.0,6,9,0,0.3333333333333333,1
16832,417.61,5,83.522,179,0.0,19,14,4,0.14285714285714285,0
16833,2409.04,6,401.50666666666666,878,0.0,87,11,6,0.10869565217391304,0
16834,898.96,2,449.48,760,0.0,43,9,1,0.10416666666666667,1
16835,1389.76,10,138.976,474,0.4,58,10,2,0.10344827586206896,0
16836,782.37,4,195.5925,539,0.0,42,12,4,0.14285714285714285,1
16837,3167.73,12,263.9775,1562,0.08333333333333333,123,11,1,0.12048192771084337,0
16838,1126.66,6,187.77666666666667,504,0.3333333333333333,54,15,6,0.13114754098360656,1
16839,20416.03,51,400.3143137254902,10779,0.13725490196078433,133,12,3,0.11948051948051948,0
16840,126.71000000000001,3,42.23666666666667,116,0.3333333333333333,10,12,2,0.1,0
16841,3841.16,14,274.36857142857144,3445,0.14285714285714285,187,12,1,0.08597285067873303,0
16842,1260.44,4,315.11,692,0.25,45,14,3,0.125,0
16843,19528.78,38,513.9152631578947,18459,0.07894736842105263,318,14,3,0.10684474123539232,0
16844,614.34,2,307.17,281,0.0,26,10,2,0.1875,0
16845,253.88,1,253.88,167,0.0,20,13,2,0.2,0
16846,842.41,3,280.80333333333334,517,0.0,47,13,2,0.14893617021276595,0
16847,614.89,2,307.445,255,0.0,37,13,2,0.05405405405405406,0
16848,1411.62,4,352.905,780,0.0,75,11,6,0.11764705882352941,0
16849,124.57,1,124.57,33,0.0,8,9,0,0.25,0
16850,332.41,1,332.41,249,0.0,19,11,0,0.10526315789473684,0
16851,342.45,3,114.14999999999999,271,0.0,17,9,2,0.25,0
16852,144.91000000000003,2,72.45500000000001,56,0.0,9,15,3,0.1111111111111111,0
16853,-67.5,1,-67.5,-10,1.0,2,17,1,0.5,0
16854,1408.96,2,704.48,997,0.0,72,14,1,0.14666666666666667,1
16855,328.4,2,164.2,164,0.0,19,12,2,0.10526315789473684,1
16856,358.49,3,119.49666666666667,171,0.0,16,11,0,0.2631578947368421,0
16857,352.8,1,352.8,168,0.0,11,10,3,0.09090909090909091,0
16858,4055.7400000000002,16,253.48375000000001,1371,0.375,78,12,4,0.09929078014184398,1
16859,1657.74,10,165.774,1728,0.3,87,12,3,0.1076923076923077,0
16860,1593.67,4,398.4175,624,0.25,35,15,0,0.13636363636363635,0
16861,924.48,6,154.08,609,0.16666666666666666,40,16,3,0.13725490196078433,0
16862,662.33,4,165.5825,513,0.0,34,13,3,0.11428571428571428,0
16863,812.82,5,162.56400000000002,623,0.4,43,10,1,0.16326530612244897,0
16864,409.25,2,204.625,283,0.0,17,16,4,0.11764705882352941,0
16865,111.45,1,111.45,127,0.0,15,11,2,0.0,0
16866,207.73999999999998,3,69.24666666666666,60,0.0,10,10,4,0.18181818181818182,0
16867,76.74000000000001,1,76.74000000000001,58,0.0,6,9,1,0.0,1
16868,365.9,3,121.96666666666665,108,0.0,47,11,6,0.10416666666666667,0
16869,789.02,5,157.804,577,0.2,113,12,2,0.11023622047244094,0
16870,450.15999999999997,1,450.15999999999997,278,0.0,28,13,4,0.17857142857142858,1
16871,2761.4900000000002,7,394.49857142857144,1250,0.14285714285714285,131,11,4,0.17985611510791366,1
16872,1213.13,6,202.18833333333336,1079,0.0,12,11,4,0.2777777777777778,1
16873,14547.03,17,855.7076470588236,8583,0.29411764705882354,252,12,0,0.11641221374045801,1
16874,209.89000000000001,1,209.89000000000001,78,0.0,31,13,3,0.12903225806451613,0
16875,4053.2,20,202.66,2055,0.45,162,13,0,0.0992063492063492,0
16876,136.01,1,136.01,181,0.0,32,11,0,0.21875,0
16877,844.12,6,140.68666666666667,456,0.0,111,16,6,0.08387096774193549,0
16878,0.0,2,0.0,0,0.5,3,8,1,0.3333333333333333,0
16879,-140.95999999999998,2,-70.47999999999999,-2,1.0,2,14,0,0.0,0
16880,1772.36,8,221.545,895,0.0,130,12,6,0.10614525139664804,0
16881,432.0,1,432.0,600,0.0,1,10,1,0.0,0
16882,705.12,3,235.04,424,0.0,39,10,1,0.15384615384615385,1
16883,2188.61,20,109.43050000000001,977,0.05,159,11,4,0.13909774436090225,0
16884,1045.77,4,261.4425,514,0.0,64,12,1,0.125,0
16885,642.17,4,160.5425,338,0.0,121,12,4,0.14173228346456693,0
16886,0.0,2,0.0,0,0.5,8,11,1,0.0625,0
16887,632.67,3,210.89,417,0.0,94,14,4,0.08,1
16888,432.95,3,144.31666666666666,144,0.0,44,13,3,0.13725490196078433,0
16889,2523.8,6,420.6333333333334,1608,0.0,163,10,6,0.1388888888888889,0
16890,285.41,3,95.13666666666667,243,0.0,17,16,3,0.10526315789473684,0
16891,1691.1,11,153.73636363636362,641,0.0,335,12,4,0.11650485436893204,0
16892,721.45,9,80.16111111111111,359,0.2222222222222222,120,13,3,0.08759124087591241,0
16893,242.3,2,121.15,114,0.0,80,12,2,0.08235294117647059,0
16894,1265.26,5,253.052,497,0.4,186,14,1,0.12953367875647667,1
16895,1080.96,5,216.192,406,0.0,135,11,3,0.14102564102564102,0
16896,103.95,1,103.95,18,0.0,18,15,2,0.05555555555555555,0
16897,213.03,3,71.01,58,0.3333333333333333,37,11,6,0.06818181818181818,1
16898,794.42,6,132.40333333333334,652,0.16666666666666666,224,13,2,0.1417004048582996,0
16899,1678.07,8,209.75875,805,0.0,101,15,6,0.1569767441860465,1
16900,187.6900000000001,5,37.538000000000025,723,0.4,79,13,4,0.12195121951219512,0
16901,204.26,1,204.26,42,0.0,23,16,3,0.08695652173913043,0
16902,1679.38,1,1679.38,607,0.0,43,14,0,0.20930232558139536,1
16903,931.08,4,232.77,642,0.25,148,14,2,0.10650887573964497,1
16904,4635.4800000000005,21,220.73714285714289,2583,0.0,484,13,3,0.12316384180790961,1
16905,4377.94,20,218.897,1672,0.15,171,13,6,0.16611295681063123,1
16906,1381.97,7,197.42428571428573,583,0.0,180,15,3,0.08095238095238096,1
16907,1470.89,9,163.43222222222224,451,0.0,109,18,3,0.10047846889952153,0
16908,153.59,2,76.795,41,0.5,20,13,3,0.0,1
16909,364.14,2,182.07,434,0.5,18,16,2,0.05263157894736842,1
16910,1508.96,8,188.62,884,0.0,318,14,4,0.10458715596330276,1
16911,251.35,3,83.78333333333333,159,0.3333333333333333,30,12,6,0.05405405405405406,0
16912,4413.8,18,245.2111111111111,1674,0.16666666666666666,131,12,3,0.11931818181818182,0
16913,423.90999999999997,3,141.3033333333333,229,0.0,18,12,4,0.05555555555555555,0
16914,167.14,1,167.14,101,0.0,25,15,3,0.08,0
16915,1543.18,11,140.2890909090909,190,0.0,54,13,1,0.13513513513513514,0
16916,875.88,4,218.97,635,0.0,180,12,2,0.1218274111675127,0
16917,1765.13,3,588.3766666666667,757,0.3333333333333333,46,15,2,0.0851063829787234,1
16918,3057.4700000000003,19,160.91947368421054,2002,0.15789473684210525,281,13,3,0.12249443207126949,1
16919,4837.56,28,172.77,2317,0.14285714285714285,230,13,1,0.14054927302100162,1
16920,355.45,1,355.45,81,0.0,23,14,6,0.21739130434782608,1
16921,344.44,3,114.81333333333333,212,0.0,78,16,6,0.10126582278481013,0
16922,611.08,1,611.08,281,0.0,122,11,6,0.10655737704918032,1
16923,12253.69,41,298.87048780487805,5802,0.21951219512195122,431,11,6,0.1303538175046555,0
16924,718.08,4,179.52,442,0.25,69,12,4,0.12790697674418605,1
16925,125.65,1,125.65,123,0.0,18,15,3,0.05555555555555555,0
16926,1147.26,6,191.21,192,0.16666666666666666,63,12,3,0.09574468085106383,0
16927,543.05,3,181.01666666666665,993,0.0,5,11,1,0.16666666666666666,0
16928,3621.73,33,109.74939393939394,2395,0.12121212121212122,135,13,6,0.11428571428571428,1
16929,1295.39,7,185.0557142857143,929,0.0,51,12,3,0.1038961038961039,1
16930,378.89,3,126.29666666666667,339,0.0,47,14,6,0.11320754716981132,0
16931,5004.4800000000005,23,217.58608695652177,3334,0.0,466,12,6,0.14376996805111822,0
16932,373.9,3,124.63333333333333,200,0.0,116,14,0,0.14285714285714285,0
16933,2961.9,16,185.11875,1487,0.4375,216,13,3,0.140893470790378,0
16934,2037.39,7,291.0557142857143,927,0.14285714285714285,128,12,6,0.08450704225352113,1
16935,518.76,3,172.92,266,0.0,55,13,3,0.09375,1
16936,542.34,2,271.17,332,0.0,122,11,4,0.12408759124087591,0
16937,196.25,1,196.25,123,0.0,49,17,2,0.20408163265306123,0
16938,6129.21,10,612.921,3503,0.1,547,14,1,0.10880195599022005,0
16939,421.4,3,140.46666666666667,222,0.0,38,12,6,0.1794871794871795,0
16940,6191.0199999999995,11,562.8199999999999,4427,0.2727272727272727,362,12,1,0.1287758346581876,0
16941,33.0,1,33.0,12,0.0,2,11,2,0.5,0
16942,1862.32,10,186.232,792,0.1,159,12,6,0.12408759124087591,1
16943,816.73,7,116.67571428571429,145,0.2857142857142857,24,14,1,0.13513513513513514,0
16944,101.36,1,101.36,27,0.0,7,11,4,0.2857142857142857,1
16945,8530.66,35,243.73314285714287,5875,0.05714285714285714,231,12,2,0.11764705882352941,0
16946,1199.54,6,199.92333333333332,503,0.16666666666666666,69,10,1,0.10526315789473684,1
16947,896.73,10,89.673,613,0.5,51,10,2,0.08333333333333333,0
16948,868.77,7,124.11,2091,0.0,20,11,1,0.18604651162790697,0
16949,1161.27,7,165.8957142857143,790,0.14285714285714285,57,11,6,0.18032786885245902,0
16950,3467.14,12,288.92833333333334,2334,0.16666666666666666,111,9,6,0.1103448275862069,0
16951,1262.75,4,315.6875,1306,0.25,73,14,1,0.13793103448275862,0
16952,779.43,5,155.886,333,0.0,76,13,4,0.16470588235294117,0
16953,20.8,1,20.8,10,0.0,1,15,2,0.0,1
16954,6037.33,21,287.4919047619048,4077,0.047619047619047616,83,12,4,0.07246376811594203,0
16955,1072.06,9,119.11777777777777,696,0.3333333333333333,35,12,3,0.16981132075471697,0
16956,292.34,2,146.17,112,0.5,16,8,1,0.05555555555555555,0
16957,416.64,2,208.32,172,0.0,15,13,3,0.0625,1
16958,776.8100000000001,1,776.8100000000001,510,0.0,69,14,3,0.10144927536231885,0
16959,117.35000000000001,1,117.35000000000001,49,0.0,7,15,1,0.2857142857142857,1
16960,1880.01,9,208.89,1410,0.1111111111111111,334,11,1,0.10904872389791183,1
16961,773.01,6,128.835,479,0.5,53,16,1,0.10909090909090909,0
16962,251.04,1,251.04,158,0.0,15,11,1,0.06666666666666667,0
16963,110.55000000000001,1,110.55000000000001,35,0.0,7,13,6,0.14285714285714285,1
16964,207.85,2,103.925,49,0.0,6,12,6,0.0,0
16965,201.19,1,201.19,291,0.0,26,12,2,0.15384615384615385,0
16966,2148.47,10,214.84699999999998,1978,0.3,9,15,3,0.06451612903225806,1
16967,319.02,1,319.02,333,0.0,21,14,4,0.14285714285714285,1
16968,439.43,2,219.715,326,0.0,31,15,0,0.0967741935483871,1
16969,650.41,3,216.8033333333333,816,0.0,42,12,2,0.09523809523809523,1
16970,71.4,1,71.4,12,0.0,2,13,1,0.5,1
16971,230.51,2,115.255,69,0.5,41,15,1,0.14634146341463414,0
16972,675.85,2,337.925,166,0.0,54,10,0,0.14666666666666667,1
16973,127.0,1,127.0,60,0.0,6,13,3,0.16666666666666666,1
16974,365.5,2,182.75,70,0.0,5,10,0,0.0,0
16975,902.4200000000001,5,180.484,580,0.4,44,17,1,0.06382978723404255,0
16976,251.51999999999998,1,251.51999999999998,88,0.0,2,16,3,0.0,0
16977,496.0,4,124.0,142,0.0,25,10,6,0.14285714285714285,1
16978,768.88,3,256.29333333333335,285,0.0,65,12,4,0.05970149253731343,0
16979,2779.62,12,231.635,1431,0.25,82,13,1,0.12121212121212122,0
16980,1393.5800000000002,3,464.5266666666667,978,0.0,91,12,0,0.13861386138613863,1
16981,-4620.86,1,-4620.86,-1,1.0,1,15,3,0.0,1
16982,384.06,1,384.06,182,0.0,22,12,0,0.2727272727272727,0
16983,3472.8199999999997,12,289.40166666666664,2292,0.08333333333333333,151,12,6,0.13100436681222707,0
16984,9772.42,19,514.3378947368421,4828,0.5263157894736842,671,17,0,0.12677388836329234,1
16985,10545.76,26,405.60615384615386,3098,0.11538461538461539,130,12,3,0.13360323886639677,0
16986,4888.75,11,444.4318181818182,2539,0.0,65,15,3,0.13218390804597702,1
16987,2455.7,12,204.64166666666665,653,0.08333333333333333,155,15,6,0.12109375,0
16988,382.67,2,191.335,158,0.0,20,9,3,0.0,0
16989,1133.25,6,188.875,1233,0.0,7,9,1,0.0,1
16990,344.0,2,172.0,200,0.0,1,8,2,0.0,1
16991,1041.21,1,1041.21,793,0.0,74,14,3,0.14864864864864866,0
16992,5460.1,15,364.0066666666667,2057,0.13333333333333333,212,10,3,0.1597222222222222,1
16993,1688.15,3,562.7166666666667,261,0.3333333333333333,19,12,3,0.06896551724137931,0
16994,-779.32,1,-779.32,-1,1.0,1,16,1,0.0,0
16995,-1.25,1,-1.25,-1,1.0,1,17,3,0.0,0
16996,2044.16,13,157.24307692307693,886,0.3076923076923077,32,12,0,0.11494252873563218,0
16997,702.0,3,234.0,360,0.0,7,11,3,0.3333333333333333,0
16998,394.02000000000004,7,56.28857142857144,101,0.2857142857142857,3,14,1,0.0,0
16999,484.82,2,242.41,294,0.0,21,15,0,0.13043478260869565,0
17000,403.35,2,201.675,304,0.0,26,14,2,0.10344827586206896,0
17001,6640.8,19,349.5157894736842,3782,0.0,108,12,4,0.13818181818181818,1
17002,2565.6,8,320.7,1264,0.125,64,11,3,0.09411764705882353,1
17003,828.21,4,207.0525,494,0.0,90,16,1,0.08108108108108109,1
17004,2324.36,4,581.09,1233,0.0,48,12,0,0.10144927536231885,0
17005,601.96,3,200.65333333333334,671,0.3333333333333333,15,10,4,0.05555555555555555,1
17006,1631.52,8,203.94,569,0.0,103,13,4,0.1484375,1
17007,1107.6,8,138.45,707,0.125,63,13,3,0.07352941176470588,0
17008,81.36,1,81.36,24,0.0,1,15,2,0.0,0
17009,235.1,1,235.1,312,0.0,10,16,6,0.1,1
17010,185.46,2,92.73,116,0.5,11,14,0,0.08333333333333333,0
17011,536.7,4,134.175,684,0.25,27,13,2,0.1724137931034483,1
17012,352.36,1,352.36,246,0.0,34,17,0,0.11764705882352941,0
17013,-3224.76,2,-1612.38,-2,1.0,1,14,3,0.0,0
17014,557.73,4,139.4325,235,0.25,63,14,0,0.16666666666666666,1
17015,1834.8600000000001,3,611.62,1975,0.0,182,13,1,0.08962264150943396,0
17016,552.4,1,552.4,309,0.0,41,12,2,0.07317073170731707,0
17017,6553.79,41,159.84853658536585,9307,0.2926829268292683,121,14,2,0.14640198511166252,0
17018,2287.7,6,381.2833333333333,456,0.0,26,11,1,0.10810810810810811,1
17019,3396.97,13,261.3053846153846,2271,0.15384615384615385,344,12,2,0.11889250814332247,1
17020,935.62,2,467.81,860,0.0,64,13,1,0.10144927536231885,0
17021,1182.22,6,197.03666666666666,992,0.0,35,20,3,0.14583333333333334,1
17022,260.0,2,130.0,180,0.0,16,10,6,0.25,0
17023,800.18,3,266.72666666666663,530,0.0,48,10,1,0.08163265306122448,0
17024,95.85,3,31.95,69,0.0,2,9,1,0.3333333333333333,0
17025,1349.67,5,269.934,885,0.0,31,13,0,0.08108108108108109,1
17026,175.82999999999998,3,58.60999999999999,107,0.0,4,12,6,0.2,1
17027,1231.03,10,123.103,609,0.1,126,14,0,0.08823529411764706,1
17028,1593.83,3,531.2766666666666,856,0.0,85,15,4,0.09473684210526316,0
17029,2137.3,7,305.3285714285715,1265,0.0,19,11,2,0.034482758620689655,1
17030,146.87,1,146.87,146,0.0,11,8,4,0.18181818181818182,0
17031,2773.85,6,462.30833333333334,1595,0.0,34,14,4,0.04,0
17032,2120.33,13,163.10230769230768,1643,0.38461538461538464,184,15,3,0.07024793388429752,0
17033,1332.79,4,333.1975,871,0.0,33,14,2,0.05,0
17034,1231.82,7,175.9742857142857,673,0.2857142857142857,49,14,2,0.109375,0
17035,568.39,5,113.678,299,0.2,29,12,1,0.10810810810810811,0
17036,176.9,1,176.9,76,0.0,12,14,6,0.25,0
17037,1253.22,2,626.61,652,0.5,75,12,1,0.22077922077922077,1
17038,743.17,2,371.585,535,0.0,61,16,2,0.12698412698412698,0
17039,1954.99,1,1954.99,689,0.0,44,12,2,0.11363636363636363,0
17040,463.25,2,231.625,189,0.0,15,10,0,0.1875,0
17041,1617.25,7,231.03571428571428,1288,0.14285714285714285,93,11,6,0.10483870967741936,0
17042,1036.58,5,207.31599999999997,990,0.0,74,14,2,0.10309278350515463,0
17043,2565.62,8,320.7025,1611,0.0,175,15,2,0.10204081632653061,0
17044,11867.6,16,741.725,5692,0.25,92,10,1,0.1320754716981132,0
17045,821.73,5,164.346,293,0.0,44,14,2,0.09615384615384616,0
17046,1906.07,5,381.214,1636,0.0,76,13,1,0.11764705882352941,1
17047,2289.23,6,381.53833333333336,1184,0.0,114,16,3,0.14788732394366197,0
17048,1991.45,11,181.04090909090908,1033,0.36363636363636365,88,16,2,0.1308411214953271,0
17049,9587.33,25,383.4932,4204,0.24,321,13,0,0.11611785095320624,1
17050,4071.26,12,339.2716666666667,2315,0.08333333333333333,194,14,6,0.14285714285714285,0
17051,692.94,4,173.235,492,0.0,107,15,6,0.10596026490066225,0
17052,349.9,1,349.9,199,0.0,72,14,4,0.125,1
17053,496.38,2,248.19,121,0.5,13,10,0,0.14285714285714285,0
17054,1353.83,6,225.63833333333332,802,0.16666666666666666,64,12,0,0.08333333333333333,0
17055,227.45000000000002,1,227.45000000000002,81,0.0,24,12,0,0.08333333333333333,0
17056,128.60000000000002,1,128.60000000000002,26,0.0,8,12,1,0.0,0
17057,288.89,1,288.89,126,0.0,48,19,3,0.14583333333333334,1
17058,1179.89,3,393.2966666666667,592,0.0,51,9,3,0.08064516129032258,0
17059,4786.62,10,478.662,3063,0.1,349,12,3,0.1156558533145275,0
17060,234.24,1,234.24,216,0.0,5,13,4,0.2,0
17061,5116.13,12,426.3441666666667,1484,0.08333333333333333,57,13,3,0.10891089108910891,0
17062,870.6800000000001,7,124.38285714285715,631,0.14285714285714285,82,11,6,0.1,0
17063,3576.88,23,155.51652173913044,1882,0.43478260869565216,150,13,1,0.12442396313364056,0
17064,852.5,3,284.1666666666667,315,0.0,53,10,6,0.16666666666666666,0
17065,82.35,3,27.45,81,0.3333333333333333,7,11,4,0.15384615384615385,1
17066,215.59,1,215.59,90,0.0,17,13,6,0.11764705882352941,0
17067,454.54,3,151.51333333333335,322,0.0,8,12,1,0.15384615384615385,0
17068,8929.53,49,182.235306122449,4324,0.04081632653061224,250,12,3,0.13293051359516617,1
17069,5441.35,21,259.1119047619048,3188,0.3333333333333333,202,15,3,0.10033444816053512,0
17070,437.42,2,218.71,232,0.0,102,17,2,0.11650485436893204,1
17071,3730.96,20,186.548,1915,0.35,142,13,3,0.12162162162162163,1
17072,269.45,1,269.45,206,0.0,20,16,2,0.1,0
17073,1427.99,4,356.9975,747,0.0,142,14,1,0.12280701754385964,0
17074,203.05,1,203.05,19,0.0,4,12,2,0.0,0
17075,2196.33,11,199.66636363636363,775,0.09090909090909091,153,13,2,0.09595959595959595,1
17076,1242.75,6,207.125,514,0.0,31,10,4,0.12,0
17077,306.0,1,306.0,36,0.0,1,16,0,0.0,0
17078,378.2,2,189.1,788,0.0,28,18,3,0.03571428571428571,0
17079,118.80000000000001,1,118.80000000000001,24,0.0,2,15,3,0.0,0
17080,955.41,8,119.42625,567,0.125,26,16,3,0.11764705882352941,0
17081,946.89,6,157.815,379,0.0,166,12,0,0.14563106796116504,1
17082,4732.03,6,788.6716666666666,2526,0.0,117,9,2,0.07058823529411765,0
17083,4035.08,11,366.82545454545453,1950,0.18181818181818182,31,11,2,0.1623931623931624,1
17084,4962.68,4,1240.67,3109,0.25,264,14,4,0.10357142857142858,0
17085,7616.22,32,238.006875,3494,0.125,411,12,6,0.09723643807574207,0
17086,2050.08,6,341.68,1859,0.0,76,13,4,0.10416666666666667,1
17087,221.53,1,221.53,113,0.0,12,10,2,0.16666666666666666,1
17088,1991.01,4,497.7525,868,0.0,96,9,3,0.11304347826086956,0
17089,128.45,1,128.45,35,0.0,4,15,3,0.0,0
17090,2980.7400000000002,15,198.716,1317,0.13333333333333333,54,15,0,0.18681318681318682,0
17091,7447.900000000001,23,323.8217391304348,3717,0.17391304347826086,243,10,1,0.10262008733624454,0
17092,5370.1,14,383.5785714285715,3705,0.21428571428571427,274,16,1,0.10290237467018469,0
17093,235.88,1,235.88,114,0.0,13,10,0,0.07692307692307693,0
17094,370.40000000000003,3,123.46666666666668,208,0.3333333333333333,18,13,4,0.2631578947368421,0
17095,2312.59,12,192.71583333333334,1680,0.4166666666666667,111,12,3,0.13380281690140844,1
17096,3597.03,17,211.59,1539,0.35294117647058826,162,14,2,0.16666666666666666,0
17097,1113.34,10,111.33399999999999,572,0.1,182,14,1,0.10074626865671642,0
17098,591.0699999999999,3,197.0233333333333,125,0.0,10,10,3,0.2777777777777778,0
17099,582.17,1,582.17,317,0.0,40,16,3,0.05,0
17100,971.74,2,485.87,800,0.0,65,16,0,0.07692307692307693,0
17101,2507.05,7,358.15000000000003,1175,0.0,54,14,3,0.1917808219178082,1
17102,25.5,1,25.5,2,0.0,1,10,2,0.0,0
17103,424.3,1,424.3,471,0.0,32,14,3,0.1875,0
17104,474.03,1,474.03,149,0.0,19,12,1,0.21052631578947367,0
17105,665.78,2,332.89,693,0.0,80,15,6,0.18888888888888888,1
17106,481.58,1,481.58,153,0.0,51,14,0,0.09803921568627451,0
17107,15455.02,13,1188.8476923076923,7151,0.23076923076923078,378,15,6,0.1191553544494721,0
17108,174.95,1,174.95,31,0.0,9,12,6,0.2222222222222222,1
17109,1232.28,10,123.228,739,0.2,124,15,3,0.11347517730496454,0
17110,494.04999999999995,3,164.6833333333333,134,0.0,38,12,3,0.1276595744680851,0
17111,459.58,2,229.79,581,0.0,44,15,6,0.16666666666666666,0
17112,189.67,1,189.67,125,0.0,44,11,6,0.1590909090909091,0
17113,2048.81,8,256.10125,803,0.25,125,11,6,0.1437125748502994,0
17114,732.26,10,73.226,200,0.2,85,11,6,0.0703125,0
17115,2616.29,13,201.25307692307692,865,0.46153846153846156,103,15,3,0.10077519379844961,0
17116,389.78,1,389.78,392,0.0,47,16,0,0.14893617021276595,1
17117,116.19999999999999,1,116.19999999999999,68,0.0,9,13,3,0.1111111111111111,1
17118,157.02,1,157.02,154,0.0,10,12,2,0.2,0
17119,593.61,3,197.87,327,0.3333333333333333,35,11,1,0.07894736842105263,0
17120,307.46,1,307.46,120,0.0,18,15,2,0.1111111111111111,0
17121,314.74,1,314.74,106,0.0,12,11,1,0.08333333333333333,0
17122,570.5,4,142.625,368,0.0,23,14,1,0.1,0
17123,977.17,3,325.7233333333333,676,0.0,37,11,6,0.13953488372093023,0
17124,294.24,1,294.24,129,0.0,31,14,1,0.16129032258064516,0
17125,211.75,1,211.75,276,0.0,34,14,3,0.14705882352941177,1
17126,1942.79,11,176.61727272727273,1387,0.18181818181818182,295,13,6,0.10648148148148148,1
17127,1155.0300000000002,5,231.00600000000003,340,0.0,27,10,3,0.10810810810810811,1
17128,157.09,1,157.09,76,0.0,14,12,6,0.0,1
17129,31.85,1,31.85,5,0.0,2,13,2,0.0,0
17130,-18.38,1,-18.38,-1,1.0,1,16,1,0.0,0
17131,2295.72,5,459.14399999999995,954,0.0,78,12,6,0.13008130081300814,1
17132,1206.11,2,603.055,953,0.0,62,13,6,0.19117647058823528,1
17133,12972.09,13,997.853076923077,9019,0.07692307692307693,22,13,3,0.12698412698412698,0
17134,625.3,3,208.4333333333333,144,0.0,31,11,6,0.1388888888888889,0
17135,1696.36,11,154.21454545454546,1646,0.09090909090909091,98,16,6,0.12056737588652482,0
17136,231.68,1,231.68,256,0.0,14,13,0,0.07142857142857142,0
17137,1095.76,6,182.62666666666667,675,0.0,125,12,6,0.12727272727272726,0
17138,4417.27,7,631.0385714285715,2024,0.0,234,14,3,0.1328125,0
17139,19473.91,29,671.5141379310345,9833,0.13793103448275862,447,13,3,0.12102689486552567,0
17140,441.48,1,441.48,280,0.0,16,13,2,0.1875,1
17141,723.83,4,180.9575,420,0.0,138,14,6,0.08695652173913043,0
17142,1275.25,4,318.8125,322,0.0,78,14,6,0.12359550561797752,0
17143,833.22,2,416.61,293,0.0,82,13,0,0.13861386138613863,0
17144,984.57,2,492.285,483,0.0,42,17,3,0.20833333333333334,0
17145,3014.64,7,430.66285714285715,2563,0.42857142857142855,168,16,1,0.11290322580645161,0
17146,5778.19,16,361.136875,2160,0.1875,164,9,3,0.08881578947368421,0
17147,3069.15,16,191.821875,1295,0.4375,100,10,1,0.1360544217687075,0
17148,124.88,1,124.88,82,0.0,9,9,2,0.0,0
17149,143.10000000000002,1,143.10000000000002,18,0.0,6,14,1,0.0,0
17150,1357.95,6,226.32500000000002,397,0.0,64,11,6,0.15217391304347827,0
17151,231.90000000000003,1,231.90000000000003,42,0.0,4,14,4,0.25,0
17152,1830.5,5,366.1,537,0.2,9,12,6,0.16666666666666666,0
17153,213.78,1,213.78,104,0.0,14,13,1,0.07142857142857142,1
17154,329.34,1,329.34,490,0.0,23,13,6,0.21739130434782608,0
17155,830.96,7,118.70857142857143,945,0.0,43,11,1,0.04285714285714286,1
17156,572.07,2,286.035,385,0.5,39,11,3,0.1951219512195122,0
17157,5139.45,20,256.97249999999997,2089,0.05,78,9,3,0.07692307692307693,0
17158,1962.3,6,327.05,1143,0.16666666666666666,74,15,3,0.1565217391304348,0
17159,2095.44,6,349.24,1347,0.16666666666666666,115,10,4,0.11450381679389313,0
17160,10201.36,18,566.7422222222223,8386,0.05555555555555555,215,12,1,0.1297709923664122,0
17161,856.01,1,856.01,537,0.0,52,16,1,0.11538461538461539,0
17162,1707.21,11,155.2009090909091,1000,0.09090909090909091,81,12,0,0.11428571428571428,1
17163,699.78,4,174.945,531,0.0,27,10,0,0.06666666666666667,1
17164,2466.4,8,308.3,1500,0.125,92,11,2,0.11724137931034483,0
17165,1783.63,8,222.95375,785,0.25,77,9,1,0.14563106796116504,0
17166,189.49,3,63.163333333333334,75,0.3333333333333333,11,8,4,0.14285714285714285,0
17167,864.21,3,288.07,427,0.0,64,14,0,0.15384615384615385,0
17168,400.2,1,400.2,220,0.0,21,12,3,0.047619047619047616,0
17169,1129.8799999999999,6,188.3133333333333,659,0.5,64,13,3,0.16470588235294117,0
17170,118.98,3,39.660000000000004,146,0.3333333333333333,9,15,1,0.36363636363636365,0
17171,384.59,2,192.295,225,0.0,25,16,2,0.16,0
17172,910.99,6,151.83166666666668,1198,0.5,40,11,3,0.16279069767441862,1
17173,3755.65,9,417.2944444444445,1121,0.1111111111111111,36,14,6,0.11494252873563218,1
17174,59.9,1,59.9,41,0.0,4,11,4,0.0,0
17175,1430.94,5,286.188,865,0.2,42,14,2,0.140625,1
17176,902.3199999999999,3,300.7733333333333,576,0.0,37,12,6,0.14285714285714285,0
17177,119.5,1,119.5,40,0.0,29,14,3,0.06896551724137931,1
17178,432.96,1,432.96,100,0.0,31,16,1,0.1935483870967742,0
17179,1474.76,6,245.79333333333332,613,0.0,75,16,2,0.11612903225806452,0
17180,2182.55,14,155.89642857142857,1746,0.21428571428571427,190,17,3,0.12967581047381546,0
17181,309.85,3,103.28333333333335,268,0.0,28,14,3,0.14285714285714285,0
17182,321.3,2,160.65,54,0.0,4,10,2,0.0,0
17183,3286.9100000000003,8,410.86375000000004,1264,0.25,42,15,6,0.11842105263157894,1
17184,198.41000000000003,2,99.20500000000001,73,0.0,14,14,2,0.07142857142857142,0
17185,229.46,3,76.48666666666666,119,0.0,38,12,1,0.09090909090909091,0
17186,144.0,2,72.0,200,0.0,1,10,0,0.5,1
17187,467.71,2,233.855,426,0.0,21,14,3,0.17391304347826086,0
17188,4361.83,17,256.57823529411763,2535,0.23529411764705882,136,12,1,0.14285714285714285,0
17189,947.38,5,189.476,596,0.0,101,17,2,0.11764705882352941,0
17190,1502.43,8,187.80375,2197,0.125,160,12,1,0.08648648648648649,1
17191,4196.65,16,262.290625,2149,0.0625,269,14,4,0.12577319587628866,0
17192,75.28,1,75.28,45,0.0,20,16,0,0.15,0
17193,2254.6,12,187.88333333333333,1616,0.25,29,12,3,0.125,0
17194,776.25,3,258.75,415,0.0,57,13,6,0.1896551724137931,0
17195,562.98,1,562.98,486,0.0,31,13,0,0.1935483870967742,0
17196,291.55,1,291.55,140,0.0,84,11,4,0.14285714285714285,0
17197,1013.01,1,1013.01,191,0.0,29,10,3,0.1724137931034483,1
17198,669.12,3,223.04,346,0.0,89,14,4,0.06451612903225806,0
17199,135.04000000000002,1,135.04000000000002,232,0.0,8,13,3,0.125,0
17200,356.71,4,89.1775,367,0.0,25,13,3,0.04,1
17201,1044.3,5,208.85999999999999,944,0.2,154,11,2,0.08641975308641975,0
17202,160.65,1,160.65,55,0.0,8,11,4,0.0,1
17203,5557.79,10,555.779,4591,0.0,195,12,1,0.13127413127413126,1
17204,5263.69,15,350.91266666666667,2591,0.4,110,12,0,0.11052631578947368,1
17205,999.35,3,333.1166666666667,2214,0.0,27,12,0,0.05714285714285714,0
17206,204.24,1,204.24,76,0.0,7,13,0,0.2857142857142857,1
17207,259.37,1,259.37,218,0.0,55,19,3,0.05454545454545454,0
17208,93.45,1,93.45,95,0.0,21,12,1,0.047619047619047616,0
17209,591.95,3,197.3166666666667,722,0.0,36,16,6,0.13513513513513514,1
17210,212.29,1,212.29,212,0.0,47,12,4,0.1276595744680851,0
17211,3682.17,15,245.478,2081,0.13333333333333333,218,12,6,0.1436950146627566,0
17212,794.41,3,264.80333333333334,727,0.0,29,9,1,0.1724137931034483,1
17213,4766.03,20,238.30149999999998,2065,0.35,135,14,6,0.11307420494699646,1
17214,961.67,7,137.38142857142856,262,0.14285714285714285,79,13,0,0.09,0
17215,186.15,1,186.15,104,0.0,11,13,2,0.2727272727272727,1
17216,63.6,1,63.6,21,0.0,13,13,3,0.07692307692307693,0
17217,210.1,2,105.05,93,0.0,27,13,1,0.1111111111111111,0
17218,3846.05,18,213.66944444444445,2024,0.0,248,16,0,0.11587982832618025,0
17219,256.58,2,128.29,185,0.0,43,11,1,0.14583333333333334,0
17220,4397.36,21,209.3980952380952,2625,0.0,408,13,2,0.12613981762917933,0
17221,962.87,5,192.574,700,0.0,115,15,6,0.13934426229508196,0
17222,1558.3600000000001,6,259.7266666666667,846,0.0,94,13,3,0.1,0
17223,544.52,3,181.50666666666666,147,0.0,62,14,0,0.10294117647058823,0
17224,100.86,1,100.86,65,0.0,8,13,0,0.125,0
17225,131.15,1,131.15,36,0.0,5,11,4,0.0,0
17226,891.27,3,297.09,851,0.0,51,14,4,0.15517241379310345,1
17227,1803.5800000000002,12,150.29833333333335,1616,0.0,58,15,0,0.11818181818181818,0
17228,2808.35,13,216.02692307692308,2342,0.0,199,11,4,0.12654320987654322,0
17229,318.76,2,159.38,185,0.0,39,12,2,0.10638297872340426,0
17230,9159.45,23,398.23695652173916,3649,0.21739130434782608,141,11,4,0.10714285714285714,0
17231,6781.11,35,193.74599999999998,3501,0.2857142857142857,510,16,0,0.11825192802056556,0
17232,417.77,2,208.885,202,0.0,30,12,2,0.08571428571428572,0
17233,560.86,3,186.95333333333335,298,0.0,56,14,4,0.13793103448275862,0
17234,149.89000000000001,1,149.89000000000001,55,0.0,14,11,4,0.0,0
17235,1562.98,8,195.3725,845,0.0,52,13,3,0.11235955056179775,0
17236,1918.86,12,159.905,799,0.0,123,12,6,0.10897435897435898,0
17237,987.33,4,246.8325,412,0.0,76,11,1,0.09090909090909091,1
17238,7021.82,32,219.431875,3410,0.0,486,12,4,0.11436413540713632,1
17239,1174.15,6,195.6916666666667,513,0.3333333333333333,19,9,0,0.17647058823529413,0
17240,130.6,1,130.6,108,0.0,7,15,3,0.0,0
17241,2736.64,12,228.0533333333333,859,0.0,116,12,0,0.16470588235294117,1
17242,2889.28,5,577.856,1459,0.0,44,13,6,0.11904761904761904,0
17243,19646.48,80,245.581,7810,0.1375,360,10,6,0.12323612417685795,0
17244,1815.99,5,363.198,1406,0.0,109,13,6,0.06779661016949153,0
17245,340.13,2,170.065,293,0.0,24,15,1,0.041666666666666664,0
17246,38.92,2,19.46,36,0.0,6,17,1,0.0,0
17247,275.89,1,275.89,103,0.0,53,15,3,0.11320754716981132,0
17248,484.04,2,242.02,270,0.0,85,13,3,0.0784313725490196,1
17249,68.03,1,68.03,79,0.0,27,11,3,0.07407407407407407,1
17250,381.32,2,190.66,166,0.0,55,12,1,0.12727272727272726,1
17251,779.03,4,194.7575,372,0.25,65,10,6,0.10126582278481013,0
17252,348.91,2,174.455,192,0.0,86,16,0,0.18604651162790697,1
17253,178.26,1,178.26,43,0.0,18,12,0,0.16666666666666666,0
17254,469.48,3,156.49333333333334,397,0.0,129,14,0,0.1360544217687075,0
17255,734.62,4,183.655,552,0.0,163,15,6,0.1329479768786127,1
17256,481.08,5,96.216,292,0.0,20,13,6,0.03571428571428571,1
17257,189.78,2,94.89,187,0.0,14,12,2,0.07142857142857142,0
17258,412.95,2,206.475,185,0.0,46,15,4,0.14814814814814814,0
17259,1426.64,6,237.77333333333334,827,0.0,179,13,0,0.13122171945701358,1
17260,120.95,1,120.95,23,0.0,6,13,6,0.3333333333333333,1
17261,221.59,1,221.59,95,0.0,43,11,6,0.06976744186046512,0
17262,2488.76,11,226.25090909090912,635,0.0,12,15,1,0.0,0
17263,63.440000000000005,1,63.440000000000005,36,0.0,23,14,6,0.13043478260869565,1
17264,250.53,1,250.53,206,0.0,70,12,0,0.11428571428571428,0
17265,538.8000000000001,2,269.40000000000003,382,0.0,106,12,6,0.09322033898305085,0
17266,467.73,5,93.546,208,0.0,95,14,1,0.11926605504587157,0
17267,317.2,2,158.6,158,0.0,37,17,3,0.16216216216216217,0
17268,1733.8899999999999,11,157.62636363636364,1395,0.0,26,10,1,0.1,0
17269,419.2,1,419.2,275,0.0,110,11,4,0.11818181818181818,1
17270,593.9499999999999,2,296.97499999999997,414,0.0,45,14,4,0.15217391304347827,1
17271,201.9,1,201.9,107,0.0,46,13,3,0.06521739130434782,1
17272,2144.53,5,428.90600000000006,1776,0.2,70,12,1,0.14655172413793102,1
17273,141.12,1,141.12,133,0.0,12,15,0,0.0,0
17274,568.72,2,284.36,269,0.0,76,12,1,0.15789473684210525,0
17275,114.1,1,114.1,71,0.0,23,13,6,0.17391304347826086,1
17276,415.34000000000003,2,207.67000000000002,170,0.5,50,16,1,0.11320754716981132,0
17277,1065.3500000000001,2,532.6750000000001,430,0.0,67,12,4,0.08695652173913043,0
17278,271.24,2,135.62,195,0.0,17,13,1,0.11764705882352941,1
17279,181.93,1,181.93,46,0.0,8,11,3,0.25,0
17280,118.85999999999999,1,118.85999999999999,74,0.0,6,16,0,0.0,0
17281,797.8499999999999,6,132.975,295,0.0,2,11,1,0.0,0
17282,2291.34,5,458.26800000000003,2322,0.0,168,11,6,0.11557788944723618,0
17283,188.46,1,188.46,179,0.0,15,11,4,0.0,0
17284,2304.67,11,209.51545454545456,2050,0.2727272727272727,285,14,0,0.13440860215053763,0
17285,404.64,2,202.32,132,0.0,41,13,6,0.13953488372093023,1
17286,389.18,3,129.72666666666666,368,0.0,89,13,3,0.07777777777777778,0
17287,3787.86,23,164.6895652173913,1938,0.08695652173913043,279,12,1,0.12121212121212122,1
17288,2416.34,11,219.66727272727275,1678,0.0,233,13,6,0.13043478260869565,0
17289,1937.68,11,176.15272727272728,1165,0.18181818181818182,202,13,6,0.09126984126984126,0
17290,1368.77,8,171.09625,1094,0.0,184,15,1,0.10471204188481675,1
17291,550.8000000000001,1,550.8000000000001,72,0.0,1,13,4,0.0,0
17292,267.5,2,133.75,130,0.0,14,17,1,0.0,1
17293,3689.13,17,217.00764705882352,2200,0.0,148,16,2,0.13247863247863248,0
17294,467.78999999999996,2,233.89499999999998,297,0.0,17,14,0,0.17647058823529413,1
17295,547.0,3,182.33333333333334,293,0.0,53,10,4,0.10294117647058823,0
17296,335.58,1,335.58,215,0.0,32,14,2,0.03125,0
17297,128.18,1,128.18,65,0.0,49,14,1,0.10204081632653061,0
17298,949.22,6,158.20333333333335,840,0.16666666666666666,61,12,1,0.02857142857142857,0
17299,965.58,6,160.93,900,0.0,96,16,6,0.11214953271028037,0
17300,388.69,2,194.345,464,0.0,37,10,6,0.09302325581395349,0
17301,287.99,2,143.995,212,0.0,107,13,4,0.11711711711711711,0
17302,1119.93,6,186.655,573,0.16666666666666666,68,9,0,0.1111111111111111,1
17303,250.04,1,250.04,144,0.0,53,13,0,0.09433962264150944,0
17304,111.5,1,111.5,73,0.0,5,16,2,0.0,1
17305,2135.46,1,2135.46,1006,0.0,9,12,0,0.1111111111111111,0
17306,9751.77,23,423.99,13726,0.08695652173913043,17,9,2,0.14666666666666667,1
17307,3378.31,15,225.22066666666666,3233,0.26666666666666666,24,13,1,0.07692307692307693,1
17308,4511.76,2,2255.88,5148,0.0,5,9,0,0.14285714285714285,0
17309,309.14,3,103.04666666666667,174,0.0,33,15,3,0.14705882352941177,0
17310,1025.1,2,512.55,402,0.0,1,11,2,0.5,0
17311,3490.66,7,498.6657142857143,2709,0.14285714285714285,124,14,3,0.06976744186046512,1
17312,644.3,3,214.76666666666665,372,0.0,11,13,6,0.0,0
17313,2288.13,2,1144.065,1382,0.5,24,15,1,0.14285714285714285,1
17314,4514.7,22,205.21363636363637,3225,0.22727272727272727,200,10,0,0.12937062937062938,0
17315,9433.9,49,192.5285714285714,5012,0.12244897959183673,385,12,0,0.11538461538461539,0
17316,124.45,1,124.45,44,0.0,35,14,4,0.2571428571428571,0
17317,2524.02,5,504.804,1074,0.4,8,12,6,0.09090909090909091,1
17318,157.32999999999998,1,157.32999999999998,59,0.0,17,13,0,0.11764705882352941,0
17319,29.1,1,29.1,14,0.0,3,15,0,0.0,0
17320,2444.85,6,407.47499999999997,1182,0.0,86,15,0,0.13815789473684212,1
17321,1610.86,6,268.47666666666663,763,0.0,241,12,2,0.12109375,0
17322,858.94,7,122.7057142857143,607,0.2857142857142857,115,13,2,0.13793103448275862,0
17323,1533.53,14,109.53785714285713,1416,0.14285714285714285,168,12,6,0.14457831325301204,0
17324,1997.67,13,153.66692307692307,1425,0.07692307692307693,111,11,2,0.12413793103448276,0
17325,609.5699999999999,3,203.18999999999997,465,0.0,39,9,0,0.07692307692307693,0
17326,307.9,2,153.95,133,0.0,82,14,0,0.15476190476190477,0
17327,152.35,2,76.175,59,0.0,3,9,1,0.0,0
17328,104.7,1,104.7,86,0.0,6,17,3,0.0,1
17329,998.53,5,199.706,430,0.0,80,16,1,0.11538461538461539,0
17330,423.8,4,105.95,122,0.0,7,11,0,0.125,1
17331,175.2,1,175.2,16,0.0,1,11,0,0.0,1
17332,828.0699999999999,5,165.61399999999998,790,0.0,82,12,6,0.08602150537634409,1
17333,494.25,1,494.25,375,0.0,28,10,3,0.14285714285714285,1
17334,634.73,4,158.6825,565,0.25,20,12,4,0.03125,0
17335,469.24,2,234.62,206,0.0,34,11,6,0.20588235294117646,0
17336,81.12,1,81.12,48,0.0,1,15,1,0.0,1
17337,1863.93,7,266.2757142857143,1176,0.42857142857142855,421,17,2,0.11787819253438114,0
17338,11352.03,20,567.6015,5538,0.15,591,14,2,0.12449474535165723,1
17339,243.36,4,60.84,152,0.25,10,13,1,0.36363636363636365,0
17340,18833.63,30,627.7876666666667,9337,0.4,324,10,3,0.12588401697312587,0
17341,1247.16,5,249.43200000000002,816,0.0,200,12,2,0.08571428571428572,1
17342,1155.8400000000001,7,165.12000000000003,499,0.42857142857142855,31,9,0,0.2,0
17343,1226.49,6,204.415,435,0.0,61,10,6,0.1282051282051282,0
17344,443.86,3,147.95333333333335,198,0.3333333333333333,64,12,4,0.1323529411764706,1
17345,1413.9,12,117.825,1906,0.16666666666666666,184,15,2,0.1,1
17346,4804.55,27,177.9462962962963,3324,0.037037037037037035,517,12,1,0.09876543209876543,1
17347,228.96,1,228.96,216,0.0,1,13,2,0.0,0
17348,2323.16,9,258.12888888888887,2687,0.0,326,11,1,0.11374407582938388,1
17349,730.36,5,146.072,705,0.0,74,12,2,0.19230769230769232,0
17350,1829.381,8,228.672625,1076,0.125,124,16,2,0.17266187050359713,1
17351,1988.23,12,165.68583333333333,383,0.0,45,18,3,0.08695652173913043,0
17352,36.25,1,36.25,15,0.0,5,16,1,0.2,0
17353,3155.55,7,450.79285714285714,2136,0.42857142857142855,8,8,3,0.11764705882352941,0
17354,2956.0099999999998,4,739.0024999999999,2420,0.0,85,13,3,0.15053763440860216,1
17355,192.41,1,192.41,193,0.0,28,13,3,0.14285714285714285,1
17356,946.47,5,189.294,925,0.0,73,10,3,0.11627906976744186,0
17357,372.36,2,186.18,147,0.0,41,16,1,0.0975609756097561,0
17358,851.31,5,170.262,426,0.0,126,13,6,0.13194444444444445,0
17359,240.9,2,120.45,129,0.0,36,14,0,0.1111111111111111,0
17360,1121.16,7,160.1657142857143,604,0.14285714285714285,189,12,4,0.1085972850678733,1
17361,848.09,5,169.618,374,0.0,51,14,0,0.16363636363636364,1
17362,1003.04,8,125.38,545,0.125,99,12,3,0.1103448275862069,0
17363,920.46,3,306.82,499,0.0,34,17,1,0.14285714285714285,0
17364,11423.93,31,368.5138709677419,7344,0.0967741935483871,514,15,4,0.12669683257918551,0
17365,7854.25,16,490.890625,7808,0.0625,397,12,1,0.12663185378590078,0
17366,990.22,3,330.0733333333333,426,0.3333333333333333,120,19,3,0.06976744186046512,1
17367,167.55,1,167.55,149,0.0,33,14,4,0.21212121212121213,0
17368,1848.39,16,115.524375,1543,0.125,195,15,1,0.06584362139917696,0
17369,979.1999999999999,1,979.1999999999999,1152,0.0,1,9,4,0.0,0
17370,446.18,4,111.545,540,0.0,31,14,3,0.18181818181818182,0
17371,639.37,6,106.56166666666667,265,0.0,135,13,1,0.10638297872340426,0
17372,4217.68,31,136.0541935483871,1784,0.0967741935483871,412,13,6,0.10339506172839506,0
17373,1167.5,7,166.78571428571428,738,0.0,65,14,6,0.14285714285714285,1
17374,711.21,4,177.8025,153,0.25,34,9,3,0.23255813953488372,0
17375,632.95,5,126.59,474,0.2,77,15,0,0.11363636363636363,0
17376,453.64,4,113.41,244,0.0,41,11,0,0.14545454545454545,0
17377,16907.55,91,185.79725274725274,7195,0.14285714285714285,508,11,2,0.11307420494699646,0
17378,0.0,2,0.0,0,0.5,1,15,1,0.0,1
17379,339.34,1,339.34,563,0.0,71,13,0,0.07042253521126761,1
17380,643.75,4,160.9375,251,0.25,5,11,2,0.0,0
17381,36395.47,39,933.2171794871795,42876,0.02564102564102564,50,11,0,0.10365853658536585,0
17382,902.28,8,112.785,457,0.0,16,11,2,0.05555555555555555,1
17383,304.09,2,152.045,160,0.0,51,17,0,0.13725490196078433,0
17384,507.55,3,169.18333333333334,121,0.0,15,15,6,0.05,0
17385,250.29,1,250.29,191,0.0,42,11,4,0.11904761904761904,1
17386,2812.77,7,401.82428571428574,1955,0.0,32,11,4,0.13157894736842105,0
17387,730.31,2,365.155,512,0.0,71,11,6,0.17333333333333334,0
17388,2587.65,11,235.2409090909091,2471,0.0,41,10,1,0.057692307692307696,1
17389,54577.68,77,708.801038961039,17518,0.2077922077922078,65,15,4,0.1319910514541387,1
17390,149.3,1,149.3,49,0.0,12,11,4,0.16666666666666666,0
17391,508.8,2,254.4,480,0.0,2,12,1,0.3333333333333333,0
17392,566.99,3,188.99666666666667,423,0.0,66,19,3,0.1323529411764706,0
17393,286.03,2,143.015,186,0.0,45,15,6,0.13333333333333333,0
17394,203.86999999999998,1,203.86999999999998,241,0.0,4,13,2,0.0,0
17395,97.5,1,97.5,66,0.0,3,15,0,0.0,0
17396,8177.1,16,511.06875,2231,0.125,29,10,0,0.1320754716981132,0
17397,1197.03,3,399.01,690,0.0,132,13,3,0.10526315789473684,0
17398,653.38,3,217.79333333333332,310,0.0,30,13,1,0.13157894736842105,0
17399,-25111.09,1,-25111.09,-1,1.0,1,16,3,0.0,1
17400,4546.86,8,568.3575,2153,0.0,345,17,4,0.09492273730684327,0
17401,111.1,1,111.1,33,0.0,11,16,2,0.0,0
17402,4601.41,26,176.97730769230768,1447,0.11538461538461539,105,15,6,0.12154696132596685,0
17403,382.87,2,191.435,188,0.0,45,15,3,0.06666666666666667,0
17404,46006.82,28,1643.1007142857143,50005,0.17857142857142858,126,10,0,0.13468013468013468,1
17405,967.22,5,193.44400000000002,705,0.4,77,14,1,0.09574468085106383,0
17406,3842.55,18,213.47500000000002,1806,0.2777777777777778,156,14,0,0.12033195020746888,0
17407,552.9,1,552.9,426,0.0,23,11,6,0.13043478260869565,0
17408,164.89000000000001,4,41.222500000000004,91,0.25,7,14,1,0.1111111111111111,0
17409,7793.51,10,779.351,4089,0.0,50,9,3,0.125,0
17410,1214.72,5,242.94400000000002,616,0.0,57,15,2,0.125,0
17411,1316.53,9,146.2811111111111,581,0.4444444444444444,71,12,3,0.0963855421686747,1
17412,4186.83,19,220.3594736842105,2526,0.15789473684210525,162,13,2,0.1459227467811159,0
17413,560.14,2,280.07,302,0.0,10,12,6,0.2,0
17414,2249.52,6,374.92,6256,0.0,6,16,2,0.0,0
17415,507.84,1,507.84,114,0.0,14,12,2,0.0,1
17416,17221.47,25,688.8588000000001,8731,0.12,324,9,3,0.11666666666666667,0
17417,164.18,1,164.18,76,0.0,16,10,2,0.125,0
17418,670.0600000000001,3,223.35333333333335,521,0.0,40,13,4,0.23809523809523808,0
17419,6100.65,20,305.03249999999997,2880,0.1,203,12,3,0.15946843853820597,0
17420,943.68,8,117.96,444,0.25,43,13,2,0.09615384615384616,0
17421,1059.41,3,353.1366666666667,807,0.0,46,11,2,0.034482758620689655,0
17422,3341.65,20,167.0825,3375,0.45,149,10,2,0.07296137339055794,0
17423,1084.17,5,216.834,752,0.4,39,12,3,0.1111111111111111,1
17424,-176.96,1,-176.96,-1,1.0,1,14,3,0.0,1
17425,759.17,2,379.585,407,0.0,42,11,0,0.23255813953488372,1
17426,7660.87,17,450.63941176470587,5100,0.23529411764705882,254,12,4,0.1366742596810934,0
17427,100.8,1,100.8,34,0.0,2,11,3,0.0,0
17428,30885.06,51,605.5894117647059,17243,0.11764705882352941,423,15,1,0.11096075778078485,0
17429,1342.16,7,191.73714285714286,1276,0.2857142857142857,80,12,2,0.06060606060606061,1
17430,622.57,4,155.6425,455,0.0,30,11,3,0.10810810810810811,0
17431,400.09999999999997,1,400.09999999999997,285,0.0,41,14,6,0.0975609756097561,1
17432,1728.99,9,192.11,1008,0.0,213,13,0,0.12773722627737227,0
17433,566.66,2,283.33,303,0.0,81,14,0,0.14130434782608695,0
17434,2333.42,9,259.2688888888889,1685,0.2222222222222222,100,13,2,0.12318840579710146,1
17435,331.35,1,331.35,195,0.0,15,13,6,0.2,1
17436,521.31,7,74.47285714285714,173,0.2857142857142857,8,11,2,0.09523809523809523,0
17437,369.68,1,369.68,283,0.0,52,11,0,0.07692307692307693,0
17438,1412.6200000000001,6,235.4366666666667,550,0.16666666666666666,49,14,1,0.0958904109589041,1
17439,325.74,1,325.74,370,0.0,8,12,0,0.125,1
17440,314.26,6,52.376666666666665,268,0.3333333333333333,4,12,2,0.0,0
17441,293.35,1,293.35,245,0.0,21,13,0,0.14285714285714285,0
17442,4517.7,23,196.4217391304348,3109,0.34782608695652173,189,13,0,0.10580204778156997,0
17443,534.24,1,534.24,504,0.0,1,10,2,0.0,0
17444,2940.04,3,980.0133333333333,2119,0.0,132,10,0,0.17037037037037037,1
17445,-506.51,1,-506.51,-1,1.0,1,12,4,0.0,1
17446,120.9,2,60.45,198,0.0,6,14,2,0.1111111111111111,0
17447,541.53,2,270.765,443,0.0,33,10,3,0.1388888888888889,0
17448,10162.380000000001,54,188.19222222222223,11504,0.14814814814814814,571,11,0,0.1317418213969938,0
17449,4780.36,14,341.4542857142857,2421,0.07142857142857142,292,14,2,0.12084063047285463,0
17450,231667.87,61,3797.8339344262295,80842,0.16393442622950818,148,16,1,0.1318181818181818,1
17451,1648.95,10,164.895,1178,0.3,83,11,4,0.06542056074766354,1
17452,-227.28,1,-227.28,-1,1.0,1,15,3,1.0,0
17453,486.71999999999997,2,243.35999999999999,219,0.0,19,9,1,0.21052631578947367,0
17454,1532.64,11,139.3309090909091,721,0.09090909090909091,98,10,6,0.13385826771653545,0
17455,131.7,1,131.7,66,0.0,8,12,4,0.125,0
17456,975.5600000000001,2,487.78000000000003,508,0.0,59,15,3,0.15,0
17457,5799.01,18,322.1672222222222,2635,0.2222222222222222,30,10,4,0.1111111111111111,1
17458,524.58,2,262.29,278,0.0,81,13,3,0.10714285714285714,0
17459,649.4,2,324.7,535,0.0,88,17,0,0.09090909090909091,1
17460,1937.1000000000001,21,92.24285714285715,883,0.23809523809523808,93,11,3,0.14285714285714285,0
17461,735.82,3,245.27333333333334,770,0.0,104,10,3,0.10377358490566038,0
17462,662.94,3,220.98000000000002,224,0.3333333333333333,25,13,0,0.10714285714285714,1
17463,2479.98,9,275.55333333333334,1458,0.2222222222222222,234,15,3,0.09206349206349207,0
17464,816.54,4,204.135,548,0.25,35,13,0,0.07317073170731707,0
17465,2533.64,9,281.5155555555555,1470,0.2222222222222222,103,9,3,0.10416666666666667,0
17466,763.28,2,381.64,306,0.0,41,9,3,0.07317073170731707,0
17467,102.6,1,102.6,20,0.0,4,12,1,0.0,0
17468,194.8,3,64.93333333333334,184,0.0,8,12,4,0.0,0
17469,4958.34,22,225.3790909090909,2277,0.22727272727272727,166,10,3,0.09025270758122744,1
17470,2626.47,11,238.76999999999998,2731,0.0,111,12,2,0.09032258064516129,0
17471,321.65000000000003,1,321.65000000000003,153,0.0,19,11,6,0.15789473684210525,1
17472,901.3,4,225.325,543,0.0,183,14,6,0.14285714285714285,1
17473,592.15,3,197.38333333333333,267,0.3333333333333333,33,11,2,0.05714285714285714,0
17474,1047.0,1,1047.0,200,0.0,6,10,0,0.0,1
17475,194.37,1,194.37,178,0.0,14,14,2,0.2857142857142857,0
17476,446.51,4,111.6275,220,0.5,29,12,2,0.11764705882352941,0
17477,1079.0,5,215.8,211,0.6,44,10,1,0.14893617021276595,0
17478,1272.8,2,636.4,516,0.0,40,14,1,0.125,0
17479,389.26000000000005,1,389.26000000000005,266,0.0,18,9,2,0.2777777777777778,1
17480,876.92,3,292.3066666666667,579,0.3333333333333333,50,11,4,0.12727272727272726,0
17481,1249.34,5,249.868,1060,0.2,69,9,3,0.10843373493975904,0
17482,762.74,2,381.37,238,0.0,50,15,0,0.13725490196078433,1
17483,591.73,4,147.9325,265,0.0,23,13,3,0.14285714285714285,0
17484,209.57,2,104.785,339,0.0,14,15,2,0.0,0
17485,-29.55,1,-29.55,-9,1.0,6,14,1,0.0,0
17486,396.87,1,396.87,191,0.0,24,14,2,0.125,0
17487,160.55,1,160.55,37,0.0,8,15,4,0.0,0
17488,336.5,1,336.5,136,0.0,18,14,0,0.05555555555555555,1
17489,376.64,2,188.32,428,0.0,28,11,2,0.06896551724137931,0
17490,2585.06,13,198.85076923076923,1418,0.3076923076923077,94,9,1,0.0873015873015873,0
17491,5636.72,18,313.1511111111111,3361,0.05555555555555555,105,11,3,0.10112359550561797,1
17492,1122.42,3,374.14000000000004,450,0.0,32,15,2,0.1282051282051282,1
17493,100.91000000000001,1,100.91000000000001,62,0.0,8,16,4,0.125,0
17494,54.699999999999996,1,54.699999999999996,26,0.0,3,10,0,0.0,0
17495,759.07,4,189.7675,358,0.25,38,12,6,0.03773584905660377,0
17496,1385.89,5,277.178,671,0.2,55,10,3,0.0945945945945946,0
17497,287.25,2,143.625,59,0.0,7,14,6,0.0,0
17498,272.22,1,272.22,394,0.0,17,12,6,0.17647058823529413,1
17499,1296.84,3,432.28,1077,0.3333333333333333,66,9,2,0.0958904109589041,0
17500,1138.0,3,379.3333333333333,17,0.0,3,9,3,0.0,1
17501,288.6,2,144.3,160,0.0,18,9,1,0.1111111111111111,0
17502,689.1,4,172.275,376,0.0,25,13,2,0.14285714285714285,1
17503,558.96,2,279.48,486,0.0,36,11,1,0.07894736842105263,0
17504,9238.42,19,486.23263157894735,5212,0.05263157894736842,244,12,1,0.15211267605633802,1
17505,2435.48,5,487.096,1242,0.0,83,12,1,0.14705882352941177,0
17506,294.29,2,147.145,136,0.5,14,11,6,0.1875,0
17507,598.08,2,299.04,353,0.0,79,18,3,0.08045977011494253,0
17508,4546.78,9,505.19777777777773,2880,0.1111111111111111,199,12,0,0.11206896551724138,0
17509,6069.24,11,551.7490909090909,3508,0.2727272727272727,75,14,4,0.13896457765667575,0
17510,514.56,2,257.28,422,0.0,28,10,1,0.05714285714285714,0
17511,168491.62,85,1982.2543529411764,115449,0.29411764705882354,678,10,2,0.1189215214251324,0
17512,5432.27,20,271.61350000000004,5421,0.1,102,10,3,0.12060301507537688,1
17513,1158.8,3,386.26666666666665,440,0.0,18,15,2,0.2777777777777778,0
17514,518.2,2,259.1,280,0.0,72,14,0,0.12345679012345678,0
17515,1596.26,9,177.36222222222221,522,0.0,91,14,2,0.09550561797752809,0
17516,935.15,6,155.85833333333332,515,0.0,150,12,4,0.1595744680851064,0
17517,153.94,1,153.94,102,0.0,11,11,4,0.18181818181818182,0
17518,328.32,2,164.16,265,0.0,71,13,6,0.10526315789473684,0
17519,4767.5,17,280.44117647058823,3226,0.11764705882352941,143,10,3,0.13106796116504854,1
17520,546.81,1,546.81,365,0.0,30,12,0,0.1,0
17521,1276.81,6,212.80166666666665,805,0.16666666666666666,65,11,2,0.10126582278481013,0
17522,1058.91,5,211.782,1020,0.0,59,14,3,0.1,0
17523,646.49,4,161.6225,867,0.0,25,13,6,0.0625,0
17524,508.9,4,127.225,290,0.25,37,16,0,0.08888888888888889,0
17525,1161.9,3,387.3,338,0.0,19,9,2,0.15384615384615385,0
17526,3450.04,16,215.6275,1389,0.25,67,16,3,0.08333333333333333,0
17527,888.86,6,148.14333333333335,463,0.3333333333333333,45,10,0,0.1836734693877551,0
17528,3530.72,11,320.9745454545454,2112,0.2727272727272727,183,13,3,0.10505836575875487,0
17529,1240.25,2,620.125,790,0.0,78,12,0,0.17073170731707318,1
17530,2746.11,13,211.23923076923077,1707,0.07692307692307693,359,17,3,0.10412147505422993,0
17531,1191.22,9,132.35777777777778,460,0.6666666666666666,57,12,2,0.07692307692307693,0
17532,65.34,1,65.34,30,0.0,4,8,4,0.25,0
17533,34.8,1,34.8,24,0.0,1,9,4,0.0,0
17534,1668.83,5,333.76599999999996,860,0.0,76,9,3,0.10869565217391304,0
17535,164.4,1,164.4,136,0.0,13,15,4,0.07692307692307693,0
17536,364.83,3,121.61,201,0.0,16,12,4,0.1875,1
17537,887.67,2,443.835,699,0.0,74,13,2,0.12162162162162163,0
17538,98.42,1,98.42,134,0.0,9,12,0,0.1111111111111111,0
17539,975.4599999999999,7,139.35142857142856,664,0.42857142857142855,133,15,6,0.09090909090909091,0
17540,1582.1000000000001,7,226.01428571428573,587,0.14285714285714285,41,11,1,0.1076923076923077,0
17541,119.86,1,119.86,44,0.0,31,11,6,0.0967741935483871,0
17542,318.35,3,106.11666666666667,309,0.0,57,12,0,0.0967741935483871,0
17543,120.05,1,120.05,62,0.0,13,12,1,0.07692307692307693,1
17544,842.39,3,280.7966666666667,354,0.0,80,14,6,0.0625,0
17545,1370.01,6,228.335,661,0.0,204,13,3,0.12698412698412698,0
17546,-648.05,1,-648.05,-1,1.0,1,15,4,0.0,1
17547,692.35,4,173.0875,213,0.5,22,14,4,0.1388888888888889,0
17548,486.48,6,81.08,304,0.3333333333333333,22,10,2,0.13043478260869565,0
17549,148.86,2,74.43,210,0.0,5,9,2,0.0,1
17550,2091.82,10,209.18200000000002,837,0.1,250,13,6,0.1069182389937107,0
17551,290.34,1,290.34,142,0.0,39,14,2,0.1282051282051282,0
17552,2740.68,16,171.2925,1928,0.25,80,18,0,0.087248322147651,0
17553,3757.6,4,939.4,2288,0.0,2,9,1,0.0,0
17554,1926.95,5,385.39,1760,0.0,58,20,3,0.09195402298850575,1
17555,1032.29,5,206.458,732,0.0,220,12,6,0.10384615384615385,0
17556,300.67,2,150.335,184,0.0,13,17,3,0.0,0
17557,575.46,4,143.865,310,0.0,28,14,0,0.05714285714285714,1
17558,259.17,1,259.17,54,0.0,28,14,3,0.07142857142857142,0
17559,167.62,1,167.62,270,0.0,12,12,3,0.08333333333333333,1
17560,1895.8,9,210.64444444444445,1604,0.0,37,14,2,0.23214285714285715,0
17561,683.47,4,170.8675,357,0.0,163,13,6,0.14835164835164835,0
17562,1107.38,8,138.4225,813,0.125,48,13,6,0.171875,1
17563,309.28000000000003,5,61.85600000000001,227,0.6,28,10,2,0.17142857142857143,1
17564,454.01,3,151.33666666666667,146,0.0,38,13,1,0.08163265306122448,0
17565,131.83,1,131.83,67,0.0,30,11,6,0.13333333333333333,0
17566,786.59,2,393.295,442,0.0,113,19,3,0.0859375,1
17567,4519.16,11,410.83272727272725,2704,0.18181818181818182,128,10,3,0.12980769230769232,0
17568,373.61,1,373.61,273,0.0,61,16,1,0.09836065573770492,1
17569,344.14,1,344.14,159,0.0,29,14,1,0.1724137931034483,0
17570,0.0,2,0.0,0,0.5,1,11,1,0.0,0
17571,1534.39,5,306.87800000000004,941,0.0,290,15,3,0.10130718954248366,0
17572,652.21,10,65.221,327,0.0,14,10,1,0.28125,0
17573,362.9,4,90.725,302,0.25,24,13,3,0.23076923076923078,0
17574,185.65,1,185.65,77,0.0,8,9,0,0.25,1
17575,171.7,1,171.7,72,0.0,5,13,2,0.0,1
17576,8453.07,45,187.846,4515,0.08888888888888889,417,17,1,0.12979683972911965,0
17577,348.75,2,174.375,179,0.0,20,13,3,0.19047619047619047,0
17578,997.9300000000001,10,99.793,467,0.3,57,13,1,0.11594202898550725,0
17579,728.08,5,145.616,369,0.2,89,14,0,0.15053763440860216,0
17580,541.02,5,108.204,223,0.0,78,14,0,0.1595744680851064,0
17581,17500.18,53,330.1920754716981,9425,0.18867924528301888,392,12,3,0.13079667063020214,0
17582,1415.5,6,235.91666666666666,596,0.16666666666666666,92,13,6,0.11666666666666667,0
17583,135.95,1,135.95,55,0.0,7,14,4,0.14285714285714285,0
17584,5294.42,7,756.3457142857143,2452,0.14285714285714285,85,12,6,0.064,0
17585,2051.4,7,293.0571428571429,2503,0.0,295,13,0,0.1266490765171504,0
17586,167.4,1,167.4,68,0.0,8,13,1,0.0,0
17587,176.71,1,176.71,67,0.0,42,14,6,0.14285714285714285,1
17588,2901.65,9,322.40555555555557,1367,0.2222222222222222,36,15,0,0.16,1
17589,13154.99,21,626.4280952380952,8318,0.14285714285714285,601,16,6,0.12419871794871795,0
17590,1429.98,3,476.66,800,0.0,162,16,1,0.1368421052631579,1
17591,2294.06,9,254.89555555555555,1009,0.1111111111111111,93,15,1,0.06470588235294118,0
17592,0.0,2,0.0,0,0.5,13,10,1,0.23076923076923078,0
17593,7994.7300000000005,15,532.9820000000001,5540,0.26666666666666666,311,10,0,0.11864406779661017,0
17594,2497.88,4,624.47,1368,0.0,70,16,3,0.10576923076923077,0
17595,386.69,2,193.345,228,0.0,68,16,6,0.12195121951219512,1
17596,4325.53,14,308.96642857142854,6746,0.07142857142857142,276,13,1,0.14105263157894737,1
17597,3425.29,7,489.32714285714286,2205,0.2857142857142857,110,11,1,0.12686567164179105,0
17598,409.98,1,409.98,126,0.0,10,17,1,0.1,1
17599,44.55,3,14.85,9,0.6666666666666666,3,12,3,0.0,1
17600,161.67000000000002,1,161.67000000000002,144,0.0,13,9,1,0.07692307692307693,1
17601,398.83,2,199.415,288,0.0,69,14,2,0.14492753623188406,1
17602,7018.78,18,389.9322222222222,5749,0.2222222222222222,450,13,2,0.12682379349046016,0
17603,109.05999999999997,11,9.914545454545452,504,0.6363636363636364,106,17,4,0.13274336283185842,0
17604,939.0,6,156.5,612,0.0,142,12,2,0.12077294685990338,0
17605,160.75,1,160.75,71,0.0,13,14,2,0.0,0
17606,87.30000000000001,1,87.30000000000001,42,0.0,6,13,2,0.0,0
17607,333.81,1,333.81,269,0.0,22,13,6,0.18181818181818182,0
17608,469.3,4,117.325,506,0.0,134,13,6,0.12080536912751678,0
17609,1692.53,14,120.895,1194,0.21428571428571427,317,16,6,0.12432432432432433,0
17610,1378.66,8,172.3325,858,0.375,123,16,0,0.12269938650306748,0
17611,8148.08,35,232.80228571428572,5249,0.2,724,13,6,0.10611510791366907,0
17612,5156.14,32,161.129375,3461,0.4375,214,10,0,0.12228260869565218,0
17613,4461.77,17,262.45705882352945,2444,0.17647058823529413,211,12,1,0.10289389067524116,0
17614,385.48,1,385.48,233,0.0,97,16,3,0.12371134020618557,0
17615,668.8,7,95.54285714285713,346,0.14285714285714285,47,12,1,0.12727272727272726,0
17616,734.4,4,183.6,288,0.0,1,10,1,0.0,0
17617,227.14000000000001,2,113.57000000000001,220,0.5,20,12,6,0.1,0
17618,3878.79,13,298.36846153846153,1765,0.15384615384615385,202,13,6,0.08450704225352113,0
17619,210.35999999999999,1,210.35999999999999,119,0.0,71,14,0,0.1267605633802817,0
17620,81.44,1,81.44,60,0.0,4,12,1,0.0,0
17621,3029.32,8,378.665,1094,0.25,61,9,0,0.07352941176470588,0
17622,1125.17,3,375.0566666666667,367,0.3333333333333333,19,12,1,0.1282051282051282,0
17623,2355.82,7,336.5457142857143,798,0.0,130,14,0,0.12435233160621761,0
17624,1568.63,4,392.1575,958,0.0,91,10,1,0.1958762886597938,0
17625,5823.27,8,727.90875,3426,0.0,429,11,6,0.12613981762917933,0
17626,254.0,1,254.0,202,0.0,18,12,4,0.05555555555555555,0
17627,285.11,2,142.555,673,0.5,11,11,2,0.09090909090909091,0
17628,75.75,1,75.75,79,0.0,5,15,0,0.0,0
17629,2425.52,11,220.50181818181818,1895,0.09090909090909091,129,10,6,0.1464968152866242,0
17630,503.59999999999997,2,251.79999999999998,158,0.0,24,14,3,0.07692307692307693,0
17631,998.49,7,142.64142857142858,591,0.0,66,13,3,0.07246376811594203,0
17632,-12.7,2,-6.35,-2,1.0,1,10,1,0.0,0
17633,1974.89,9,219.43222222222224,885,0.2222222222222222,84,15,3,0.1262135922330097,0
17634,2358.59,9,262.0655555555556,838,0.0,209,12,3,0.11824324324324324,1
17635,1256.83,4,314.2075,763,0.25,60,10,0,0.16,0
17636,265.93,2,132.965,176,0.5,20,14,6,0.125,1
17637,547.0600000000001,2,273.53000000000003,280,0.0,35,13,1,0.02857142857142857,0
17638,842.4,2,421.2,432,0.0,2,9,4,0.0,0
17639,615.17,6,102.52833333333332,576,0.0,59,11,2,0.16455696202531644,1
17640,3107.59,8,388.44875,1671,0.25,48,13,6,0.07352941176470588,0
17641,-6.95,1,-6.95,-1,1.0,1,12,1,0.0,0
17642,1824.49,5,364.898,1475,0.0,88,9,2,0.09259259259259259,0
17643,439.7,2,219.85,226,0.0,30,13,3,0.12903225806451613,0
17644,5864.54,28,209.44785714285715,3410,0.2857142857142857,160,13,3,0.11627906976744186,0
17645,-9.9,1,-9.9,-2,1.0,1,13,4,0.0,0
17646,3843.1600000000003,16,240.19750000000002,1299,0.25,124,10,4,0.04878048780487805,1
17647,331.65999999999997,3,110.55333333333333,82,0.0,12,15,2,0.0,0
17648,2208.42,6,368.07,953,0.16666666666666666,114,10,0,0.09523809523809523,0
17649,1542.44,5,308.488,716,0.4,88,15,6,0.0891089108910891,1
17650,166.08,1,166.08,150,0.0,8,14,4,0.125,0
17651,5632.59,22,256.0268181818182,4062,0.2727272727272727,199,12,3,0.09090909090909091,1
17652,4737.13,18,263.1738888888889,2479,0.3333333333333333,118,14,3,0.13703703703703704,1
17653,1175.88,5,235.17600000000002,1401,0.2,44,15,1,0.1,1
17654,117.55,1,117.55,41,0.0,22,13,0,0.18181818181818182,0
17655,2909.1800000000003,10,290.918,1108,0.1,75,11,1,0.09734513274336283,1
17656,1674.69,5,334.938,1399,0.0,67,13,1,0.1951219512195122,1
17657,126.0,1,126.0,60,0.0,7,14,1,0.14285714285714285,0
17658,485.88,3,161.96,522,0.3333333333333333,17,12,0,0.043478260869565216,1
17659,3536.33,17,208.01941176470586,1712,0.17647058823529413,150,14,1,0.1326530612244898,0
17660,334.67,2,167.335,253,0.0,75,16,2,0.16455696202531644,0
17661,-54.0,1,-54.0,-8,1.0,1,16,0,0.0,0
17662,412.92,2,206.46,184,0.0,14,9,3,0.13333333333333333,0
17663,5081.04,23,220.91478260869565,2268,0.2608695652173913,153,10,0,0.12449799196787148,0
17664,1166.23,4,291.5575,1058,0.0,68,14,0,0.075,1
17665,563.1,1,563.1,690,0.0,19,13,1,0.05263157894736842,0
17666,2047.8,5,409.56,1552,0.0,30,12,2,0.18181818181818182,0
17667,3883.8,12,323.65000000000003,2188,0.25,141,9,0,0.11063829787234042,0
17668,347.75,2,173.875,93,0.0,14,14,1,0.26666666666666666,0
17669,6142.35,10,614.235,3505,0.0,85,13,3,0.1388888888888889,0
17670,205.7,1,205.7,110,0.0,11,9,1,0.18181818181818182,0
17671,1720.53,7,245.79,874,0.2857142857142857,54,11,3,0.04819277108433735,1
17672,5707.08,9,634.12,2740,0.2222222222222222,179,13,3,0.09004739336492891,0
17673,4118.7699999999995,15,274.58466666666664,3247,0.13333333333333333,195,14,0,0.1144578313253012,0
17674,551.04,2,275.52,672,0.0,19,13,0,0.1111111111111111,0
17675,37064.32,90,411.8257777777778,16026,0.2222222222222222,347,13,1,0.11902693310165074,0
17676,2405.32,13,185.0246153846154,1698,0.23076923076923078,86,11,2,0.11764705882352941,0
17677,34232.18,91,376.1778021978022,20731,0.4065934065934066,349,11,4,0.12397820163487738,0
17678,579.81,3,193.26999999999998,367,0.3333333333333333,27,11,0,0.06896551724137931,1
17679,3166.56,11,287.8690909090909,1414,0.36363636363636365,70,17,3,0.11428571428571428,0
17680,462.5,4,115.625,154,0.25,20,12,2,0.23809523809523808,0
17681,529.6,6,88.26666666666667,354,0.16666666666666666,13,10,1,0.2,0
17682,4050.28,12,337.52333333333337,2279,0.08333333333333333,85,15,1,0.11312217194570136,0
17683,819.01,3,273.00333333333333,781,0.0,41,17,3,0.06521739130434782,0
17684,239.41,1,239.41,145,0.0,15,11,3,0.06666666666666667,0
17685,5401.8,14,385.84285714285716,3445,0.14285714285714285,124,12,0,0.1414141414141414,1
17686,8296.81,9,921.8677777777777,3583,0.0,283,11,3,0.14219114219114218,0
17687,432.68,1,432.68,210,0.0,26,12,4,0.11538461538461539,0
17688,286.5,2,143.25,108,0.5,19,10,3,0.15,0
17689,317.08,2,158.54,300,0.0,17,13,1,0.18181818181818182,1
17690,6931.45,21,330.06904761904764,2916,0.047619047619047616,237,12,2,0.10614525139664804,0
17691,627.35,5,125.47,303,0.2,37,11,4,0.1590909090909091,0
17692,2962.4,14,211.6,2330,0.14285714285714285,90,13,0,0.13414634146341464,0
17693,187.02,3,62.34,229,0.6666666666666666,16,15,0,0.2777777777777778,0
17694,1695.97,3,565.3233333333334,1493,0.0,54,8,2,0.13580246913580246,0
17695,1720.54,6,286.75666666666666,1803,0.16666666666666666,46,12,3,0.12903225806451613,0
17696,7380.89,48,153.76854166666666,5749,0.4375,192,15,3,0.1175,0
17697,338.95,1,338.95,93,0.0,19,15,6,0.10526315789473684,0
17698,154.95,1,154.95,93,0.0,8,11,3,0.125,0
17699,442.0,2,221.0,208,0.0,17,9,4,0.2631578947368421,1
17700,6640.72,17,390.6305882352941,3462,0.17647058823529413,259,11,1,0.1232876712328767,1
17701,417.95,1,417.95,109,0.0,24,12,4,0.041666666666666664,0
17702,2999.94,9,333.32666666666665,2115,0.3333333333333333,120,12,3,0.09815950920245399,0
17703,1094.84,4,273.71,897,0.0,63,15,6,0.11538461538461539,0
17704,885.19,2,442.595,343,0.0,27,9,3,0.0967741935483871,0
17705,2041.5,12,170.125,1295,0.08333333333333333,74,15,2,0.152,1
17706,19063.47,43,443.336511627907,7623,0.27906976744186046,413,12,3,0.13971539456662355,0
17707,605.0500000000001,9,67.22777777777779,545,0.1111111111111111,10,15,6,0.04,0
17708,884.1800000000001,4,221.04500000000002,387,0.0,57,10,1,0.136986301369863,0
17709,671.01,5,134.202,295,0.0,37,14,3,0.125,1
17710,293.5,1,293.5,158,0.0,20,7,1,0.2,1
17711,385.1,2,192.55,246,0.0,22,11,2,0.13043478260869565,0
17712,522.91,1,522.91,215,0.0,29,12,2,0.13793103448275862,0
17713,1198.09,4,299.5225,989,0.0,55,9,2,0.15789473684210525,0
17714,1376.58,9,152.95333333333332,590,0.4444444444444444,69,10,2,0.11764705882352941,0
17715,489.59999999999997,2,244.79999999999998,576,0.0,1,12,0,0.0,0
17716,15671.32,27,580.4192592592592,8704,0.1111111111111111,335,11,3,0.11563517915309446,0
17717,376.92,1,376.92,344,0.0,26,12,3,0.11538461538461539,0
17718,386.98,3,128.99333333333334,238,0.3333333333333333,22,8,4,0.125,1
17719,5367.8,18,298.2111111111111,2455,0.16666666666666666,111,12,2,0.07913669064748201,0
17720,2613.06,12,217.755,1584,0.16666666666666666,81,9,3,0.1037037037037037,0
17721,307.21000000000004,1,307.21000000000004,107,0.0,11,15,3,0.09090909090909091,1
17722,3476.82,7,496.68857142857144,2389,0.2857142857142857,163,12,2,0.1787709497206704,1
17723,3378.4000000000005,7,482.6285714285715,912,0.0,6,10,0,0.08333333333333333,1
17724,995.6500000000001,4,248.91250000000002,289,0.25,38,15,3,0.13333333333333333,1
17725,3371.13,14,240.79500000000002,2141,0.21428571428571427,115,12,2,0.14646464646464646,0
17726,1089.56,8,136.195,442,0.125,52,12,1,0.07692307692307693,0
17727,1042.55,2,521.275,639,0.5,66,17,3,0.13432835820895522,0
17728,3861.13,8,482.64125,2137,0.375,197,8,2,0.11155378486055777,1
17729,438.65000000000003,1,438.65000000000003,247,0.0,23,15,3,0.13043478260869565,1
17730,7757.35,23,337.27608695652174,5283,0.13043478260869565,178,11,1,0.10725552050473186,0
17731,1347.08,7,192.44,606,0.14285714285714285,82,15,2,0.05217391304347826,0
17732,2144.17,10,214.417,1052,0.2,90,9,2,0.144,1
17733,692.19,2,346.095,463,0.0,33,8,1,0.05714285714285714,0
17734,1442.32,6,240.38666666666666,741,0.0,76,10,1,0.12790697674418605,0
17735,16707.98,29,576.1372413793104,10654,0.10344827586206896,391,10,3,0.12514220705346984,1
17736,337.49,4,84.3725,237,0.25,24,14,3,0.15384615384615385,0
17737,168.24,2,84.12,108,0.0,8,14,2,0.2,0
17738,4145.36,15,276.3573333333333,2768,0.13333333333333333,173,16,4,0.1459227467811159,0
17739,7718.14,20,385.90700000000004,2327,0.1,56,8,3,0.1118421052631579,1
17740,426.9,6,71.14999999999999,222,0.0,5,13,0,0.3333333333333333,0
17741,101.1,2,50.55,114,0.0,6,11,4,0.0,0
17742,2098.48,11,190.7709090909091,653,0.0,52,10,1,0.10588235294117647,1
17743,208.85,2,104.425,83,0.5,3,14,4,0.0,1
17744,2617.82,8,327.2275,3790,0.125,122,12,1,0.1118421052631579,0
17745,600.34,2,300.17,164,0.0,27,9,2,0.14285714285714285,1
17746,873.4300000000001,7,124.7757142857143,659,0.42857142857142855,32,13,2,0.1,0
17747,64.65,2,32.325,11,0.5,1,8,2,0.0,0
17748,358.15,1,358.15,111,0.0,17,13,2,0.11764705882352941,1
17749,1026.18,3,342.06,446,0.0,52,13,0,0.12280701754385964,0
17750,1682.4,9,186.93333333333334,3668,0.0,101,15,4,0.11797752808988764,0
17751,152.91,1,152.91,144,0.0,31,13,3,0.0967741935483871,0
17752,80.64,1,80.64,192,0.0,1,16,2,1.0,1
17753,349.51,5,69.902,115,0.2,63,13,1,0.1791044776119403,0
17754,4312.61,16,269.538125,4248,0.1875,185,16,4,0.12385321100917432,0
17755,-72.23,1,-72.23,-30,1.0,10,15,0,0.1,0
17756,715.23,3,238.41,391,0.0,54,12,0,0.13253012048192772,0
17757,8928.84,60,148.814,4930,0.06666666666666667,362,16,0,0.10898965791567224,0
17758,4914.74,12,409.56166666666667,3179,0.0,403,15,6,0.12934362934362933,1
17759,1195.88,5,239.17600000000002,907,0.0,114,16,1,0.1111111111111111,0
17760,739.14,7,105.59142857142857,530,0.14285714285714285,58,11,1,0.11764705882352941,0
17761,712.78,1,712.78,398,0.0,19,10,0,0.2631578947368421,0
17762,126.0,1,126.0,128,0.0,16,17,3,0.1875,0
17763,51.15,5,10.23,27,0.2,11,13,2,0.1,1
17764,1500.8700000000001,5,300.17400000000004,668,0.0,126,11,3,0.0958904109589041,1
17765,479.78000000000003,4,119.94500000000001,176,0.0,71,12,4,0.1891891891891892,0
17766,296.19,2,148.095,146,0.0,21,14,1,0.047619047619047616,0
17767,413.05,2,206.525,198,0.0,35,14,3,0.10256410256410256,0
17768,3039.78,8,379.9725,2248,0.125,134,13,6,0.10404624277456648,0
17769,6860.97,21,326.71285714285716,3058,0.19047619047619047,331,12,6,0.12521440823327615,0
17770,1143.27,5,228.654,365,0.0,33,13,2,0.13157894736842105,1
17771,382.79,4,95.6975,370,0.0,63,11,4,0.16417910447761194,1
17772,353.25,3,117.75,111,0.0,94,11,1,0.1368421052631579,0
17773,481.71999999999997,2,240.85999999999999,213,0.0,48,14,1,0.0625,0
17774,2854.43,13,219.57153846153844,1550,0.3076923076923077,286,12,0,0.09462915601023018,1
17775,56.4,1,56.4,72,0.0,3,10,2,0.0,0
17776,315.81,3,105.27,259,0.3333333333333333,74,14,2,0.12658227848101267,0
17777,630.57,3,210.19000000000003,486,0.0,141,14,2,0.13043478260869565,0
17778,197.70000000000002,1,197.70000000000002,214,0.0,10,12,1,0.0,0
17779,631.52,5,126.304,391,0.4,73,12,1,0.14814814814814814,0
17780,334.66,3,111.55333333333334,154,0.0,76,13,2,0.07692307692307693,0
17781,188.02,2,94.01,34,0.0,12,16,6,0.3333333333333333,0
17782,679.02,2,339.51,538,0.0,29,10,0,0.20689655172413793,0
17783,376.96,3,125.65333333333332,438,0.0,91,16,2,0.14285714285714285,1
17784,95.46,1,95.46,64,0.0,19,16,0,0.15789473684210525,0
17785,403.38,3,134.46,227,0.0,48,13,0,0.13725490196078433,0
17786,254.71,2,127.355,183,0.0,57,12,3,0.12903225806451613,0
17787,1790.54,4,447.635,892,0.0,94,11,3,0.14173228346456693,0
17788,1117.9,2,558.95,211,0.0,3,10,1,0.0,1
17789,388.45,2,194.225,195,0.0,27,13,3,0.14814814814814814,0
17790,2744.26,20,137.21300000000002,1366,0.0,188,11,6,0.10508474576271186,0
17791,106.1,1,106.1,46,0.0,10,12,3,0.0,0
17792,366.28000000000003,2,183.14000000000001,147,0.0,45,14,6,0.1,0
17793,290.27,1,290.27,220,0.0,49,14,0,0.08163265306122448,0
17794,147.3,2,73.65,46,0.0,7,12,2,0.14285714285714285,0
17795,337.63,2,168.815,297,0.0,43,12,0,0.11363636363636363,0
17796,1229.34,7,175.61999999999998,345,0.0,149,12,6,0.10945273631840796,0
17797,1936.27,8,242.03375,1072,0.0,222,14,3,0.10150375939849623,1
17798,153.83,1,153.83,124,0.0,43,11,4,0.09302325581395349,0
17799,5933.29,23,257.9691304347826,3537,0.13043478260869565,478,14,3,0.12929061784897025,0
17800,1174.71,9,130.52333333333334,725,0.0,51,13,4,0.2,1
17801,751.5,4,187.875,795,0.25,67,11,6,0.17721518987341772,0
17802,4760.29,16,297.518125,2642,0.375,285,14,6,0.1425891181988743,0
17803,184.66,1,184.66,98,0.0,27,13,4,0.037037037037037035,0
17804,376.73,4,94.1825,190,0.25,83,12,1,0.10989010989010989,0
17805,927.03,2,463.515,1126,0.0,10,11,1,0.0,1
17806,546.04,1,546.04,727,0.0,43,14,0,0.0,1
17807,437.87,3,145.95666666666668,262,0.0,88,14,0,0.0898876404494382,0
17808,262.64,4,65.66,143,0.0,29,16,4,0.06060606060606061,0
17809,9247.35,24,385.30625000000003,2951,0.16666666666666666,60,15,4,0.09803921568627451,0
17810,324.56,3,108.18666666666667,110,0.3333333333333333,51,10,0,0.1111111111111111,0
17811,9176.04,60,152.93400000000003,5127,0.21666666666666667,538,10,0,0.1147396293027361,0
17812,846.61,7,120.94428571428571,403,0.0,162,13,6,0.1111111111111111,0
17813,1603.09,7,229.01285714285714,701,0.2857142857142857,297,16,3,0.125,0
17814,1481.92,2,740.96,1365,0.0,112,14,0,0.0859375,0
17815,591.96,1,591.96,612,0.0,13,14,3,0.15384615384615385,0
17816,96.11,6,16.018333333333334,80,0.0,41,13,4,0.06666666666666667,0
17817,739.07,7,105.58142857142857,331,0.14285714285714285,115,17,2,0.11811023622047244,1
17818,124.78,1,124.78,86,0.0,42,11,2,0.09523809523809523,0
17819,5977.25,13,459.78846153846155,1606,0.07692307692307693,66,11,2,0.13333333333333333,0
17820,148.57,3,49.52333333333333,93,0.6666666666666666,44,17,1,0.045454545454545456,0
17821,334.62,1,334.62,162,0.0,6,13,4,0.0,0
17822,2111.7799999999997,5,422.35599999999994,1315,0.0,152,13,4,0.08125,1
17823,433.5,2,216.75,245,0.0,88,16,3,0.07216494845360824,0
17824,298.4,1,298.4,408,0.0,13,14,2,0.15384615384615385,0
17825,671.96,4,167.99,492,0.0,24,12,0,0.11538461538461539,0
17826,133.34,1,133.34,84,0.0,33,13,1,0.09090909090909091,1
17827,2346.2,7,335.1714285714285,1564,0.14285714285714285,240,11,6,0.1366906474820144,1
17828,1599.97,9,177.77444444444444,641,0.5555555555555556,54,8,2,0.0975609756097561,1
17829,4680.42,6,780.07,2937,0.16666666666666666,121,15,0,0.11046511627906977,1
17830,398.7,3,132.9,92,0.0,18,10,3,0.13043478260869565,0
17831,35.400000000000006,1,35.400000000000006,12,0.0,2,15,6,0.0,0
17832,155.37,1,155.37,208,0.0,61,11,4,0.22950819672131148,0
17833,319.91,1,319.91,132,0.0,28,13,2,0.10714285714285714,1
17834,685.9200000000001,2,342.96000000000004,638,0.0,54,15,0,0.12280701754385964,0
17835,342.24,3,114.08,344,0.0,45,11,2,0.11864406779661017,1
17836,102.71000000000001,1,102.71000000000001,82,0.0,23,16,6,0.043478260869565216,1
17837,1485.98,10,148.598,504,0.2,110,16,2,0.13496932515337423,0
17838,5064.49,15,337.63266666666664,3024,0.13333333333333333,141,15,6,0.1044776119402985,0
17839,295.35,1,295.35,241,0.0,50,17,4,0.12,0
17840,158.67,1,158.67,117,0.0,44,12,2,0.13636363636363635,1
17841,65840.2,289,227.82076124567473,35192,0.2698961937716263,2121,12,0,0.11919780042050784,0
17842,430.69,1,430.69,89,0.0,18,14,4,0.0,1
17843,303.3,2,151.65,219,0.0,58,15,2,0.1206896551724138,0
17844,51.559999999999995,1,51.559999999999995,52,0.0,5,11,3,0.0,0
17845,596.09,4,149.0225,195,0.0,42,13,2,0.0851063829787234,0
17846,2033.1,1,2033.1,1,0.0,1,15,3,0.0,1
17847,129.69,2,64.845,29,0.0,9,12,3,0.1111111111111111,0
17848,3407.78,31,109.9283870967742,1321,0.03225806451612903,106,17,3,0.12345679012345678,0
17849,1063.76,8,132.97,224,0.0,24,11,0,0.14,1
17850,50463.12,159,317.3781132075472,20893,0.025157232704402517,104,11,0,0.12093576526566217,0
17851,1510.55,6,251.75833333333333,891,0.0,185,15,4,0.09691629955947137,0
17852,636.55,5,127.30999999999999,353,0.0,82,12,1,0.0673076923076923,0
17853,1570.89,3,523.63,621,0.0,84,11,4,0.14423076923076922,0
17854,1051.55,6,175.25833333333333,592,0.0,113,12,4,0.13043478260869565,0
17855,208.97,1,208.97,197,0.0,17,9,3,0.17647058823529413,0
17856,1393.79,6,232.29833333333332,826,0.3333333333333333,12,11,3,0.058823529411764705,0
17857,27231.34,26,1047.3592307692309,19736,0.07692307692307693,21,13,0,0.13793103448275862,0
17858,12420.3,32,388.134375,5377,0.0625,174,14,6,0.128686327077748,0
17859,141.92000000000002,1,141.92000000000002,102,0.0,23,10,1,0.17391304347826086,1
17860,691.79,4,172.9475,686,0.0,127,16,4,0.10897435897435898,0
17861,4933.69,22,224.25863636363636,4477,0.18181818181818182,331,13,1,0.09836065573770492,0
17862,1224.84,4,306.21,431,0.0,90,12,3,0.16842105263157894,1
17863,5360.48,12,446.70666666666665,4676,0.0,154,13,1,0.1568627450980392,0
17864,819.46,5,163.892,968,0.0,93,11,6,0.1322314049586777,0
17865,25451.09,62,410.5014516129032,12717,0.25806451612903225,391,14,2,0.125,0
17866,1131.0,4,282.75,534,0.25,20,12,3,0.14814814814814814,0
17867,805.4499999999999,20,40.272499999999994,300,0.25,121,14,2,0.13013698630136986,1
17868,227.15,1,227.15,85,0.0,18,18,3,0.05555555555555555,0
17869,807.74,7,115.39142857142858,489,0.0,72,12,4,0.0759493670886076,0
17870,2667.95,14,190.56785714285712,1645,0.07142857142857142,215,10,2,0.1297709923664122,1
17871,1011.5,5,202.3,640,0.0,64,12,6,0.11392405063291139,0
17872,235.87,1,235.87,176,0.0,15,12,1,0.2,0
17873,5900.110000000001,20,295.00550000000004,3496,0.1,65,14,3,0.10919540229885058,0
17874,658.26,7,94.03714285714285,209,0.14285714285714285,37,13,3,0.06382978723404255,0
17875,163.8,1,163.8,96,0.0,25,15,2,0.24,1
17876,3424.02,3,1141.34,1958,0.0,3,10,4,0.0,0
17877,237.61,1,237.61,98,0.0,12,13,2,0.08333333333333333,1
17878,1378.93,3,459.6433333333334,1014,0.0,82,13,1,0.13414634146341464,0
17879,178.51999999999998,1,178.51999999999998,45,0.0,6,12,6,0.16666666666666666,0
17880,824.9200000000001,3,274.97333333333336,466,0.0,43,10,4,0.24444444444444444,1
17881,133.35000000000002,1,133.35000000000002,32,0.0,8,17,1,0.0,1
17882,284.06,2,142.03,124,0.0,47,14,3,0.07692307692307693,0
17883,929.89,8,116.23625,463,0.125,155,14,4,0.11764705882352941,0
17884,2557.48,23,111.19478260869565,2695,0.13043478260869565,305,12,0,0.1318407960199005,1
17885,152.54,1,152.54,106,0.0,50,14,6,0.12,0
17886,1542.8,7,220.4,701,0.14285714285714285,139,10,1,0.0975609756097561,0
17887,111.35,1,111.35,30,0.0,10,17,1,0.0,0
17888,1252.8,31,40.41290322580645,838,0.1935483870967742,146,15,4,0.10945273631840796,0
17889,715.67,7,102.23857142857142,384,0.0,97,12,1,0.09821428571428571,1
17890,584.79,2,292.395,401,0.0,88,15,0,0.15555555555555556,0
17891,203.85999999999999,1,203.85999999999999,393,0.0,34,20,3,0.14705882352941177,0
17892,244.1,3,81.36666666666666,109,0.0,27,12,3,0.07142857142857142,1
17893,107.21,1,107.21,149,0.0,15,13,3,0.06666666666666667,0
17894,2214.96,20,110.748,886,0.1,215,10,2,0.11274509803921569,0
17895,95.45,1,95.45,127,0.0,15,17,2,0.13333333333333333,1
17896,256.32,1,256.32,288,0.0,2,13,2,0.0,0
17897,2022.29,10,202.22899999999998,831,0.1,211,11,2,0.10483870967741936,0
17898,299.18,4,74.795,251,0.0,48,17,0,0.14,1
17899,148.35,1,148.35,166,0.0,29,14,6,0.034482758620689655,0
17900,15.0,4,3.75,1,0.5,4,14,3,0.09090909090909091,1
17901,260.08,3,86.69333333333333,38,0.0,22,17,3,0.045454545454545456,0
17902,216.39999999999998,1,216.39999999999998,526,0.0,24,12,4,0.16666666666666666,0
17903,378.59000000000003,1,378.59000000000003,140,0.0,44,15,2,0.11363636363636363,0
17904,165.82,2,82.91,56,0.5,33,12,4,0.11764705882352941,1
17905,2064.24,14,147.44571428571427,1152,0.07142857142857142,129,13,2,0.13793103448275862,1
17906,72.9,1,72.9,26,0.0,12,17,2,0.08333333333333333,0
17907,291.76,1,291.76,1046,0.0,13,12,1,0.23076923076923078,1
17908,1007.02,7,143.85999999999999,624,0.2857142857142857,178,12,0,0.09405940594059406,0
17909,110.05,1,110.05,35,0.0,8,13,2,0.125,0
17910,253.2,1,253.2,119,0.0,25,16,6,0.12,1
17911,366.23,1,366.23,223,0.0,39,14,2,0.07692307692307693,0
17912,357.5,7,51.07142857142857,210,0.14285714285714285,48,16,4,0.1346153846153846,1
17913,3259.63,14,232.8307142857143,1622,0.0,224,13,4,0.1412556053811659,0
17914,316.06,1,316.06,447,0.0,72,11,1,0.08333333333333333,1
17915,186.87,1,186.87,131,0.0,27,13,6,0.037037037037037035,0
17916,43.87,2,21.935,90,0.0,15,14,6,0.15789473684210525,0
17917,320.93,3,106.97666666666667,170,0.0,77,16,0,0.11363636363636363,1
17918,396.39,3,132.13,352,0.0,34,14,3,0.225,0
17919,1840.32,2,920.16,1452,0.0,37,13,0,0.075,0
17920,23166.74,56,413.69178571428574,12031,0.03571428571428571,715,11,6,0.11182108626198083,0
17921,2322.02,12,193.50166666666667,967,0.16666666666666666,230,18,3,0.11235955056179775,0
17922,170.4,1,170.4,49,0.0,8,16,0,0.25,0
17923,497.0,3,165.66666666666666,140,0.0,2,13,2,0.3333333333333333,0
17924,3203.48,14,228.82,1192,0.42857142857142855,27,10,0,0.07692307692307693,0
17925,244.08,1,244.08,72,0.0,1,10,3,0.0,0
17926,1035.49,5,207.098,572,0.0,27,14,4,0.11363636363636363,1
17927,294.0,1,294.0,108,0.0,10,11,4,0.2,0
17928,341.24,3,113.74666666666667,222,0.0,27,18,3,0.14814814814814814,0
17929,3073.6,13,236.43076923076922,433,0.07692307692307693,6,11,4,0.0,0
17930,4242.92,15,282.86133333333333,3770,0.13333333333333333,39,10,3,0.13333333333333333,0
17931,3206.81,18,178.1561111111111,1760,0.2222222222222222,275,12,1,0.10227272727272728,0
17932,1331.57,3,443.8566666666666,789,0.0,84,13,3,0.12222222222222222,0
17933,101.03999999999999,1,101.03999999999999,56,0.0,12,15,2,0.08333333333333333,0
17934,1049.15,3,349.7166666666667,628,0.0,36,12,2,0.14634146341463414,0
17935,654.99,8,81.87375,231,0.125,60,11,3,0.13846153846153847,0
17936,351.92,1,351.92,244,0.0,68,13,6,0.1323529411764706,0
17937,4301.22,7,614.46,1754,0.0,19,14,6,0.09302325581395349,1
17938,144.29,1,144.29,53,0.0,29,14,4,0.1724137931034483,0
17939,99.14,1,99.14,40,0.0,12,12,6,0.16666666666666666,1
17940,26873.62,22,1221.5281818181818,85142,0.2727272727272727,13,15,1,0.14634146341463414,0
17941,1433.28,4,358.32,1108,0.0,5,8,2,0.0,1
17942,77.50000000000001,1,77.50000000000001,38,0.0,2,10,4,0.5,0
17943,-165.03,1,-165.03,-3,1.0,1,11,4,1.0,1
17944,74.14,1,74.14,83,0.0,24,16,1,0.08333333333333333,1
17945,359.05,3,119.68333333333334,242,0.0,66,11,1,0.056338028169014086,1
17946,140.73,2,70.365,66,0.0,18,17,2,0.05555555555555555,0
17947,176.68,1,176.68,168,0.0,9,13,2,0.1111111111111111,0
17948,358.56000000000006,1,358.56000000000006,144,0.0,1,12,4,0.0,0
17949,97338.89,138,705.3542753623188,53914,0.14492753623188406,59,11,4,0.12921348314606743,0
17950,1088.88,8,136.11,619,0.125,133,15,2,0.09433962264150944,1
17951,1322.88,5,264.576,774,0.2,24,12,0,0.06896551724137931,0
17952,777.11,4,194.2775,472,0.0,85,11,2,0.10526315789473684,1
17953,159.17000000000002,1,159.17000000000002,98,0.0,20,15,3,0.1,0
17954,3679.94,26,141.53615384615384,3116,0.2692307692307692,483,12,2,0.0985352862849534,0
17955,949.9,6,158.31666666666666,681,0.0,16,12,2,0.045454545454545456,0
17956,12.75,1,12.75,1,0.0,1,13,0,0.0,1
17957,111.68,1,111.68,287,0.0,31,14,1,0.0967741935483871,0
17958,973.88,2,486.94,284,0.0,35,15,4,0.19444444444444445,0
17959,140.75,1,140.75,49,0.0,2,14,0,0.0,0
17960,135.08,3,45.02666666666667,60,0.0,37,14,1,0.16216216216216217,1
17961,2840.69,102,27.849901960784315,1485,0.0196078431372549,486,14,4,0.10158730158730159,0
17962,634.24,5,126.848,618,0.2,146,15,2,0.1404494382022472,0
17963,629.01,4,157.2525,334,0.0,98,15,4,0.1509433962264151,0
17964,423.27,2,211.635,271,0.0,84,10,1,0.10227272727272728,0
17965,6861.15,33,207.91363636363636,4317,0.12121212121212122,590,13,3,0.1329268292682927,0
17966,1963.92,10,196.392,3918,0.0,82,15,0,0.07079646017699115,0
17967,219.07,2,109.535,108,0.0,59,11,4,0.11666666666666667,0
17968,559.79,4,139.9475,326,0.0,106,12,2,0.16806722689075632,0
17969,2203.7400000000002,27,81.62,979,0.25925925925925924,113,13,6,0.08333333333333333,1
17970,534.59,1,534.59,477,0.0,27,20,3,0.037037037037037035,0
17971,161.94,1,161.94,62,0.0,21,14,2,0.14285714285714285,0
17972,135.19,1,135.19,36,0.0,30,12,1,0.16666666666666666,0
17973,337.04,1,337.04,176,0.0,15,10,2,0.13333333333333333,0
17974,1561.98,6,260.33,1094,0.0,279,12,2,0.13580246913580246,0
17975,6562.78,26,252.4146153846154,2150,0.07692307692307693,243,11,1,0.11279826464208242,0
17976,313.29,1,313.29,91,0.0,56,13,3,0.16071428571428573,1
17977,1431.86,3,477.28666666666663,1879,0.3333333333333333,94,14,3,0.125,1
17978,1158.04,4,289.51,1296,0.0,62,13,1,0.06060606060606061,1
17979,623.19,5,124.638,331,0.2,116,11,4,0.109375,0
17980,989.1700000000001,4,247.29250000000002,762,0.0,41,14,3,0.03508771929824561,0
17981,239.12,1,239.12,260,0.0,17,10,0,0.17647058823529413,1
17982,138.18,1,138.18,117,0.0,13,9,3,0.15384615384615385,0
17983,164.21,1,164.21,106,0.0,23,13,1,0.13043478260869565,0
17984,1057.7,5,211.54000000000002,870,0.0,209,15,6,0.1111111111111111,0
17985,622.35,1,622.35,141,0.0,20,14,3,0.1,1
17986,20.8,1,20.8,10,0.0,1,14,4,1.0,0
17987,791.97,6,131.995,759,0.16666666666666666,139,11,2,0.11538461538461539,1
17988,479.59,15,31.972666666666665,185,0.06666666666666667,115,13,0,0.16129032258064516,0
17989,200.28,1,200.28,297,0.0,26,13,3,0.07692307692307693,0
17990,1522.5700000000002,7,217.51000000000002,765,0.14285714285714285,40,11,2,0.20689655172413793,0
17991,300.3,3,100.10000000000001,93,0.0,37,12,1,0.2631578947368421,0
17992,223.92000000000002,1,223.92000000000002,113,0.0,49,13,0,0.061224489795918366,0
17993,225.99,1,225.99,108,0.0,60,14,3,0.1,0
17994,2213.7799999999997,14,158.12714285714284,2152,0.21428571428571427,227,10,1,0.1266233766233766,0
17995,495.48,3,165.16,263,0.0,28,17,2,0.10344827586206896,0
17996,474.03,3,158.01,577,0.0,63,11,4,0.09230769230769231,0
17997,1507.86,12,125.65499999999999,2056,0.3333333333333333,134,15,4,0.08522727272727272,1
17998,601.74,4,150.435,531,0.25,57,13,1,0.1016949152542373,1
17999,512.91,3,170.97,277,0.0,125,15,2,0.09230769230769231,0
18000,124.25,1,124.25,109,0.0,6,17,0,0.0,0
18001,890.14,6,148.35666666666665,860,0.0,120,11,2,0.08527131782945736,1
18002,244.37,4,61.0925,71,0.0,52,14,4,0.07547169811320754,1
18003,353.51,1,353.51,297,0.0,23,15,6,0.0,1
18004,139.52,1,139.52,63,0.0,32,13,6,0.09375,0
18005,222.72,2,111.36,83,0.0,52,11,1,0.09615384615384616,0
18006,949.11,4,237.2775,391,0.0,57,10,1,0.03278688524590164,0
18007,193.13,1,193.13,196,0.0,46,11,4,0.17391304347826086,0
18008,19687.0,23,855.9565217391304,7599,0.0,77,16,3,0.06451612903225806,0
18009,2057.05,14,146.93214285714288,630,0.42857142857142855,146,13,3,0.1092896174863388,0
18010,174.8,1,174.8,60,0.0,14,12,0,0.07142857142857142,1
18011,410.79,2,205.395,125,0.0,63,13,4,0.12698412698412698,1
18012,115.3,1,115.3,63,0.0,13,13,2,0.07692307692307693,1
18013,187.29,2,93.645,285,0.0,31,14,3,0.12903225806451613,0
18014,159.67,1,159.67,65,0.0,29,15,4,0.10344827586206896,1
18015,120.03,1,120.03,157,0.0,46,14,0,0.06521739130434782,0
18016,1954.56,7,279.22285714285715,1207,0.0,115,14,0,0.1301775147928994,1
18017,688.0,4,172.0,400,0.0,1,15,0,0.0,0
18018,158.29,5,31.657999999999998,76,0.2,43,17,1,0.10869565217391304,0
18019,38.45,1,38.45,7,0.0,5,12,2,0.2,0
18020,129.28,2,64.64,43,0.5,12,12,0,0.14285714285714285,0
18021,216.41,2,108.205,168,0.0,32,10,6,0.0625,0
18022,1298.17,5,259.634,1156,0.0,306,12,4,0.0975609756097561,1
18023,-3248.86,1,-3248.86,-1,1.0,1,15,3,0.0,1
18024,236.77999999999997,3,78.92666666666666,148,0.3333333333333333,21,12,6,0.09090909090909091,0
18025,1172.6200000000001,6,195.4366666666667,1047,0.0,83,17,1,0.11711711711711711,0
18026,1877.45,2,938.725,472,0.0,12,16,3,0.3125,0
18027,115.31,1,115.31,78,0.0,21,10,4,0.23809523809523808,0
18028,192.05,1,192.05,133,0.0,4,13,2,0.25,1
18029,433.77,1,433.77,253,0.0,18,15,6,0.2222222222222222,0
18030,220.7,3,73.56666666666666,66,0.3333333333333333,8,13,0,0.1,0
18031,397.98,1,397.98,244,0.0,49,11,4,0.08163265306122448,0
18032,73.5,1,73.5,42,0.0,5,15,6,0.0,1
18033,92.17,1,92.17,251,0.0,32,17,2,0.03125,0
18034,699.75,3,233.25,843,0.0,182,12,4,0.0784313725490196,1
18035,1184.7,5,236.94,1072,0.0,52,17,4,0.16981132075471697,1
18036,1526.03,11,138.73,729,0.0,221,14,4,0.09404388714733543,1
18037,167.42,15,11.161333333333333,37,0.0,31,16,3,0.06060606060606061,0
18038,138.22,1,138.22,76,0.0,25,15,1,0.04,0
18039,540.07,4,135.0175,550,0.0,137,13,1,0.11612903225806452,0
18040,357.20000000000005,2,178.60000000000002,148,0.0,18,8,4,0.21052631578947367,0
18041,7811.72,40,195.293,6930,0.05,465,12,3,0.11533742331288344,0
18042,281.15,2,140.575,69,0.0,13,10,2,0.3125,1
18043,511.09,3,170.36333333333332,257,0.0,106,12,2,0.12727272727272726,0
18044,3502.66,19,184.35052631578947,1597,0.05263157894736842,128,11,1,0.18407960199004975,0
18045,178.34,1,178.34,138,0.0,43,13,1,0.06976744186046512,1
18046,189.63,1,189.63,44,0.0,26,11,6,0.19230769230769232,0
18047,304.85,2,152.425,114,0.0,74,12,1,0.2,0
18048,389.03000000000003,3,129.67666666666668,254,0.0,56,13,1,0.08620689655172414,0
18049,490.56,2,245.28,394,0.0,82,13,2,0.14634146341463414,0
18050,412.06,2,206.03,250,0.0,22,15,3,0.08695652173913043,0
18051,2275.98,8,284.4975,1657,0.125,41,13,0,0.1206896551724138,0
18052,10877.18,1,10877.18,17766,0.0,16,11,0,0.0625,1
18053,527.77,6,87.96166666666666,402,0.5,30,9,4,0.2571428571428571,1
18054,176.5,1,176.5,96,0.0,11,8,4,0.18181818181818182,1
18055,10049.59,15,669.9726666666667,3507,0.06666666666666667,320,12,4,0.12218045112781954,1
18056,539.75,3,179.91666666666666,331,0.3333333333333333,28,14,3,0.12903225806451613,0
18057,1136.59,3,378.8633333333333,920,0.0,121,14,2,0.0873015873015873,0
18058,774.06,3,258.02,394,0.0,12,9,2,0.0625,1
18059,296.71,4,74.1775,258,0.25,17,14,2,0.14285714285714285,1
18060,1185.46,2,592.73,902,0.0,74,16,2,0.09333333333333334,1
18061,6075.31,29,209.49344827586208,3358,0.034482758620689655,30,12,4,0.0975609756097561,0
18062,1523.3700000000001,9,169.26333333333335,817,0.3333333333333333,46,8,2,0.03508771929824561,0
18063,186.60000000000002,2,93.30000000000001,48,0.0,2,10,6,0.6666666666666666,1
18064,4369.48,15,291.29866666666663,2605,0.26666666666666666,53,13,6,0.04477611940298507,0
18065,5836.88,32,182.4025,2258,0.09375,193,12,2,0.08917197452229299,0
18066,1440.4,3,480.1333333333334,535,0.0,37,11,2,0.20754716981132076,1
18067,375.93,1,375.93,165,0.0,36,15,6,0.16666666666666666,1
18068,101.69999999999999,1,101.69999999999999,6,0.0,1,14,2,0.0,0
18069,4391.84,13,337.83384615384614,3111,0.15384615384615385,602,16,6,0.11377870563674322,0
18070,307.75,2,153.875,85,0.5,10,13,0,0.0,0
18071,1169.68,6,194.9466666666667,678,0.0,52,10,2,0.11267605633802817,0
18072,9.359999999999994,2,4.679999999999997,47,0.5,20,10,1,0.14285714285714285,0
18073,3694.1000000000004,13,284.1615384615385,2948,0.07692307692307693,23,14,2,0.10810810810810811,0
18074,1019.44,2,509.72,361,0.0,37,10,3,0.11627906976744186,0
18075,5579.91,31,179.99709677419355,3219,0.3548387096774194,180,10,2,0.12285714285714286,1
18076,151.49,1,151.49,164,0.0,8,14,2,0.375,0
18077,4048.04,18,224.89111111111112,3001,0.0,141,11,6,0.10285714285714286,1
18078,720.4300000000001,4,180.10750000000002,368,0.0,65,15,6,0.09722222222222222,0
18079,4071.21,5,814.242,8414,0.0,107,15,4,0.13533834586466165,1
18080,1231.5,2,615.75,642,0.0,2,8,0,0.0,0
18081,343.45,3,114.48333333333333,195,0.0,14,11,4,0.11764705882352941,0
18082,606.47,1,606.47,570,0.0,62,12,0,0.06451612903225806,0
18083,415.23,1,415.23,205,0.0,36,11,6,0.19444444444444445,1
18084,176.02999999999997,5,35.205999999999996,329,0.4,8,15,1,0.1,1
18085,1341.8500000000001,4,335.46250000000003,507,0.0,42,15,3,0.16129032258064516,1
18086,101.34,1,101.34,106,0.0,7,13,3,0.14285714285714285,0
18087,14411.619999999999,21,686.267619047619,7428,0.19047619047619047,44,9,0,0.12631578947368421,1
18088,164.18,1,164.18,104,0.0,35,13,6,0.17142857142857143,0
18089,398.6,1,398.6,92,0.0,9,11,6,0.1111111111111111,0
18090,294.05,1,294.05,288,0.0,47,12,3,0.0851063829787234,0
18091,360.85,1,360.85,539,0.0,25,13,6,0.08,0
18092,14687.47,20,734.3734999999999,8295,0.1,42,12,2,0.06338028169014084,1
18093,4429.61,9,492.1788888888889,3418,0.1111111111111111,43,12,3,0.14285714285714285,1
18094,6322.62,15,421.508,4128,0.13333333333333333,56,14,6,0.0916030534351145,1
18095,2303.09,5,460.61800000000005,1623,0.0,37,12,0,0.16666666666666666,0
18096,1466.97,6,244.495,1268,0.0,299,13,3,0.09195402298850575,1
18097,4616.77,14,329.76928571428573,2711,0.21428571428571427,86,13,4,0.14465408805031446,1
18098,522.94,1,522.94,211,0.0,85,16,0,0.10588235294117647,0
18099,168.31,1,168.31,149,0.0,19,15,3,0.0,0
18100,451.56,1,451.56,440,0.0,30,14,0,0.16666666666666666,1
18101,614.46,5,122.89200000000001,240,0.0,89,13,2,0.09433962264150944,0
18102,570380.61,153,3727.9778431372547,180415,0.05228758169934641,384,11,1,0.09142857142857143,1
18103,105.8,1,105.8,23,0.0,10,13,1,0.1,0
18104,754.64,1,754.64,362,0.0,38,14,2,0.13157894736842105,1
18105,113.48000000000002,1,113.48000000000002,46,0.0,18,12,2,0.1111111111111111,0
18106,1353.76,6,225.62666666666667,472,0.0,126,11,4,0.0967741935483871,0
18107,165.88,1,165.88,65,0.0,38,13,3,0.18421052631578946,0
18108,842.46,4,210.615,259,0.25,43,12,2,0.12244897959183673,0
18109,9325.46,45,207.2324444444444,4776,0.15555555555555556,203,12,3,0.1339421613394216,0
18110,286.18,3,95.39333333333333,131,0.3333333333333333,58,12,6,0.12307692307692308,0
18111,398.9,2,199.45,228,0.5,27,12,3,0.16666666666666666,0
18112,770.86,4,192.715,441,0.0,59,13,6,0.03278688524590164,0
18113,76.32000000000001,1,76.32000000000001,72,0.0,1,12,0,0.0,0
18114,220.1,1,220.1,55,0.0,28,13,1,0.17857142857142858,0
18115,9.700000000000001,1,9.700000000000001,3,0.0,3,11,0,0.0,0
18116,2129.06,13,163.77384615384614,1256,0.0,311,13,6,0.12678571428571428,0
18117,299.47,1,299.47,573,0.0,68,12,0,0.058823529411764705,1
18118,6102.82,35,174.3662857142857,3140,0.17142857142857143,444,12,4,0.11673699015471167,0
18119,180.7,1,180.7,124,0.0,29,11,1,0.06896551724137931,0
18120,111.15,1,111.15,31,0.0,17,13,0,0.058823529411764705,1
18121,645.8,2,322.9,432,0.0,28,12,4,0.1,0
18122,1702.58,6,283.7633333333333,1181,0.0,239,13,3,0.14705882352941177,0
18123,666.64,3,222.21333333333334,616,0.0,53,12,1,0.03571428571428571,1
18124,102.65,1,102.65,47,0.0,20,17,1,0.15,0
18125,1117.85,5,223.57,788,0.2,164,15,3,0.14893617021276595,0
18126,200.92000000000002,1,200.92000000000002,135,0.0,52,12,0,0.11538461538461539,0
18127,548.98,4,137.245,241,0.0,56,12,6,0.109375,0
18128,399.29,1,399.29,216,0.0,42,13,6,0.09523809523809523,1
18129,103.7,1,103.7,45,0.0,13,14,6,0.07692307692307693,1
18130,1045.74,4,261.435,817,0.25,58,9,3,0.22535211267605634,0
18131,222.95999999999998,1,222.95999999999998,552,0.0,4,8,3,0.0,1
18132,218.64,1,218.64,209,0.0,60,16,4,0.15,0
18133,715.4999999999999,2,357.74999999999994,0,0.5,2,14,2,0.0,1
18134,445.0,2,222.5,128,0.0,27,11,3,0.07142857142857142,1
18135,1227.5700000000002,13,94.42846153846155,748,0.23076923076923078,23,14,0,0.28205128205128205,0
18136,1531.71,9,170.19,837,0.4444444444444444,77,15,1,0.13829787234042554,0
18137,138.09,2,69.045,55,0.0,26,13,6,0.14814814814814814,1
18138,152.65,1,152.65,38,0.0,8,14,3,0.125,0
18139,8413.38,8,1051.6725,5497,0.25,36,14,0,0.14285714285714285,0
18140,526.77,1,526.77,379,0.0,49,11,0,0.08163265306122448,0
18141,838.57,4,209.6425,420,0.5,38,15,3,0.18181818181818182,0
18142,1014.9,4,253.725,1273,0.5,9,12,6,0.05555555555555555,0
18143,1000.16,2,500.08,570,0.0,59,12,0,0.14754098360655737,1
18144,4892.95,19,257.5236842105263,2144,0.0,51,14,2,0.10714285714285714,1
18145,5570.86,12,464.2383333333333,5083,0.08333333333333333,250,12,1,0.12280701754385964,0
18146,160.35000000000002,2,80.17500000000001,153,0.0,10,12,4,0.0,0
18147,179.33999999999997,2,89.66999999999999,203,0.0,7,12,1,0.0,0
18148,110.30000000000001,1,110.30000000000001,60,0.0,9,11,2,0.1111111111111111,0
18149,1533.31,7,219.0442857142857,860,0.0,54,12,6,0.10227272727272728,1
18150,566.58,3,188.86,332,0.0,29,10,6,0.05405405405405406,0
18151,1853.94,7,264.84857142857146,980,0.14285714285714285,99,10,3,0.08411214953271028,1
18152,426.69,1,426.69,75,0.0,10,15,2,0.2,0
18153,246.22,1,246.22,200,0.0,17,15,3,0.17647058823529413,1
18154,932.6,5,186.52,626,0.0,34,9,4,0.0851063829787234,0
18155,347.82,4,86.955,258,0.25,19,11,0,0.07142857142857142,0
18156,651.94,2,325.97,275,0.0,100,12,6,0.1016949152542373,1
18157,213.9,1,213.9,145,0.0,25,14,0,0.2,0
18158,451.75,3,150.58333333333334,353,0.3333333333333333,24,9,0,0.14285714285714285,1
18159,530.15,1,530.15,139,0.0,23,14,4,0.21739130434782608,1
18160,1003.88,3,334.62666666666667,519,0.0,56,16,3,0.1076923076923077,0
18161,1797.2,7,256.74285714285713,963,0.14285714285714285,57,16,3,0.14893617021276595,0
18162,370.26,1,370.26,331,0.0,45,13,0,0.1111111111111111,0
18163,639.34,2,319.67,430,0.5,33,14,1,0.05263157894736842,0
18164,394.7,2,197.35,183,0.5,24,12,2,0.04,1
18165,302.46000000000004,1,302.46000000000004,254,0.0,10,13,2,0.0,0
18166,175.5,1,175.5,90,0.0,10,12,4,0.0,1
18167,1355.51,6,225.91833333333332,359,0.5,25,15,4,0.09302325581395349,1
18168,3257.6,22,148.07272727272726,1914,0.2727272727272727,209,18,3,0.14588859416445624,0
18169,202.65,1,202.65,61,0.0,9,12,0,0.0,1
18170,2878.0,9,319.77777777777777,1184,0.0,59,14,4,0.07142857142857142,1
18171,2414.51,11,219.50090909090912,987,0.18181818181818182,76,9,3,0.1702127659574468,0
18172,17289.23,63,274.4322222222222,7377,0.1746031746031746,176,12,3,0.12830957230142567,0
18173,2696.36,5,539.272,1730,0.0,34,11,1,0.13333333333333333,0
18174,162.5,2,81.25,80,0.0,1,12,3,0.5,0
18175,176.1,1,176.1,70,0.0,7,10,1,0.2857142857142857,0
18176,448.65,2,224.325,279,0.5,30,15,3,0.15151515151515152,0
18177,2189.07,10,218.907,1233,0.1,66,15,1,0.16,0
18178,6054.49,15,403.63266666666664,3841,0.26666666666666666,204,11,3,0.1016949152542373,0
18179,2547.55,8,318.44375,1811,0.0,101,14,0,0.1651376146788991,0
18180,1843.75,6,307.2916666666667,1721,0.0,108,8,1,0.13445378151260504,0
18181,1140.16,7,162.88000000000002,500,0.2857142857142857,139,15,1,0.12921348314606743,0
18182,291.13,1,291.13,167,0.0,10,14,3,0.3,0
18183,600.52,6,100.08666666666666,362,0.6666666666666666,36,10,3,0.06818181818181818,1
18184,49.8,1,49.8,60,0.0,1,15,3,0.0,0
18185,304.25,1,304.25,183,0.0,17,13,0,0.058823529411764705,1
18186,329.58,1,329.58,338,0.0,11,10,3,0.18181818181818182,1
18187,682.19,3,227.39666666666668,304,0.6666666666666666,48,9,3,0.09259259259259259,1
18188,3263.19,8,407.89875,1884,0.25,95,12,4,0.1111111111111111,1
18189,1396.58,5,279.316,833,0.4,79,9,3,0.1590909090909091,0
18190,735.6700000000001,6,122.61166666666668,489,0.16666666666666666,34,12,1,0.11627906976744186,0
18191,529.4,2,264.7,332,0.0,15,17,3,0.06666666666666667,0
18192,957.97,1,957.97,339,0.0,45,9,3,0.1111111111111111,0
18193,1176.55,5,235.31,922,0.4,66,13,3,0.08333333333333333,0
18194,4084.2000000000003,7,583.4571428571429,1590,0.14285714285714285,23,13,3,0.1,0
18195,101.16,1,101.16,60,0.0,5,15,2,0.0,0
18196,1426.79,4,356.6975,1017,0.0,210,16,2,0.12962962962962962,0
18197,221.4,2,110.7,162,0.5,9,10,3,0.2727272727272727,0
18198,5053.360000000001,21,240.6361904761905,3833,0.19047619047619047,81,14,3,0.13333333333333333,0
18199,342.2,2,171.1,98,0.5,20,11,0,0.14285714285714285,0
18200,148.69,1,148.69,102,0.0,29,18,3,0.20689655172413793,0
18201,447.53000000000003,1,447.53000000000003,191,0.0,27,8,3,0.14814814814814814,0
18202,1396.99,3,465.66333333333336,581,0.0,55,12,1,0.1323529411764706,1
18203,492.52,4,123.13,111,0.0,40,13,1,0.13559322033898305,0
18204,1873.14,4,468.285,1154,0.25,159,15,1,0.10638297872340426,0
18205,517.36,2,258.68,192,0.0,30,13,3,0.09375,1
18206,314.65999999999997,1,314.65999999999997,246,0.0,19,13,4,0.21052631578947367,0
18207,505.12,3,168.37333333333333,300,0.6666666666666666,31,14,2,0.20588235294117646,0
18208,360.08,1,360.08,82,0.0,17,11,6,0.11764705882352941,0
18209,139.10000000000002,1,139.10000000000002,58,0.0,8,12,4,0.25,0
18210,2768.83,7,395.54714285714283,1499,0.0,116,15,2,0.11805555555555555,0
18211,600.07,5,120.01400000000001,359,0.0,37,13,3,0.14285714285714285,0
18212,507.22,2,253.61,151,0.0,40,16,0,0.09523809523809523,1
18213,232.48000000000002,1,232.48000000000002,232,0.0,15,10,6,0.13333333333333333,0
18214,1461.94,5,292.38800000000003,780,0.2,38,17,1,0.1206896551724138,1
18215,2223.9900000000002,6,370.665,1130,0.16666666666666666,53,16,4,0.12222222222222222,1
18216,481.75,1,481.75,200,0.0,26,16,1,0.15384615384615385,0
18217,902.8,6,150.46666666666667,710,0.3333333333333333,33,10,3,0.11363636363636363,0
18218,1086.1399999999999,6,181.0233333333333,990,0.3333333333333333,25,12,3,0.024390243902439025,1
18219,3297.2000000000003,19,173.53684210526316,1582,0.10526315789473684,87,12,0,0.05699481865284974,0
18220,1871.41,11,170.12818181818182,1317,0.45454545454545453,17,11,3,0.0967741935483871,0
18221,1370.34,8,171.2925,984,0.25,71,14,3,0.06818181818181818,1
18222,443.0,1,443.0,335,0.0,19,10,3,0.15789473684210525,0
18223,13499.23,52,259.6005769230769,6461,0.5,197,11,3,0.10906298003072197,1
18224,158.95000000000002,1,158.95000000000002,69,0.0,10,10,0,0.1,1
18225,12612.23,34,370.9479411764706,7200,0.23529411764705882,266,15,4,0.10884353741496598,0
18226,11748.58,38,309.17315789473685,7830,0.3157894736842105,300,15,3,0.11948529411764706,1
18227,93.75,3,31.25,21,0.3333333333333333,6,12,4,0.2857142857142857,0
18228,769.2,3,256.40000000000003,236,0.3333333333333333,23,10,2,0.09375,0
18229,10150.51,28,362.5182142857143,3071,0.0,73,10,2,0.12935323383084577,0
18230,4197.46,12,349.78833333333336,1978,0.25,42,15,4,0.13286713286713286,0
18231,6626.3,30,220.87666666666667,2865,0.06666666666666667,218,14,2,0.0873015873015873,0
18232,582.47,5,116.494,299,0.2,31,8,1,0.1,1
18233,440.0,1,440.0,4,0.0,1,8,1,0.0,0
18234,179.6,1,179.6,80,0.0,30,11,6,0.2,0
18235,1796.48,3,598.8266666666667,1578,0.0,100,8,3,0.14423076923076922,1
18236,1795.3500000000001,12,149.6125,696,0.0,80,11,3,0.1326530612244898,1
18237,987.1,5,197.42000000000002,622,0.0,40,12,4,0.11475409836065574,0
18238,270.92,1,270.92,114,0.0,14,12,0,0.0,0
18239,1712.26,6,285.37666666666667,844,0.0,85,15,3,0.13541666666666666,1
18240,422.58,1,422.58,126,0.0,6,13,0,0.0,0
18241,2954.09,23,128.43869565217392,1465,0.08695652173913043,101,9,2,0.14285714285714285,0
18242,3605.21,8,450.65125,2021,0.0,113,13,2,0.05714285714285714,0
18243,515.78,1,515.78,221,0.0,26,14,3,0.2692307692307692,0
18244,568.64,2,284.32,856,0.0,19,11,1,0.10526315789473684,0
18245,6236.2300000000005,23,271.14043478260874,5078,0.13043478260869565,336,14,0,0.11447084233261338,0
18246,758.8199999999999,3,252.93999999999997,214,0.0,3,11,2,0.2,0
18247,721.43,6,120.23833333333333,305,0.5,28,9,3,0.0425531914893617,0
18248,783.02,4,195.755,501,0.5,39,13,0,0.061224489795918366,0
18249,95.34,1,95.34,128,0.0,8,15,1,0.125,0
18250,342.92,2,171.46,198,0.5,21,13,2,0.045454545454545456,0
18251,26278.86,9,2919.8733333333334,39639,0.0,87,12,1,0.14814814814814814,1
18252,1436.63,8,179.57875,915,0.125,125,12,3,0.10687022900763359,0
18253,317.88,1,317.88,128,0.0,7,12,6,0.2857142857142857,1
18254,267.9,1,267.9,188,0.0,16,14,4,0.0625,0
18255,303.15,2,151.575,201,0.0,16,16,3,0.2631578947368421,0
18256,60.599999999999994,2,30.299999999999997,110,0.5,10,8,2,0.14285714285714285,0
18257,4486.3,18,249.2388888888889,2324,0.3333333333333333,220,14,3,0.1289198606271777,1
18258,2040.97,8,255.12125,1973,0.25,30,11,6,0.09433962264150944,0
18259,3941.9,7,563.1285714285715,1274,0.0,51,16,3,0.12941176470588237,0
18260,9737.1,32,304.284375,5208,0.28125,212,10,1,0.12121212121212122,1
18261,324.24,2,162.12,146,0.0,19,9,0,0.19047619047619047,0
18262,577.54,3,192.51333333333332,552,0.0,40,13,4,0.11904761904761904,1
18263,1211.08,4,302.77,1467,0.25,59,10,3,0.14516129032258066,0
18264,603.25,1,603.25,241,0.0,36,10,3,0.08333333333333333,0
18265,801.51,2,400.755,311,0.0,44,15,0,0.17391304347826086,1
18266,251.1,1,251.1,138,0.0,14,15,4,0.2857142857142857,0
18267,252.87,2,126.435,131,0.5,18,8,4,0.15,0
18268,1451.22,8,181.4025,702,0.25,36,9,3,0.18309859154929578,0
18269,138.9,2,69.45,70,0.5,7,13,2,0.125,0
18270,400.35,4,100.0875,205,0.25,18,12,1,0.10526315789473684,0
18271,680.85,2,340.425,319,0.0,19,9,4,0.19047619047619047,1
18272,4347.33,11,395.21181818181816,2871,0.18181818181818182,145,12,3,0.1336206896551724,0
18273,357.0,4,89.25,140,0.0,1,11,2,0.0,0
18274,1.7763568394002505e-15,2,8.881784197001252e-16,0,0.5,11,10,1,0.09090909090909091,0
18275,741.85,2,370.925,417,0.0,19,15,0,0.10526315789473684,0
18276,1620.67,10,162.067,1239,0.4,81,10,3,0.13131313131313133,0
18277,1111.38,8,138.9225,444,0.375,54,15,1,0.029411764705882353,0
18278,414.20000000000005,2,207.10000000000002,140,0.0,22,12,6,0.20833333333333334,1
18279,231.33999999999997,1,231.33999999999997,630,0.0,13,14,3,0.23076923076923078,0
18280,472.45000000000005,3,157.48333333333335,192,0.3333333333333333,28,15,2,0.125,1
18281,201.14,2,100.57,146,0.0,17,10,1,0.058823529411764705,0
18282,176.6,3,58.86666666666667,98,0.3333333333333333,12,13,4,0.15384615384615385,0
18283,2589.44,22,117.70181818181818,1620,0.0,352,13,3,0.09281767955801105,0
18284,436.68,2,218.34,493,0.5,28,11,0,0.10344827586206896,1
18285,427.0,1,427.0,145,0.0,12,10,2,0.16666666666666666,0
18286,1188.43,3,396.1433333333334,592,0.3333333333333333,67,11,4,0.14285714285714285,1
18287,4138.29,8,517.28625,2987,0.125,121,10,0,0.12987012987012986,0
